{
    "root_group": {
        "checks": {},
        "name": "",
        "path": "",
        "id": "d41d8cd98f00b204e9800998ecf8427e",
        "groups": {}
    },
    "metrics": {
        "http_req_duration{expected_response:true}": {
            "p(90)": 7.6172017,
            "p(95)": 8.804472000000002,
            "avg": 4.525413901994023,
            "min": 0.325137,
            "med": 4.1896845,
            "max": 30.387569
        },
        "http_reqs": {
            "count": 2612604,
            "rate": 43541.21814520462
        },
        "http_req_blocked": {
            "avg": 0.00272940017162931,
            "min": 0.000972,
            "med": 0.002255,
            "max": 13.109558,
            "p(90)": 0.002986,
            "p(95)": 0.003326
        },
        "http_req_tls_handshaking": {
            "avg": 0,
            "min": 0,
            "med": 0,
            "max": 0,
            "p(90)": 0,
            "p(95)": 0
        },
        "http_req_receiving": {
            "p(90)": 0.3988477000000002,
            "p(95)": 0.756035,
            "avg": 0.1557387150053055,
            "min": 0.006393,
            "med": 0.024527,
            "max": 19.860434
        },
        "http_req_failed": {
            "fails": 2612604,
            "passes": 0,
            "value": 0
        },
        "vus": {
            "value": 200,
            "min": 200,
            "max": 200
        },
        "http_req_duration": {
            "med": 4.1896845,
            "max": 30.387569,
            "p(90)": 7.6172017,
            "p(95)": 8.804472000000002,
            "avg": 4.525413901994023,
            "min": 0.325137
        },
        "iteration_duration": {
            "max": 30.442974,
            "p(90)": 7.6752283000000014,
            "p(95)": 8.86503,
            "avg": 4.58093123911133,
            "min": 0.362077,
            "med": 4.244007
        },
        "http_req_sending": {
            "p(90)": 0.009217,
            "p(95)": 0.010069,
            "avg": 0.00967212052917087,
            "min": 0.002995,
            "med": 0.006993,
            "max": 14.872946
        },
        "vus_max": {
            "max": 200,
            "value": 200,
            "min": 200
        },
        "iterations": {
            "rate": 43541.21814520462,
            "count": 2612604
        },
        "data_received": {
            "count": 376214976,
            "rate": 6269935.412909466
        },
        "http_req_connecting": {
            "max": 1.324785,
            "p(90)": 0,
            "p(95)": 0,
            "avg": 0.00004397343761243571,
            "min": 0,
            "med": 0
        },
        "http_req_waiting": {
            "max": 30.35659,
            "p(90)": 7.394466000000002,
            "p(95)": 8.56343565,
            "avg": 4.360003066459334,
            "min": 0.293938,
            "med": 4.025051
        },
        "data_sent": {
            "count": 755042556,
            "rate": 12583412.043964136
        }
    }
}