{
    "metrics": {
        "http_req_tls_handshaking": {
            "p(90)": 0,
            "p(95)": 0,
            "avg": 0,
            "min": 0,
            "med": 0,
            "max": 0
        },
        "data_sent": {
            "count": 675061517,
            "rate": 11250363.734007372
        },
        "data_received": {
            "count": 336362832,
            "rate": 5605717.569886026
        },
        "http_req_blocked": {
            "avg": 0.0026498847367529476,
            "min": 0.000972,
            "med": 0.002245,
            "max": 13.750007,
            "p(90)": 0.002976,
            "p(95)": 0.003307
        },
        "http_req_receiving": {
            "max": 19.032502,
            "p(90)": 0.378829,
            "p(95)": 0.751037,
            "avg": 0.1591959912904513,
            "min": 0.006763,
            "med": 0.025088
        },
        "iteration_duration": {
            "min": 0.419156,
            "med": 4.742979,
            "max": 43.121483,
            "p(90)": 8.6583568,
            "p(95)": 9.990305599999996,
            "avg": 5.126371005141112
        },
        "vus_max": {
            "min": 200,
            "max": 200,
            "value": 200
        },
        "http_reqs": {
            "count": 2335853,
            "rate": 38928.59423531962
        },
        "http_req_failed": {
            "passes": 0,
            "fails": 2335853,
            "value": 0
        },
        "http_req_duration": {
            "med": 4.689357,
            "max": 42.924989,
            "p(90)": 8.601998,
            "p(95)": 9.9313278,
            "avg": 5.072061313108148,
            "min": 0.374201
        },
        "http_req_waiting": {
            "max": 42.779534,
            "p(90)": 8.374358,
            "p(95)": 9.687218999999999,
            "avg": 4.903105858932276,
            "min": 0.338132,
            "med": 4.52239
        },
        "http_req_connecting": {
            "p(95)": 0,
            "avg": 0.000013144226541653094,
            "min": 0,
            "med": 0,
            "max": 0.797134,
            "p(90)": 0
        },
        "http_req_sending": {
            "min": 0.003076,
            "med": 0.006993,
            "max": 16.02038,
            "p(90)": 0.009127,
            "p(95)": 0.009969,
            "avg": 0.00975946288571792
        },
        "vus": {
            "max": 200,
            "value": 200,
            "min": 200
        },
        "http_req_duration{expected_response:true}": {
            "p(90)": 8.601998,
            "p(95)": 9.9313278,
            "avg": 5.072061313108148,
            "min": 0.374201,
            "med": 4.689357,
            "max": 42.924989
        },
        "iterations": {
            "count": 2335853,
            "rate": 38928.59423531962
        }
    },
    "root_group": {
        "groups": {},
        "checks": {},
        "name": "",
        "path": "",
        "id": "d41d8cd98f00b204e9800998ecf8427e"
    }
}