{
    "metrics": {
        "http_req_receiving": {
            "avg": 0.2469991958491233,
            "min": 0.008396,
            "med": 0.03728,
            "max": 24.051292,
            "p(90)": 0.551829,
            "p(95)": 1.1779899999999999
        },
        "http_req_duration{expected_response:true}": {
            "avg": 8.71963884620986,
            "min": 0.504429,
            "med": 8.056249,
            "max": 58.274327,
            "p(90)": 15.187584,
            "p(95)": 17.596429
        },
        "http_req_failed": {
            "passes": 0,
            "fails": 1361711,
            "value": 0
        },
        "http_req_waiting": {
            "max": 55.177006,
            "p(90)": 14.827809,
            "p(95)": 17.1925535,
            "avg": 8.460418290840344,
            "min": 0.478109,
            "med": 7.791216
        },
        "data_received": {
            "count": 196086384,
            "rate": 3267929.566830124
        },
        "data_sent": {
            "count": 393534479,
            "rate": 6558553.088985457
        },
        "iteration_duration": {
            "p(90)": 15.269113,
            "p(95)": 17.6791775,
            "avg": 8.797118179150797,
            "min": 0.553683,
            "med": 8.132927,
            "max": 61.170766
        },
        "http_reqs": {
            "count": 1361711,
            "rate": 22693.955325209194
        },
        "vus_max": {
            "value": 200,
            "min": 200,
            "max": 200
        },
        "iterations": {
            "count": 1361711,
            "rate": 22693.955325209194
        },
        "http_req_connecting": {
            "avg": 0.000033269684242838614,
            "min": 0,
            "med": 0,
            "max": 1.468764,
            "p(90)": 0,
            "p(95)": 0
        },
        "vus": {
            "value": 200,
            "min": 200,
            "max": 200
        },
        "http_req_tls_handshaking": {
            "avg": 0,
            "min": 0,
            "med": 0,
            "max": 0,
            "p(90)": 0,
            "p(95)": 0
        },
        "http_req_sending": {
            "p(95)": 0.020008,
            "avg": 0.012221359520484655,
            "min": 0.003296,
            "med": 0.008316,
            "max": 15.704877,
            "p(90)": 0.014518
        },
        "http_req_duration": {
            "min": 0.504429,
            "med": 8.056249,
            "max": 58.274327,
            "p(90)": 15.187584,
            "p(95)": 17.596429,
            "avg": 8.71963884620986
        },
        "http_req_blocked": {
            "avg": 0.003908584380238,
            "min": 0.001032,
            "med": 0.002825,
            "max": 21.118169,
            "p(90)": 0.004789,
            "p(95)": 0.006462
        }
    },
    "root_group": {
        "name": "",
        "path": "",
        "id": "d41d8cd98f00b204e9800998ecf8427e",
        "groups": {},
        "checks": {}
    }
}