{
    "metrics": {
        "iteration_duration": {
            "avg": 4.955763300711963,
            "min": 0.408836,
            "med": 4.5903805,
            "max": 32.899685,
            "p(90)": 8.336219000000002,
            "p(95)": 9.626031599999997
        },
        "http_req_receiving": {
            "min": 0.007093,
            "med": 0.024767,
            "max": 16.947717,
            "p(90)": 0.3785381000000001,
            "p(95)": 0.7519424999999982,
            "avg": 0.1568420795241067
        },
        "data_sent": {
            "count": 698145970,
            "rate": 11634948.299998699
        },
        "data_received": {
            "count": 347865120,
            "rate": 5797344.481660251
        },
        "http_req_failed": {
            "passes": 0,
            "fails": 2415730,
            "value": 0
        },
        "http_req_duration{expected_response:true}": {
            "p(95)": 9.56531,
            "avg": 4.89997395908003,
            "min": 0.37379,
            "med": 4.535421,
            "max": 32.71237,
            "p(90)": 8.277786
        },
        "http_req_connecting": {
            "max": 1.222812,
            "p(90)": 0,
            "p(95)": 0,
            "avg": 0.000017648648648648646,
            "min": 0,
            "med": 0
        },
        "http_req_sending": {
            "min": 0.003086,
            "med": 0.007024,
            "max": 15.239113,
            "p(90)": 0.009177,
            "p(95)": 0.009999,
            "avg": 0.009593023938516678
        },
        "http_reqs": {
            "count": 2415730,
            "rate": 40259.33667819619
        },
        "http_req_duration": {
            "avg": 4.89997395908003,
            "min": 0.37379,
            "med": 4.535421,
            "max": 32.71237,
            "p(90)": 8.277786,
            "p(95)": 9.56531
        },
        "vus": {
            "value": 200,
            "min": 200,
            "max": 200
        },
        "http_req_blocked": {
            "max": 15.606691,
            "p(90)": 0.003005,
            "p(95)": 0.003336,
            "avg": 0.002696091368654018,
            "min": 0.000852,
            "med": 0.002274
        },
        "http_req_tls_handshaking": {
            "p(90)": 0,
            "p(95)": 0,
            "avg": 0,
            "min": 0,
            "med": 0,
            "max": 0
        },
        "vus_max": {
            "value": 200,
            "min": 200,
            "max": 200
        },
        "iterations": {
            "count": 2415730,
            "rate": 40259.33667819619
        },
        "http_req_waiting": {
            "avg": 4.733538855617816,
            "min": 0.33687,
            "med": 4.370177,
            "max": 32.660181,
            "p(90)": 8.054513000000002,
            "p(95)": 9.319785549999995
        }
    },
    "root_group": {
        "checks": {},
        "name": "",
        "path": "",
        "id": "d41d8cd98f00b204e9800998ecf8427e",
        "groups": {}
    }
}