{
    "root_group": {
        "groups": {},
        "checks": {},
        "name": "",
        "path": "",
        "id": "d41d8cd98f00b204e9800998ecf8427e"
    },
    "metrics": {
        "http_req_duration{expected_response:true}": {
            "p(95)": 20.94869099999998,
            "avg": 11.637947339940327,
            "min": 1.041632,
            "med": 10.984872,
            "max": 49.08133,
            "p(90)": 18.511458199999996
        },
        "http_reqs": {
            "count": 1024845,
            "rate": 17079.07417050006
        },
        "http_req_receiving": {
            "avg": 0.16259857982719753,
            "min": 0.008055,
            "med": 0.025869,
            "max": 16.621404,
            "p(90)": 0.303708,
            "p(95)": 0.5869727999999985
        },
        "http_req_duration": {
            "avg": 11.637947339940327,
            "min": 1.041632,
            "med": 10.984872,
            "max": 49.08133,
            "p(90)": 18.511458199999996,
            "p(95)": 20.94869099999998
        },
        "http_req_tls_handshaking": {
            "p(95)": 0,
            "avg": 0,
            "min": 0,
            "med": 0,
            "max": 0,
            "p(90)": 0
        },
        "http_req_sending": {
            "min": 0.003326,
            "med": 0.007344,
            "max": 15.77104,
            "p(90)": 0.009087,
            "p(95)": 0.01002,
            "avg": 0.010002684434230757
        },
        "http_req_waiting": {
            "p(90)": 18.2808608,
            "p(95)": 20.71318879999999,
            "avg": 11.465346075679157,
            "min": 1.001044,
            "med": 10.822718,
            "max": 48.860049
        },
        "http_req_failed": {
            "passes": 0,
            "fails": 1024845,
            "value": 0
        },
        "data_sent": {
            "rate": 4935852.435274516,
            "count": 296180205
        },
        "vus": {
            "min": 200,
            "max": 200,
            "value": 200
        },
        "http_req_blocked": {
            "p(90)": 0.002955,
            "p(95)": 0.003276,
            "avg": 0.0029268563158307264,
            "min": 0.001042,
            "med": 0.002304,
            "max": 13.388958
        },
        "data_received": {
            "count": 147577680,
            "rate": 2459386.680552008
        },
        "iterations": {
            "rate": 17079.07417050006,
            "count": 1024845
        },
        "vus_max": {
            "value": 200,
            "min": 200,
            "max": 200
        },
        "http_req_connecting": {
            "p(95)": 0,
            "avg": 0.0001232751499007167,
            "min": 0,
            "med": 0,
            "max": 4.747992,
            "p(90)": 0
        },
        "iteration_duration": {
            "p(95)": 21.0120748,
            "avg": 11.69728641082858,
            "min": 1.077429,
            "med": 11.042472,
            "max": 49.418261,
            "p(90)": 18.5749216
        }
    }
}