{
    "root_group": {
        "groups": {},
        "checks": {},
        "name": "",
        "path": "",
        "id": "d41d8cd98f00b204e9800998ecf8427e"
    },
    "metrics": {
        "vus": {
            "value": 200,
            "min": 200,
            "max": 200
        },
        "http_req_blocked": {
            "avg": 0.0028285276161931286,
            "min": 0.001002,
            "med": 0.002325,
            "max": 14.129781,
            "p(90)": 0.003086,
            "p(95)": 0.003437
        },
        "http_req_sending": {
            "max": 15.851482,
            "p(90)": 0.009368,
            "p(95)": 0.010239,
            "avg": 0.00999378264963027,
            "min": 0.003116,
            "med": 0.007324
        },
        "data_sent": {
            "count": 499404716,
            "rate": 8322828.22093117
        },
        "http_req_connecting": {
            "p(95)": 0,
            "avg": 0.000034059315040589225,
            "min": 0,
            "med": 0,
            "max": 1.07409,
            "p(90)": 0
        },
        "http_req_tls_handshaking": {
            "p(90)": 0,
            "p(95)": 0,
            "avg": 0,
            "min": 0,
            "med": 0,
            "max": 0
        },
        "http_req_receiving": {
            "p(95)": 0.694429,
            "avg": 0.15735380336437707,
            "min": 0.007774,
            "med": 0.025087,
            "max": 17.62923,
            "p(90)": 0.31363299999999955
        },
        "vus_max": {
            "value": 200,
            "min": 200,
            "max": 200
        },
        "http_req_waiting": {
            "avg": 6.704618035022087,
            "min": 0.521791,
            "med": 6.175372,
            "max": 40.12985,
            "p(90)": 11.286685999999998,
            "p(95)": 13.002586349999996
        },
        "http_reqs": {
            "count": 1728044,
            "rate": 28798.713567235878
        },
        "http_req_duration": {
            "min": 0.580383,
            "med": 6.338993,
            "max": 40.170657,
            "p(90)": 11.516598699999998,
            "p(95)": 13.262776999999993,
            "avg": 6.871965621036376
        },
        "data_received": {
            "count": 248838336,
            "rate": 4147014.7536819666
        },
        "http_req_duration{expected_response:true}": {
            "min": 0.580383,
            "med": 6.338993,
            "max": 40.170657,
            "p(90)": 11.516598699999998,
            "p(95)": 13.262776999999993,
            "avg": 6.871965621036376
        },
        "http_req_failed": {
            "passes": 0,
            "fails": 1728044,
            "value": 0
        },
        "iterations": {
            "count": 1728044,
            "rate": 28798.713567235878
        },
        "iteration_duration": {
            "max": 40.394633,
            "p(90)": 11.577904999999998,
            "p(95)": 13.327448949999994,
            "avg": 6.930897331866049,
            "min": 0.61593,
            "med": 6.397533
        }
    }
}