{
    "root_group": {
        "id": "d41d8cd98f00b204e9800998ecf8427e",
        "groups": {},
        "checks": {},
        "name": "",
        "path": ""
    },
    "metrics": {
        "http_req_connecting": {
            "min": 0,
            "med": 0,
            "max": 1.107305,
            "p(90)": 0,
            "p(95)": 0,
            "avg": 0.00041623019505113
        },
        "iterations": {
            "count": 63368,
            "rate": 1055.1097626655012
        },
        "http_req_duration{expected_response:true}": {
            "avg": 189.44922269961407,
            "min": 7.393588,
            "med": 197.3334925,
            "max": 394.378177,
            "p(90)": 284.5044838,
            "p(95)": 291.48731055
        },
        "http_req_receiving": {
            "max": 117.461202,
            "p(90)": 8.009881200000004,
            "p(95)": 78.65316575,
            "avg": 6.706686009736737,
            "min": 0.012814,
            "med": 0.448754
        },
        "http_reqs": {
            "count": 63368,
            "rate": 1055.1097626655012
        },
        "http_req_failed": {
            "passes": 0,
            "fails": 63368,
            "value": 0
        },
        "http_req_tls_handshaking": {
            "med": 0,
            "max": 0,
            "p(90)": 0,
            "p(95)": 0,
            "avg": 0,
            "min": 0
        },
        "vus_max": {
            "min": 200,
            "max": 200,
            "value": 200
        },
        "http_req_waiting": {
            "avg": 182.73418099821376,
            "min": 5.530463,
            "med": 196.221834,
            "max": 393.961809,
            "p(90)": 283.4707576,
            "p(95)": 290.84680695
        },
        "data_sent": {
            "count": 18313352,
            "rate": 304926.72141032986
        },
        "http_req_sending": {
            "avg": 0.008355691658250133,
            "min": 0.003838,
            "med": 0.007214,
            "max": 0.716706,
            "p(90)": 0.009719,
            "p(95)": 0.012484
        },
        "data_received": {
            "count": 9124992,
            "rate": 151935.80582383217
        },
        "vus": {
            "value": 200,
            "min": 200,
            "max": 200
        },
        "http_req_duration": {
            "p(95)": 291.48731055,
            "avg": 189.44922269961407,
            "min": 7.393588,
            "med": 197.3334925,
            "max": 394.378177,
            "p(90)": 284.5044838
        },
        "http_req_blocked": {
            "avg": 0.003123034212851959,
            "min": 0.001052,
            "med": 0.002124,
            "max": 1.800466,
            "p(90)": 0.003006,
            "p(95)": 0.003527
        },
        "iteration_duration": {
            "avg": 189.5035156733682,
            "min": 7.441228,
            "med": 197.384768,
            "max": 394.439603,
            "p(90)": 284.56077799999997,
            "p(95)": 291.54917004999993
        }
    }
}