{
    "root_group": {
        "path": "",
        "id": "d41d8cd98f00b204e9800998ecf8427e",
        "groups": {},
        "checks": {},
        "name": ""
    },
    "metrics": {
        "iterations": {
            "count": 1024874,
            "rate": 17079.19782741993
        },
        "http_req_tls_handshaking": {
            "min": 0,
            "med": 0,
            "max": 0,
            "p(90)": 0,
            "p(95)": 0,
            "avg": 0
        },
        "http_req_waiting": {
            "p(90)": 16.134513300000002,
            "p(95)": 17.69613075,
            "avg": 11.46392690488402,
            "min": 1.344518,
            "med": 11.284425500000001,
            "max": 39.237329
        },
        "http_req_blocked": {
            "avg": 0.002934375255882553,
            "min": 0.001012,
            "med": 0.002324,
            "max": 5.738096,
            "p(90)": 0.002935,
            "p(95)": 0.003286
        },
        "http_req_sending": {
            "med": 0.007544,
            "max": 11.77256,
            "p(90)": 0.009168,
            "p(95)": 0.010269,
            "avg": 0.010160207668453785,
            "min": 0.003407
        },
        "http_req_failed": {
            "passes": 0,
            "fails": 1024874,
            "value": 0
        },
        "vus_max": {
            "value": 200,
            "min": 200,
            "max": 200
        },
        "http_req_receiving": {
            "min": 0.008336,
            "med": 0.026861,
            "max": 15.200315,
            "p(90)": 0.429675,
            "p(95)": 0.6885984999999998,
            "avg": 0.16222803815396036
        },
        "http_req_duration": {
            "avg": 11.636315150706338,
            "min": 1.391557,
            "med": 11.447005,
            "max": 39.610266,
            "p(90)": 16.3294436,
            "p(95)": 17.900558949999997
        },
        "http_reqs": {
            "count": 1024874,
            "rate": 17079.19782741993
        },
        "iteration_duration": {
            "med": 11.507432000000001,
            "max": 39.663176,
            "p(90)": 16.3937586,
            "p(95)": 17.9655338,
            "avg": 11.697597394437611,
            "min": 1.449376
        },
        "vus": {
            "value": 200,
            "min": 200,
            "max": 200
        },
        "http_req_connecting": {
            "avg": 0.000023907184688068966,
            "min": 0,
            "med": 0,
            "max": 0.825794,
            "p(90)": 0,
            "p(95)": 0
        },
        "http_req_duration{expected_response:true}": {
            "p(95)": 17.900558949999997,
            "avg": 11.636315150706338,
            "min": 1.391557,
            "med": 11.447005,
            "max": 39.610266,
            "p(90)": 16.3294436
        },
        "data_received": {
            "count": 147581856,
            "rate": 2459404.48714847
        },
        "data_sent": {
            "count": 296188586,
            "rate": 4935888.17212436
        }
    }
}