{
    "root_group": {
        "id": "d41d8cd98f00b204e9800998ecf8427e",
        "groups": {},
        "checks": {},
        "name": "",
        "path": ""
    },
    "metrics": {
        "iteration_duration": {
            "avg": 3.7217611793896093,
            "min": 0.464905,
            "med": 3.525588,
            "max": 26.491807,
            "p(90)": 5.538709,
            "p(95)": 6.2595375
        },
        "http_req_receiving": {
            "avg": 0.1384838895863258,
            "min": 0.007794,
            "med": 0.022502,
            "max": 17.400729,
            "p(90)": 0.41358,
            "p(95)": 0.8208365
        },
        "vus": {
            "value": 200,
            "min": 200,
            "max": 200
        },
        "data_received": {
            "count": 462287664,
            "rate": 7704471.106267517
        },
        "http_req_tls_handshaking": {
            "avg": 0,
            "min": 0,
            "med": 0,
            "max": 0,
            "p(90)": 0,
            "p(95)": 0
        },
        "http_req_duration": {
            "max": 24.311268,
            "p(90)": 5.469099,
            "p(95)": 6.1866985,
            "avg": 3.6554850767475426,
            "min": 0.422728,
            "med": 3.4616
        },
        "http_req_blocked": {
            "med": 0.002445,
            "max": 13.072832,
            "p(90)": 0.003086,
            "p(95)": 0.003537,
            "avg": 0.003165376163392951,
            "min": 0.001002
        },
        "http_req_duration{expected_response:true}": {
            "min": 0.422728,
            "med": 3.4616,
            "max": 24.311268,
            "p(90)": 5.469099,
            "p(95)": 6.1866985,
            "avg": 3.6554850767475426
        },
        "http_req_waiting": {
            "med": 3.31854,
            "max": 20.622346,
            "p(90)": 5.281977,
            "p(95)": 5.981324,
            "avg": 3.505694876495754,
            "min": 0.377591
        },
        "vus_max": {
            "value": 200,
            "min": 200,
            "max": 200
        },
        "http_reqs": {
            "rate": 53503.271571302204,
            "count": 3210331
        },
        "http_req_sending": {
            "avg": 0.011306310665472136,
            "min": 0.003136,
            "med": 0.007724,
            "max": 16.945952,
            "p(90)": 0.009407,
            "p(95)": 0.01039
        },
        "http_req_failed": {
            "fails": 3210331,
            "passes": 0,
            "value": 0
        },
        "data_sent": {
            "count": 789741426,
            "rate": 13161804.806540342
        },
        "http_req_connecting": {
            "max": 5.551853,
            "p(90)": 0,
            "p(95)": 0,
            "avg": 0.00001756591516575705,
            "min": 0,
            "med": 0
        },
        "iterations": {
            "count": 3210331,
            "rate": 53503.271571302204
        }
    }
}