{
    "metrics": {
        "vus_max": {
            "value": 200,
            "min": 200,
            "max": 200
        },
        "http_req_blocked": {
            "avg": 0.002683730812122412,
            "min": 0.001011,
            "med": 0.002254,
            "max": 13.068813,
            "p(90)": 0.003036,
            "p(95)": 0.003386
        },
        "http_req_failed": {
            "passes": 0,
            "fails": 2873064,
            "value": 0
        },
        "data_received": {
            "count": 413721216,
            "rate": 6895035.130393638
        },
        "iterations": {
            "count": 2873064,
            "rate": 47882.18840551138
        },
        "http_req_sending": {
            "med": 0.006873,
            "max": 17.129132,
            "p(90)": 0.009247,
            "p(95)": 0.010149,
            "avg": 0.009731323465816146,
            "min": 0.002906
        },
        "http_req_duration{expected_response:true}": {
            "p(90)": 6.828763600000001,
            "p(95)": 7.892364350000003,
            "avg": 4.108596412263389,
            "min": 0.283138,
            "med": 3.813747,
            "max": 29.414239
        },
        "http_req_connecting": {
            "med": 0,
            "max": 1.458151,
            "p(90)": 0,
            "p(95)": 0,
            "avg": 0.00001270423909805003,
            "min": 0
        },
        "http_reqs": {
            "rate": 47882.18840551138,
            "count": 2873064
        },
        "http_req_waiting": {
            "min": 0.261107,
            "med": 3.645808,
            "max": 29.389141,
            "p(90)": 6.598797000000002,
            "p(95)": 7.635794800000002,
            "avg": 3.937025796121379
        },
        "http_req_tls_handshaking": {
            "avg": 0,
            "min": 0,
            "med": 0,
            "max": 0,
            "p(90)": 0,
            "p(95)": 0
        },
        "data_sent": {
            "count": 706773744,
            "rate": 11779018.3477558
        },
        "iteration_duration": {
            "p(90)": 6.886836,
            "p(95)": 7.95218285,
            "avg": 4.16438836895272,
            "min": 0.323595,
            "med": 3.868481,
            "max": 29.468602
        },
        "http_req_duration": {
            "min": 0.283138,
            "med": 3.813747,
            "max": 29.414239,
            "p(90)": 6.828763600000001,
            "p(95)": 7.892364350000003,
            "avg": 4.108596412263389
        },
        "http_req_receiving": {
            "avg": 0.16183929267590616,
            "min": 0.006803,
            "med": 0.024667,
            "max": 17.311594,
            "p(90)": 0.44556330000000166,
            "p(95)": 0.78397
        },
        "vus": {
            "value": 200,
            "min": 200,
            "max": 200
        }
    },
    "root_group": {
        "name": "",
        "path": "",
        "id": "d41d8cd98f00b204e9800998ecf8427e",
        "groups": {},
        "checks": {}
    }
}