{
    "root_group": {
        "name": "",
        "path": "",
        "id": "d41d8cd98f00b204e9800998ecf8427e",
        "groups": {},
        "checks": {}
    },
    "metrics": {
        "http_req_duration{expected_response:true}": {
            "avg": 4.010611243393278,
            "min": 0.294449,
            "med": 3.727959,
            "max": 33.089051,
            "p(90)": 6.643019,
            "p(95)": 7.6641805000000005
        },
        "http_req_duration": {
            "p(95)": 7.6641805000000005,
            "avg": 4.010611243393278,
            "min": 0.294449,
            "med": 3.727959,
            "max": 33.089051,
            "p(90)": 6.643019
        },
        "http_req_connecting": {
            "med": 0,
            "max": 1.476414,
            "p(90)": 0,
            "p(95)": 0,
            "avg": 0.000014611703484342597,
            "min": 0
        },
        "http_req_waiting": {
            "max": 27.510638,
            "p(90)": 6.418673500000001,
            "p(95)": 7.415055000000001,
            "avg": 3.8442470023535678,
            "min": 0.259272,
            "med": 3.566012
        },
        "vus_max": {
            "value": 200,
            "min": 200,
            "max": 200
        },
        "http_req_blocked": {
            "p(95)": 0.003407,
            "avg": 0.002764367700880948,
            "min": 0.001002,
            "med": 0.002274,
            "max": 15.760867,
            "p(90)": 0.003056
        },
        "data_sent": {
            "count": 723369396,
            "rate": 12055937.747557407
        },
        "data_received": {
            "count": 423435744,
            "rate": 7057134.291253117
        },
        "http_req_sending": {
            "p(90)": 0.009288,
            "p(95)": 0.010189,
            "avg": 0.009734373666477524,
            "min": 0.002936,
            "med": 0.006913,
            "max": 15.207467
        },
        "http_req_failed": {
            "passes": 0,
            "fails": 2940526,
            "value": 0
        },
        "iterations": {
            "count": 2940526,
            "rate": 49007.877022591085
        },
        "http_req_tls_handshaking": {
            "avg": 0,
            "min": 0,
            "med": 0,
            "max": 0,
            "p(90)": 0,
            "p(95)": 0
        },
        "http_req_receiving": {
            "med": 0.024186,
            "max": 23.616244,
            "p(90)": 0.434906,
            "p(95)": 0.76915075,
            "avg": 0.15662986737289614,
            "min": 0.006713
        },
        "iteration_duration": {
            "min": 0.325198,
            "med": 3.783494,
            "max": 33.132553,
            "p(90)": 6.70372,
            "p(95)": 7.727754,
            "avg": 4.068118703396819
        },
        "http_reqs": {
            "count": 2940526,
            "rate": 49007.877022591085
        },
        "vus": {
            "value": 200,
            "min": 200,
            "max": 200
        }
    }
}