{
    "root_group": {
        "name": "",
        "path": "",
        "id": "d41d8cd98f00b204e9800998ecf8427e",
        "groups": {},
        "checks": {}
    },
    "metrics": {
        "iteration_duration": {
            "p(90)": 6.6325842,
            "p(95)": 7.650402100000003,
            "avg": 4.029857819755307,
            "min": 0.328796,
            "med": 3.749266,
            "max": 35.519408
        },
        "vus": {
            "value": 200,
            "min": 200,
            "max": 200
        },
        "iterations": {
            "count": 2968419,
            "rate": 49470.91819528437
        },
        "http_req_sending": {
            "p(95)": 0.010099,
            "avg": 0.009698580609742054,
            "min": 0.002935,
            "med": 0.006833,
            "max": 14.251371,
            "p(90)": 0.009207
        },
        "data_received": {
            "count": 427452336,
            "rate": 7123812.22012095
        },
        "http_req_receiving": {
            "avg": 0.15515847204372896,
            "min": 0.006783,
            "med": 0.024035,
            "max": 28.726953,
            "p(90)": 0.435038,
            "p(95)": 0.7643241000000001
        },
        "http_req_connecting": {
            "med": 0,
            "max": 1.361111,
            "p(90)": 0,
            "p(95)": 0,
            "avg": 0.000017899371011976393,
            "min": 0
        },
        "http_reqs": {
            "count": 2968419,
            "rate": 49470.91819528437
        },
        "data_sent": {
            "count": 730231074,
            "rate": 12169845.876039956
        },
        "vus_max": {
            "value": 200,
            "min": 200,
            "max": 200
        },
        "http_req_duration": {
            "avg": 3.9731072906645912,
            "min": 0.295883,
            "med": 3.694271,
            "max": 35.185174,
            "p(90)": 6.573310200000001,
            "p(95)": 7.587084800000002
        },
        "http_req_duration{expected_response:true}": {
            "p(95)": 7.587084800000002,
            "avg": 3.9731072906645912,
            "min": 0.295883,
            "med": 3.694271,
            "max": 35.185174,
            "p(90)": 6.573310200000001
        },
        "http_req_tls_handshaking": {
            "med": 0,
            "max": 0,
            "p(90)": 0,
            "p(95)": 0,
            "avg": 0,
            "min": 0
        },
        "http_req_failed": {
            "passes": 0,
            "fails": 2968419,
            "value": 0
        },
        "http_req_blocked": {
            "med": 0.002244,
            "max": 13.819957,
            "p(90)": 0.003026,
            "p(95)": 0.003377,
            "avg": 0.002706843446292626,
            "min": 0.000962
        },
        "http_req_waiting": {
            "p(90)": 6.35245,
            "p(95)": 7.342945,
            "avg": 3.8082502380109786,
            "min": 0.250907,
            "med": 3.533095,
            "max": 24.039177
        }
    }
}