{
    "metrics": {
        "http_reqs": {
            "rate": 5410.74916131996,
            "count": 324672
        },
        "http_req_blocked": {
            "avg": 0.0027329761944366354,
            "min": 0.001001,
            "med": 0.002264,
            "max": 3.066215,
            "p(90)": 0.003136,
            "p(95)": 0.003627
        },
        "http_req_sending": {
            "max": 5.605502,
            "p(90)": 0.009708,
            "p(95)": 0.012123,
            "avg": 0.008735108876034908,
            "min": 0.003677,
            "med": 0.007344
        },
        "vus_max": {
            "max": 200,
            "value": 200,
            "min": 200
        },
        "http_req_receiving": {
            "avg": 2.4422852554916883,
            "min": 0.008837,
            "med": 0.456249,
            "max": 88.048713,
            "p(90)": 2.0115631000000014,
            "p(95)": 2.6857145500000024
        },
        "data_sent": {
            "count": 79869312,
            "rate": 1331044.29368471
        },
        "iteration_duration": {
            "avg": 36.95160677841693,
            "min": 0.284118,
            "med": 10.6119995,
            "max": 103.936166,
            "p(90)": 87.1346565,
            "p(95)": 88.93142865
        },
        "vus": {
            "value": 200,
            "min": 200,
            "max": 200
        },
        "http_req_connecting": {
            "avg": 0.00009597633303765032,
            "min": 0,
            "med": 0,
            "max": 1.141672,
            "p(90)": 0,
            "p(95)": 0
        },
        "http_req_failed": {
            "passes": 0,
            "fails": 324672,
            "value": 0
        },
        "data_received": {
            "count": 46752768,
            "rate": 779147.8792300742
        },
        "http_req_tls_handshaking": {
            "avg": 0,
            "min": 0,
            "med": 0,
            "max": 0,
            "p(90)": 0,
            "p(95)": 0
        },
        "http_req_waiting": {
            "avg": 34.44665903277234,
            "min": 0.220126,
            "med": 9.7592275,
            "max": 103.255517,
            "p(90)": 86.3674881,
            "p(95)": 88.16783495
        },
        "http_req_duration": {
            "p(90)": 87.0787225,
            "p(95)": 88.87343895000001,
            "avg": 36.89767939713898,
            "min": 0.251637,
            "med": 10.5560955,
            "max": 103.891662
        },
        "http_req_duration{expected_response:true}": {
            "avg": 36.89767939713898,
            "min": 0.251637,
            "med": 10.5560955,
            "max": 103.891662,
            "p(90)": 87.0787225,
            "p(95)": 88.87343895000001
        },
        "iterations": {
            "count": 324672,
            "rate": 5410.74916131996
        }
    },
    "root_group": {
        "checks": {},
        "name": "",
        "path": "",
        "id": "d41d8cd98f00b204e9800998ecf8427e",
        "groups": {}
    }
}