{
    "root_group": {
        "name": "",
        "path": "",
        "id": "d41d8cd98f00b204e9800998ecf8427e",
        "groups": {},
        "checks": {}
    },
    "metrics": {
        "http_req_blocked": {
            "max": 2.265883,
            "p(90)": 0.002925,
            "p(95)": 0.003216,
            "avg": 0.00269146827042743,
            "min": 0.001042,
            "med": 0.002275
        },
        "http_req_receiving": {
            "med": 0.036549,
            "max": 17.729202,
            "p(90)": 0.208806,
            "p(95)": 0.314908,
            "avg": 0.11510686594675072,
            "min": 0.007945
        },
        "data_sent": {
            "count": 371226492,
            "rate": 6186135.3904123865
        },
        "vus_max": {
            "value": 200,
            "min": 200,
            "max": 200
        },
        "vus": {
            "value": 200,
            "min": 200,
            "max": 200
        },
        "http_req_failed": {
            "passes": 0,
            "fails": 607572,
            "value": 0
        },
        "http_reqs": {
            "count": 607572,
            "rate": 10124.607840282139
        },
        "http_req_connecting": {
            "p(90)": 0,
            "p(95)": 0,
            "avg": 0.00012773724924782588,
            "min": 0,
            "med": 0,
            "max": 1.704357
        },
        "data_received": {
            "count": 87490368,
            "rate": 1457943.529000628
        },
        "iteration_duration": {
            "avg": 19.74193572975701,
            "min": 1.576915,
            "med": 19.487258,
            "max": 74.766218,
            "p(90)": 29.2532132,
            "p(95)": 32.35506845
        },
        "http_req_duration": {
            "med": 19.432121000000002,
            "max": 74.485885,
            "p(90)": 29.196908100000005,
            "p(95)": 32.2988947,
            "avg": 19.687105961318153,
            "min": 1.534244
        },
        "http_req_tls_handshaking": {
            "max": 0,
            "p(90)": 0,
            "p(95)": 0,
            "avg": 0,
            "min": 0,
            "med": 0
        },
        "http_req_sending": {
            "p(90)": 0.009669,
            "p(95)": 0.01078,
            "avg": 0.00868096336895062,
            "min": 0.003807,
            "med": 0.007724,
            "max": 8.348646
        },
        "http_req_duration{expected_response:true}": {
            "max": 74.485885,
            "p(90)": 29.196908100000005,
            "p(95)": 32.2988947,
            "avg": 19.687105961318153,
            "min": 1.534244,
            "med": 19.432121000000002
        },
        "iterations": {
            "count": 607572,
            "rate": 10124.607840282139
        },
        "http_req_waiting": {
            "avg": 19.563318132002326,
            "min": 1.503375,
            "med": 19.307981,
            "max": 74.371397,
            "p(90)": 29.058801100000004,
            "p(95)": 32.16017994999999
        }
    }
}