{
    "metrics": {
        "http_req_sending": {
            "p(90)": 0.009529,
            "p(95)": 0.01069075,
            "avg": 0.009427550400120582,
            "min": 0.003727,
            "med": 0.007614,
            "max": 12.223094
        },
        "http_req_receiving": {
            "min": 0.008156,
            "med": 0.027342,
            "max": 23.453424,
            "p(90)": 0.33358849999999995,
            "p(95)": 0.5994055,
            "avg": 0.1761597681579567
        },
        "http_req_duration{expected_response:true}": {
            "min": 1.349592,
            "med": 14.174578499999999,
            "max": 79.095598,
            "p(90)": 22.710407500000002,
            "p(95)": 25.55932425,
            "avg": 14.809879261996988
        },
        "http_req_waiting": {
            "avg": 14.624291943438404,
            "min": 1.29079,
            "med": 14.000213,
            "max": 79.006398,
            "p(90)": 22.477571,
            "p(95)": 25.3059975
        },
        "vus_max": {
            "value": 200,
            "min": 200,
            "max": 200
        },
        "data_sent": {
            "count": 492775166,
            "rate": 8211775.553938697
        },
        "http_req_connecting": {
            "max": 1.236167,
            "p(90)": 0,
            "p(95)": 0,
            "avg": 0.00003234318405566728,
            "min": 0,
            "med": 0
        },
        "data_received": {
            "count": 116136864,
            "rate": 1935344.8114029008
        },
        "iteration_duration": {
            "min": 1.401711,
            "med": 14.2319475,
            "max": 79.337917,
            "p(90)": 22.770256500000002,
            "p(95)": 25.61997675,
            "avg": 14.868769266177353
        },
        "vus": {
            "value": 200,
            "min": 200,
            "max": 200
        },
        "http_req_failed": {
            "passes": 0,
            "fails": 806506,
            "value": 0
        },
        "http_req_duration": {
            "avg": 14.809879261996988,
            "min": 1.349592,
            "med": 14.174578499999999,
            "max": 79.095598,
            "p(90)": 22.710407500000002,
            "p(95)": 25.55932425
        },
        "http_reqs": {
            "count": 806506,
            "rate": 13439.894523631256
        },
        "http_req_blocked": {
            "p(90)": 0.002915,
            "p(95)": 0.003226,
            "avg": 0.0027941499443271223,
            "min": 0.000962,
            "med": 0.002254,
            "max": 2.386521
        },
        "http_req_tls_handshaking": {
            "p(90)": 0,
            "p(95)": 0,
            "avg": 0,
            "min": 0,
            "med": 0,
            "max": 0
        },
        "iterations": {
            "count": 806506,
            "rate": 13439.894523631256
        }
    },
    "root_group": {
        "name": "",
        "path": "",
        "id": "d41d8cd98f00b204e9800998ecf8427e",
        "groups": {},
        "checks": {}
    }
}