{
    "root_group": {
        "path": "",
        "id": "d41d8cd98f00b204e9800998ecf8427e",
        "groups": {},
        "checks": {},
        "name": ""
    },
    "metrics": {
        "http_req_receiving": {
            "p(90)": 0.3331100000000007,
            "p(95)": 0.5812534999999998,
            "avg": 0.17387219430090634,
            "min": 0.008346,
            "med": 0.027673,
            "max": 20.730261
        },
        "data_sent": {
            "count": 471059004,
            "rate": 7850006.070057608
        },
        "http_req_duration{expected_response:true}": {
            "p(90)": 23.557074300000007,
            "p(95)": 26.498047099999997,
            "avg": 15.494109918975296,
            "min": 1.419659,
            "med": 14.8757925,
            "max": 139.592512
        },
        "http_req_connecting": {
            "min": 0,
            "med": 0,
            "max": 0.509148,
            "p(90)": 0,
            "p(95)": 0,
            "avg": 0.00003245303931182261
        },
        "http_req_duration": {
            "avg": 15.494109918975296,
            "min": 1.419659,
            "med": 14.8757925,
            "max": 139.592512,
            "p(90)": 23.557074300000007,
            "p(95)": 26.498047099999997
        },
        "http_req_tls_handshaking": {
            "avg": 0,
            "min": 0,
            "med": 0,
            "max": 0,
            "p(90)": 0,
            "p(95)": 0
        },
        "iteration_duration": {
            "med": 14.93523,
            "max": 139.90156,
            "p(90)": 23.6190022,
            "p(95)": 26.559617,
            "avg": 15.553808748479197,
            "min": 1.461909
        },
        "http_req_waiting": {
            "max": 139.462475,
            "p(90)": 23.33035220000001,
            "p(95)": 26.25677175,
            "avg": 15.310487968742565,
            "min": 1.395543,
            "med": 14.7078255
        },
        "vus": {
            "max": 200,
            "value": 200,
            "min": 200
        },
        "http_req_sending": {
            "avg": 0.009749755931533897,
            "min": 0.003637,
            "med": 0.007624,
            "max": 10.571219,
            "p(90)": 0.009528,
            "p(95)": 0.010791
        },
        "http_req_failed": {
            "passes": 0,
            "fails": 770964,
            "value": 0
        },
        "http_reqs": {
            "count": 770964,
            "rate": 12847.800441992811
        },
        "http_req_blocked": {
            "avg": 0.0028093466802597044,
            "min": 0.001012,
            "med": 0.002234,
            "max": 3.744278,
            "p(90)": 0.002886,
            "p(95)": 0.003197
        },
        "iterations": {
            "rate": 12847.800441992811,
            "count": 770964
        },
        "data_received": {
            "count": 111018816,
            "rate": 1850083.263646965
        },
        "vus_max": {
            "value": 200,
            "min": 200,
            "max": 200
        }
    }
}