{
    "metrics": {
        "http_req_failed": {
            "fails": 790805,
            "passes": 0,
            "value": 0
        },
        "data_received": {
            "count": 113875920,
            "rate": 1897651.2715600647
        },
        "iterations": {
            "count": 790805,
            "rate": 13178.133830278228
        },
        "vus": {
            "value": 200,
            "min": 200,
            "max": 200
        },
        "http_req_receiving": {
            "p(95)": 0.6161859999999986,
            "avg": 0.16636894280638675,
            "min": 0.008856,
            "med": 0.034145,
            "max": 13.629807,
            "p(90)": 0.408555
        },
        "http_req_duration{expected_response:true}": {
            "med": 14.925714,
            "max": 48.811572,
            "p(90)": 20.924841,
            "p(95)": 22.841823599999998,
            "avg": 15.103402267774626,
            "min": 1.673938
        },
        "http_req_blocked": {
            "med": 0.002214,
            "max": 3.134891,
            "p(90)": 0.002855,
            "p(95)": 0.003166,
            "avg": 0.0028167491353739815,
            "min": 0.001032
        },
        "http_req_sending": {
            "p(95)": 0.011151,
            "avg": 0.009876190515992297,
            "min": 0.003697,
            "med": 0.007635,
            "max": 10.68285,
            "p(90)": 0.009578
        },
        "http_req_duration": {
            "p(95)": 22.841823599999998,
            "avg": 15.103402267774626,
            "min": 1.673938,
            "med": 14.925714,
            "max": 48.811572,
            "p(90)": 20.924841
        },
        "http_req_waiting": {
            "p(95)": 22.637389,
            "avg": 14.927157134452235,
            "min": 1.48543,
            "med": 14.758331,
            "max": 48.488018,
            "p(90)": 20.734614
        },
        "iteration_duration": {
            "med": 14.984947,
            "max": 49.025308,
            "p(90)": 20.987552,
            "p(95)": 22.904569799999997,
            "avg": 15.163870443630593,
            "min": 1.721478
        },
        "http_reqs": {
            "count": 790805,
            "rate": 13178.133830278228
        },
        "http_req_tls_handshaking": {
            "p(95)": 0,
            "avg": 0,
            "min": 0,
            "med": 0,
            "max": 0,
            "p(90)": 0
        },
        "vus_max": {
            "value": 200,
            "min": 200,
            "max": 200
        },
        "http_req_connecting": {
            "avg": 0.00003763459386321534,
            "min": 0,
            "med": 0,
            "max": 1.37607,
            "p(90)": 0,
            "p(95)": 0
        },
        "data_sent": {
            "rate": 8051839.770299997,
            "count": 483181855
        }
    },
    "root_group": {
        "path": "",
        "id": "d41d8cd98f00b204e9800998ecf8427e",
        "groups": {},
        "checks": {},
        "name": ""
    }
}