{
    "metrics": {
        "http_req_duration": {
            "avg": 259.8810436673908,
            "min": 15.681511,
            "med": 287.04449850000003,
            "max": 617.81764,
            "p(90)": 373.8177079000002,
            "p(95)": 389.7190887
        },
        "http_reqs": {
            "count": 46174,
            "rate": 769.259209171587
        },
        "http_req_blocked": {
            "avg": 0.0036094068090267253,
            "min": 0.001062,
            "med": 0.002134,
            "max": 1.184641,
            "p(90)": 0.003086,
            "p(95)": 0.006184849999999984
        },
        "vus": {
            "value": 200,
            "min": 200,
            "max": 200
        },
        "vus_max": {
            "min": 200,
            "max": 200,
            "value": 200
        },
        "http_req_waiting": {
            "avg": 251.52640896866237,
            "min": 6.444911,
            "med": 284.263459,
            "max": 617.480973,
            "p(90)": 318.22825380000006,
            "p(95)": 388.82656785
        },
        "data_sent": {
            "count": 28212314,
            "rate": 470017.37680383964
        },
        "http_req_failed": {
            "passes": 0,
            "fails": 46174,
            "value": 0
        },
        "iterations": {
            "count": 46174,
            "rate": 769.259209171587
        },
        "http_req_duration{expected_response:true}": {
            "med": 287.04449850000003,
            "max": 617.81764,
            "p(90)": 373.8177079000002,
            "p(95)": 389.7190887,
            "avg": 259.8810436673908,
            "min": 15.681511
        },
        "http_req_sending": {
            "p(95)": 0.01565935,
            "avg": 0.009198857192359251,
            "min": 0.004157,
            "med": 0.007765,
            "max": 1.872482,
            "p(90)": 0.011041
        },
        "http_req_connecting": {
            "max": 1.032193,
            "p(90)": 0,
            "p(95)": 0,
            "avg": 0.0006629567722094684,
            "min": 0,
            "med": 0
        },
        "http_req_tls_handshaking": {
            "min": 0,
            "med": 0,
            "max": 0,
            "p(90)": 0,
            "p(95)": 0,
            "avg": 0
        },
        "http_req_receiving": {
            "avg": 8.345435841534231,
            "min": 0.008285,
            "med": 0.4580415,
            "max": 213.78194,
            "p(90)": 11.198787000000031,
            "p(95)": 83.19791004999999
        },
        "data_received": {
            "count": 6649056,
            "rate": 110773.32612070853
        },
        "iteration_duration": {
            "max": 618.477809,
            "p(90)": 373.8665973000002,
            "p(95)": 389.77162375,
            "avg": 259.94090549761927,
            "min": 15.770289,
            "med": 287.1028225
        }
    },
    "root_group": {
        "name": "",
        "path": "",
        "id": "d41d8cd98f00b204e9800998ecf8427e",
        "groups": {},
        "checks": {}
    }
}