{
    "metrics": {
        "http_req_tls_handshaking": {
            "p(90)": 0,
            "p(95)": 0,
            "avg": 0,
            "min": 0,
            "med": 0,
            "max": 0
        },
        "vus": {
            "value": 200,
            "min": 200,
            "max": 200
        },
        "http_req_duration{expected_response:true}": {
            "min": 0.304889,
            "med": 3.502732,
            "max": 82.758398,
            "p(90)": 6.412187,
            "p(95)": 7.462732,
            "avg": 3.8158528452961873
        },
        "iteration_duration": {
            "p(90)": 6.476028,
            "p(95)": 7.539848,
            "avg": 3.8687931013014287,
            "min": 0.329977,
            "med": 3.550572,
            "max": 83.052316
        },
        "http_req_connecting": {
            "p(95)": 0,
            "avg": 0.000010154176671504786,
            "min": 0,
            "med": 0,
            "max": 1.538783,
            "p(90)": 0
        },
        "http_req_receiving": {
            "avg": 0.17040825555156078,
            "min": 0.006672,
            "med": 0.024196,
            "max": 18.029177,
            "p(90)": 0.453111,
            "p(95)": 0.810419
        },
        "http_req_failed": {
            "fails": 3091421,
            "passes": 0,
            "value": 0
        },
        "data_received": {
            "rate": 7419066.314832917,
            "count": 445164624
        },
        "http_req_duration": {
            "avg": 3.8158528452961873,
            "min": 0.304889,
            "med": 3.502732,
            "max": 82.758398,
            "p(90)": 6.412187,
            "p(95)": 7.462732
        },
        "http_req_waiting": {
            "avg": 3.632986668772518,
            "min": 0.253641,
            "med": 3.337378,
            "max": 82.494276,
            "p(90)": 6.149117,
            "p(95)": 7.141903
        },
        "http_req_sending": {
            "p(90)": 0.008637,
            "p(95)": 0.009758,
            "avg": 0.01245792097193795,
            "min": 0.002525,
            "med": 0.006332,
            "max": 14.09692
        },
        "iterations": {
            "rate": 51521.29385300638,
            "count": 3091421
        },
        "http_reqs": {
            "count": 3091421,
            "rate": 51521.29385300638
        },
        "vus_max": {
            "value": 200,
            "min": 200,
            "max": 200
        },
        "data_sent": {
            "count": 259679364,
            "rate": 4327788.683652535
        },
        "http_req_blocked": {
            "avg": 0.0031904486438442646,
            "min": 0.000912,
            "med": 0.002214,
            "max": 9.535168,
            "p(90)": 0.002976,
            "p(95)": 0.003386
        }
    },
    "root_group": {
        "name": "",
        "path": "",
        "id": "d41d8cd98f00b204e9800998ecf8427e",
        "groups": {},
        "checks": {}
    }
}