{
    "root_group": {
        "name": "",
        "path": "",
        "id": "d41d8cd98f00b204e9800998ecf8427e",
        "groups": {},
        "checks": {}
    },
    "metrics": {
        "http_req_duration{expected_response:true}": {
            "min": 0.286065,
            "med": 3.486888,
            "max": 43.651281,
            "p(90)": 6.409145000000002,
            "p(95)": 7.472716200000003,
            "avg": 3.8044504163282724
        },
        "http_req_failed": {
            "passes": 0,
            "fails": 3101489,
            "value": 0
        },
        "http_reqs": {
            "count": 3101489,
            "rate": 51689.01232631534
        },
        "data_sent": {
            "rate": 4341877.035410489,
            "count": 260525076
        },
        "http_req_receiving": {
            "avg": 0.17218848861451094,
            "min": 0.006642,
            "med": 0.024287,
            "max": 32.173192,
            "p(90)": 0.454214,
            "p(95)": 0.80863
        },
        "http_req_waiting": {
            "p(95)": 7.142411,
            "avg": 3.6192575381001952,
            "min": 0.234947,
            "med": 3.321213,
            "max": 43.294461,
            "p(90)": 6.142215
        },
        "iteration_duration": {
            "avg": 3.8566213545854686,
            "min": 0.31511,
            "med": 3.534881,
            "max": 44.849713,
            "p(90)": 6.4716172000000025,
            "p(95)": 7.546094000000001
        },
        "http_req_duration": {
            "avg": 3.8044504163282724,
            "min": 0.286065,
            "med": 3.486888,
            "max": 43.651281,
            "p(90)": 6.409145000000002,
            "p(95)": 7.472716200000003
        },
        "http_req_tls_handshaking": {
            "max": 0,
            "p(90)": 0,
            "p(95)": 0,
            "avg": 0,
            "min": 0,
            "med": 0
        },
        "iterations": {
            "rate": 51689.01232631534,
            "count": 3101489
        },
        "vus": {
            "value": 200,
            "min": 200,
            "max": 200
        },
        "http_req_blocked": {
            "avg": 0.00309157571153774,
            "min": 0.000932,
            "med": 0.002224,
            "max": 8.101093,
            "p(90)": 0.002986,
            "p(95)": 0.003386
        },
        "vus_max": {
            "value": 200,
            "min": 200,
            "max": 200
        },
        "http_req_sending": {
            "p(90)": 0.008637,
            "p(95)": 0.009709,
            "avg": 0.013004389613503529,
            "min": 0.002585,
            "med": 0.006302,
            "max": 31.012842
        },
        "http_req_connecting": {
            "min": 0,
            "med": 0,
            "max": 2.434557,
            "p(90)": 0,
            "p(95)": 0,
            "avg": 0.000014917181070124712
        },
        "data_received": {
            "rate": 7443217.774989409,
            "count": 446614416
        }
    }
}