{
    "metrics": {
        "http_req_duration{expected_response:true}": {
            "med": 10.298119,
            "max": 163.83646,
            "p(90)": 87.3126833,
            "p(95)": 89.48049619999999,
            "avg": 36.087038358029915,
            "min": 0.257298
        },
        "http_req_connecting": {
            "avg": 0.00009160173458398261,
            "min": 0,
            "med": 0,
            "max": 1.129521,
            "p(90)": 0,
            "p(95)": 0
        },
        "http_req_receiving": {
            "avg": 2.404226606908832,
            "min": 0.008677,
            "med": 0.4294135,
            "max": 89.823937,
            "p(90)": 1.9779196000000008,
            "p(95)": 2.8650734499999984
        },
        "http_req_blocked": {
            "avg": 0.002757106030432214,
            "min": 0.000952,
            "med": 0.002174,
            "max": 1.89357,
            "p(90)": 0.003076,
            "p(95)": 0.003587
        },
        "http_req_tls_handshaking": {
            "max": 0,
            "p(90)": 0,
            "p(95)": 0,
            "avg": 0,
            "min": 0,
            "med": 0
        },
        "http_req_failed": {
            "passes": 0,
            "fails": 332414,
            "value": 0
        },
        "http_reqs": {
            "count": 332414,
            "rate": 5533.8411206848195
        },
        "data_sent": {
            "rate": 464842.65413752483,
            "count": 27922776
        },
        "vus": {
            "value": 200,
            "min": 200,
            "max": 200
        },
        "vus_max": {
            "value": 200,
            "min": 200,
            "max": 200
        },
        "iteration_duration": {
            "avg": 36.128987331790626,
            "min": 0.283988,
            "med": 10.3406375,
            "max": 165.756701,
            "p(90)": 87.35362950000001,
            "p(95)": 89.5240464
        },
        "iterations": {
            "count": 332414,
            "rate": 5533.8411206848195
        },
        "http_req_duration": {
            "max": 163.83646,
            "p(90)": 87.3126833,
            "p(95)": 89.48049619999999,
            "avg": 36.087038358029915,
            "min": 0.257298,
            "med": 10.298119
        },
        "http_req_sending": {
            "p(90)": 0.009037,
            "p(95)": 0.011953,
            "avg": 0.008580769263629686,
            "min": 0.003306,
            "med": 0.006673,
            "max": 1.983911
        },
        "http_req_waiting": {
            "max": 163.152663,
            "p(90)": 86.53142670000001,
            "p(95)": 88.70348030000001,
            "avg": 33.67423098185608,
            "min": 0.225728,
            "med": 9.458938
        },
        "data_received": {
            "count": 47867616,
            "rate": 796873.121378614
        }
    },
    "root_group": {
        "checks": {},
        "name": "",
        "path": "",
        "id": "d41d8cd98f00b204e9800998ecf8427e",
        "groups": {}
    }
}