{
    "root_group": {
        "id": "d41d8cd98f00b204e9800998ecf8427e",
        "groups": {},
        "checks": {},
        "name": "",
        "path": ""
    },
    "metrics": {
        "data_sent": {
            "count": 253425480,
            "rate": 4223531.865768609
        },
        "vus_max": {
            "value": 200,
            "min": 200,
            "max": 200
        },
        "vus": {
            "value": 200,
            "min": 200,
            "max": 200
        },
        "http_req_duration": {
            "med": 3.614459,
            "max": 57.44914,
            "p(90)": 6.568615100000001,
            "p(95)": 7.625628849999999,
            "avg": 3.916389252529402,
            "min": 0.287386
        },
        "http_req_waiting": {
            "max": 56.919934,
            "p(90)": 6.29263,
            "p(95)": 7.2884939999999965,
            "avg": 3.725212167926381,
            "min": 0.255305,
            "med": 3.4402285
        },
        "http_req_duration{expected_response:true}": {
            "avg": 3.916389252529402,
            "min": 0.287386,
            "med": 3.614459,
            "max": 57.44914,
            "p(90)": 6.568615100000001,
            "p(95)": 7.625628849999999
        },
        "http_req_connecting": {
            "avg": 0.000009770851881192057,
            "min": 0,
            "med": 0,
            "max": 1.103738,
            "p(90)": 0,
            "p(95)": 0
        },
        "data_received": {
            "count": 434443680,
            "rate": 7240340.3413176155
        },
        "http_req_failed": {
            "passes": 0,
            "fails": 3016970,
            "value": 0
        },
        "http_req_tls_handshaking": {
            "med": 0,
            "max": 0,
            "p(90)": 0,
            "p(95)": 0,
            "avg": 0,
            "min": 0
        },
        "http_req_blocked": {
            "med": 0.002174,
            "max": 9.227016,
            "p(90)": 0.002935,
            "p(95)": 0.003307,
            "avg": 0.003018710582140819,
            "min": 0.000922
        },
        "http_req_sending": {
            "max": 15.077484,
            "p(90)": 0.008536,
            "p(95)": 0.009578,
            "avg": 0.012295508602998599,
            "min": 0.002355,
            "med": 0.006171
        },
        "http_reqs": {
            "count": 3016970,
            "rate": 50280.14125915011
        },
        "http_req_receiving": {
            "min": 0.006111,
            "med": 0.025278,
            "max": 20.166799,
            "p(90)": 0.46950390000000086,
            "p(95)": 0.8296724999999981,
            "avg": 0.178881576000265
        },
        "iteration_duration": {
            "avg": 3.9655181210209047,
            "min": 0.32088,
            "med": 3.659756,
            "max": 57.641435,
            "p(90)": 6.626816,
            "p(95)": 7.693909049999998
        },
        "iterations": {
            "rate": 50280.14125915011,
            "count": 3016970
        }
    }
}