{
    "root_group": {
        "groups": {},
        "checks": {},
        "name": "",
        "path": "",
        "id": "d41d8cd98f00b204e9800998ecf8427e"
    },
    "metrics": {
        "http_req_waiting": {
            "avg": 3.336262981708538,
            "min": 0.310363,
            "med": 3.159599,
            "max": 36.027571,
            "p(90)": 5.0485655000000005,
            "p(95)": 5.7123715
        },
        "vus": {
            "value": 200,
            "min": 200,
            "max": 200
        },
        "iteration_duration": {
            "avg": 3.5534699202481494,
            "min": 0.374183,
            "med": 3.35463,
            "max": 38.955417,
            "p(90)": 5.313967,
            "p(95)": 6.02702475
        },
        "http_req_blocked": {
            "p(95)": 0.003537,
            "avg": 0.0033175645889523906,
            "min": 0.000952,
            "med": 0.002354,
            "max": 13.767915,
            "p(90)": 0.003026
        },
        "http_req_receiving": {
            "avg": 0.1470436183987635,
            "min": 0.007494,
            "med": 0.022442,
            "max": 23.956183,
            "p(90)": 0.40945,
            "p(95)": 0.828648
        },
        "http_reqs": {
            "count": 3361256,
            "rate": 56018.53414914538
        },
        "vus_max": {
            "value": 200,
            "min": 200,
            "max": 200
        },
        "http_req_duration": {
            "avg": 3.4967740540072625,
            "min": 0.342764,
            "med": 3.3030015,
            "max": 36.088176,
            "p(90)": 5.25005,
            "p(95)": 5.951516
        },
        "http_req_connecting": {
            "avg": 0.00001413679112807832,
            "min": 0,
            "med": 0,
            "max": 1.153206,
            "p(90)": 0,
            "p(95)": 0
        },
        "http_req_tls_handshaking": {
            "p(95)": 0,
            "avg": 0,
            "min": 0,
            "med": 0,
            "max": 0,
            "p(90)": 0
        },
        "http_req_failed": {
            "passes": 0,
            "fails": 3361256,
            "value": 0
        },
        "iterations": {
            "count": 3361256,
            "rate": 56018.53414914538
        },
        "data_sent": {
            "count": 282345504,
            "rate": 4705556.8685282115
        },
        "data_received": {
            "count": 484020864,
            "rate": 8066668.917476934
        },
        "http_req_duration{expected_response:true}": {
            "avg": 3.4967740540072625,
            "min": 0.342764,
            "med": 3.3030015,
            "max": 36.088176,
            "p(90)": 5.25005,
            "p(95)": 5.951516
        },
        "http_req_sending": {
            "avg": 0.013467453899967102,
            "min": 0.002635,
            "med": 0.007073,
            "max": 17.018114,
            "p(90)": 0.008806,
            "p(95)": 0.010169
        }
    }
}