{
    "root_group": {
        "name": "",
        "path": "",
        "id": "d41d8cd98f00b204e9800998ecf8427e",
        "groups": {},
        "checks": {}
    },
    "metrics": {
        "http_reqs": {
            "count": 2570139,
            "rate": 42833.95119193164
        },
        "data_received": {
            "count": 370100016,
            "rate": 6168088.971638156
        },
        "vus": {
            "value": 200,
            "min": 200,
            "max": 200
        },
        "iteration_duration": {
            "max": 40.554708,
            "p(90)": 7.782286,
            "p(95)": 8.973124000000006,
            "avg": 4.658346744839879,
            "min": 0.402855,
            "med": 4.331259
        },
        "http_req_receiving": {
            "avg": 0.15835404441811818,
            "min": 0.006973,
            "med": 0.025008,
            "max": 33.122766,
            "p(90)": 0.407364,
            "p(95)": 0.7675299000000009
        },
        "iterations": {
            "rate": 42833.95119193164,
            "count": 2570139
        },
        "http_req_connecting": {
            "p(90)": 0,
            "p(95)": 0,
            "avg": 0.000026694754641675015,
            "min": 0,
            "med": 0,
            "max": 1.471997
        },
        "data_sent": {
            "count": 1400725755,
            "rate": 23344503.399602745
        },
        "vus_max": {
            "value": 200,
            "min": 200,
            "max": 200
        },
        "http_req_failed": {
            "passes": 0,
            "fails": 2570139,
            "value": 0
        },
        "http_req_waiting": {
            "avg": 4.437051713202584,
            "min": 0.310791,
            "med": 4.109488,
            "max": 35.266605,
            "p(90)": 7.507846800000001,
            "p(95)": 8.675062900000002
        },
        "http_req_duration": {
            "avg": 4.604492865276828,
            "min": 0.36318,
            "med": 4.278148,
            "max": 40.473784,
            "p(90)": 7.726361,
            "p(95)": 8.9153801
        },
        "http_req_tls_handshaking": {
            "avg": 0,
            "min": 0,
            "med": 0,
            "max": 0,
            "p(90)": 0,
            "p(95)": 0
        },
        "http_req_sending": {
            "min": 0.003046,
            "med": 0.007284,
            "max": 14.014698,
            "p(90)": 0.009528,
            "p(95)": 0.01033,
            "avg": 0.00908710765604228
        },
        "http_req_blocked": {
            "avg": 0.0026265861951430248,
            "min": 0.000912,
            "med": 0.002234,
            "max": 12.432711,
            "p(90)": 0.002976,
            "p(95)": 0.003297
        },
        "http_req_duration{expected_response:true}": {
            "avg": 4.604492865276828,
            "min": 0.36318,
            "med": 4.278148,
            "max": 40.473784,
            "p(90)": 7.726361,
            "p(95)": 8.9153801
        }
    }
}