{
    "metrics": {
        "vus": {
            "value": 200,
            "min": 200,
            "max": 200
        },
        "http_req_duration{expected_response:true}": {
            "avg": 46.90156878908704,
            "min": 0.321488,
            "med": 15.447297,
            "max": 204.522776,
            "p(90)": 90.67179,
            "p(95)": 92.5950345
        },
        "http_req_blocked": {
            "p(90)": 0.003126,
            "p(95)": 0.003637,
            "avg": 0.0027864825641209542,
            "min": 0.001042,
            "med": 0.002224,
            "max": 2.529758
        },
        "iterations": {
            "rate": 4258.147174010968,
            "count": 255651
        },
        "http_req_duration": {
            "med": 15.447297,
            "max": 204.522776,
            "p(90)": 90.67179,
            "p(95)": 92.5950345,
            "avg": 46.90156878908704,
            "min": 0.321488
        },
        "http_reqs": {
            "count": 255651,
            "rate": 4258.147174010968
        },
        "http_req_receiving": {
            "min": 0.009087,
            "med": 0.449861,
            "max": 180.829223,
            "p(90)": 2.38912,
            "p(95)": 3.3373855,
            "avg": 2.8121211313314523
        },
        "http_req_connecting": {
            "p(90)": 0,
            "p(95)": 0,
            "avg": 0.00013323927150685894,
            "min": 0,
            "med": 0,
            "max": 2.014804
        },
        "vus_max": {
            "value": 200,
            "min": 200,
            "max": 200
        },
        "http_req_waiting": {
            "p(95)": 91.965145,
            "avg": 44.080580086926815,
            "min": 0.287114,
            "med": 14.018155,
            "max": 203.770642,
            "p(90)": 90.031581
        },
        "data_sent": {
            "count": 139329795,
            "rate": 2320690.2098359778
        },
        "http_req_sending": {
            "avg": 0.00886757082898158,
            "min": 0.003828,
            "med": 0.007655,
            "max": 3.102401,
            "p(90)": 0.010299,
            "p(95)": 0.013215
        },
        "iteration_duration": {
            "p(90)": 90.726872,
            "p(95)": 92.652044,
            "avg": 46.95614981364008,
            "min": 0.357537,
            "med": 15.504786,
            "max": 204.584743
        },
        "http_req_failed": {
            "passes": 0,
            "fails": 255651,
            "value": 0
        },
        "http_req_tls_handshaking": {
            "med": 0,
            "max": 0,
            "p(90)": 0,
            "p(95)": 0,
            "avg": 0,
            "min": 0
        },
        "data_received": {
            "count": 36813744,
            "rate": 613173.1930575795
        }
    },
    "root_group": {
        "path": "",
        "id": "d41d8cd98f00b204e9800998ecf8427e",
        "groups": {},
        "checks": {},
        "name": ""
    }
}