{
    "metrics": {
        "data_received": {
            "count": 412693488,
            "rate": 6877919.637137212
        },
        "http_req_duration": {
            "p(95)": 6.841836899999995,
            "avg": 4.106963330506968,
            "min": 0.484626,
            "med": 3.920537,
            "max": 24.803652,
            "p(90)": 6.100821999999999
        },
        "iteration_duration": {
            "max": 24.844639,
            "p(90)": 6.167925599999999,
            "p(95)": 6.9104337000000005,
            "avg": 4.171813114012239,
            "min": 0.52376,
            "med": 3.984605
        },
        "iterations": {
            "count": 2865927,
            "rate": 47763.330813452856
        },
        "http_req_blocked": {
            "med": 0.002424,
            "max": 11.486918,
            "p(90)": 0.003055,
            "p(95)": 0.003466,
            "avg": 0.0030518463209288746,
            "min": 0.000992
        },
        "http_req_waiting": {
            "avg": 3.959555954114523,
            "min": 0.390519,
            "med": 3.777708,
            "max": 24.779456,
            "p(90)": 5.9222884,
            "p(95)": 6.6487167000000005
        },
        "http_req_receiving": {
            "min": 0.007504,
            "med": 0.022753,
            "max": 13.867584,
            "p(90)": 0.4039933999999999,
            "p(95)": 0.8113166999999997,
            "avg": 0.1366879722601601
        },
        "http_req_tls_handshaking": {
            "avg": 0,
            "min": 0,
            "med": 0,
            "max": 0,
            "p(90)": 0,
            "p(95)": 0
        },
        "vus_max": {
            "value": 200,
            "min": 200,
            "max": 200
        },
        "http_req_duration{expected_response:true}": {
            "avg": 4.106963330506968,
            "min": 0.484626,
            "med": 3.920537,
            "max": 24.803652,
            "p(90)": 6.100821999999999,
            "p(95)": 6.841836899999995
        },
        "data_sent": {
            "count": 1561930215,
            "rate": 26031015.29333181
        },
        "http_req_connecting": {
            "p(95)": 0,
            "avg": 0.00001309578680824739,
            "min": 0,
            "med": 0,
            "max": 1.208603,
            "p(90)": 0
        },
        "http_req_failed": {
            "passes": 0,
            "fails": 2865927,
            "value": 0
        },
        "vus": {
            "value": 200,
            "min": 200,
            "max": 200
        },
        "http_req_sending": {
            "avg": 0.010719404132412598,
            "min": 0.003427,
            "med": 0.008175,
            "max": 13.029536,
            "p(90)": 0.009769,
            "p(95)": 0.01063
        },
        "http_reqs": {
            "count": 2865927,
            "rate": 47763.330813452856
        }
    },
    "root_group": {
        "id": "d41d8cd98f00b204e9800998ecf8427e",
        "groups": {},
        "checks": {},
        "name": "",
        "path": ""
    }
}