{
    "metrics": {
        "http_req_connecting": {
            "med": 0,
            "max": 0.80024,
            "p(90)": 0,
            "p(95)": 0,
            "avg": 0.000008275701228733604,
            "min": 0
        },
        "data_sent": {
            "count": 1419879780,
            "rate": 23663116.90597215
        },
        "vus": {
            "value": 200,
            "min": 200,
            "max": 200
        },
        "vus_max": {
            "value": 200,
            "min": 200,
            "max": 200
        },
        "http_req_failed": {
            "fails": 2605284,
            "passes": 0,
            "value": 0
        },
        "http_req_waiting": {
            "min": 0.28947,
            "med": 4.050421,
            "max": 32.989439,
            "p(90)": 7.3938187,
            "p(95)": 8.549458650000002,
            "avg": 4.3715590721571616
        },
        "http_req_receiving": {
            "avg": 0.15945537350272734,
            "min": 0.007044,
            "med": 0.024908,
            "max": 25.941727,
            "p(90)": 0.415319,
            "p(95)": 0.7767426500000009
        },
        "http_req_blocked": {
            "med": 0.002254,
            "max": 15.3785,
            "p(90)": 0.003005,
            "p(95)": 0.003327,
            "avg": 0.002627670900753697,
            "min": 0.000981
        },
        "http_req_sending": {
            "avg": 0.009084119810352289,
            "min": 0.003086,
            "med": 0.007314,
            "max": 13.412788,
            "p(90)": 0.009629,
            "p(95)": 0.01042
        },
        "data_received": {
            "count": 375160896,
            "rate": 6252273.090752274
        },
        "iterations": {
            "count": 2605284,
            "rate": 43418.56313022412
        },
        "http_req_duration{expected_response:true}": {
            "max": 33.011281,
            "p(90)": 7.619945000000002,
            "p(95)": 8.7976825,
            "avg": 4.540098565470323,
            "min": 0.342901,
            "med": 4.219221
        },
        "http_req_tls_handshaking": {
            "med": 0,
            "max": 0,
            "p(90)": 0,
            "p(95)": 0,
            "avg": 0,
            "min": 0
        },
        "http_reqs": {
            "count": 2605284,
            "rate": 43418.56313022412
        },
        "http_req_duration": {
            "min": 0.342901,
            "med": 4.219221,
            "max": 33.011281,
            "p(90)": 7.619945000000002,
            "p(95)": 8.7976825,
            "avg": 4.540098565470323
        },
        "iteration_duration": {
            "min": 0.375143,
            "med": 4.2736095,
            "max": 33.049594,
            "p(90)": 7.677294000000002,
            "p(95)": 8.857474300000002,
            "avg": 4.595203121463862
        }
    },
    "root_group": {
        "name": "",
        "path": "",
        "id": "d41d8cd98f00b204e9800998ecf8427e",
        "groups": {},
        "checks": {}
    }
}