{
    "metrics": {
        "http_req_waiting": {
            "max": 31.703907,
            "p(90)": 7.3450146,
            "p(95)": 8.4677692,
            "avg": 4.358913022438881,
            "min": 0.289421,
            "med": 4.049054
        },
        "data_sent": {
            "count": 1425548325,
            "rate": 23757730.57110261
        },
        "http_req_duration": {
            "avg": 4.521131922947162,
            "min": 0.350327,
            "med": 4.212625,
            "max": 31.73667,
            "p(90)": 7.559910200000001,
            "p(95)": 8.701697
        },
        "vus_max": {
            "max": 200,
            "value": 200,
            "min": 200
        },
        "http_reqs": {
            "count": 2615685,
            "rate": 43592.16618550938
        },
        "iteration_duration": {
            "p(95)": 8.760063199999989,
            "avg": 4.576652532367691,
            "min": 0.395472,
            "med": 4.26748,
            "max": 31.794019,
            "p(90)": 7.6172846
        },
        "vus": {
            "value": 200,
            "min": 200,
            "max": 200
        },
        "http_req_failed": {
            "fails": 2615685,
            "passes": 0,
            "value": 0
        },
        "http_req_blocked": {
            "p(95)": 0.003337,
            "avg": 0.002641228754608978,
            "min": 0.000962,
            "med": 0.002254,
            "max": 12.159679,
            "p(90)": 0.003006
        },
        "http_req_connecting": {
            "min": 0,
            "med": 0,
            "max": 0.747923,
            "p(90)": 0,
            "p(95)": 0,
            "avg": 0.000010626661084954797
        },
        "http_req_receiving": {
            "min": 0.006953,
            "med": 0.024477,
            "max": 16.580472,
            "p(90)": 0.395432,
            "p(95)": 0.7523589999999981,
            "avg": 0.15308410874271614
        },
        "http_req_sending": {
            "p(95)": 0.010359,
            "avg": 0.009134791765061772,
            "min": 0.003146,
            "med": 0.007334,
            "max": 12.645713,
            "p(90)": 0.009558
        },
        "iterations": {
            "count": 2615685,
            "rate": 43592.16618550938
        },
        "http_req_tls_handshaking": {
            "max": 0,
            "p(90)": 0,
            "p(95)": 0,
            "avg": 0,
            "min": 0,
            "med": 0
        },
        "data_received": {
            "count": 376658640,
            "rate": 6277271.93071335
        },
        "http_req_duration{expected_response:true}": {
            "avg": 4.521131922947162,
            "min": 0.350327,
            "med": 4.212625,
            "max": 31.73667,
            "p(90)": 7.559910200000001,
            "p(95)": 8.701697
        }
    },
    "root_group": {
        "name": "",
        "path": "",
        "id": "d41d8cd98f00b204e9800998ecf8427e",
        "groups": {},
        "checks": {}
    }
}