{
    "root_group": {
        "name": "",
        "path": "",
        "id": "d41d8cd98f00b204e9800998ecf8427e",
        "groups": {},
        "checks": {}
    },
    "metrics": {
        "http_req_blocked": {
            "max": 2.72096,
            "p(90)": 0.008035,
            "p(95)": 0.013161199999999998,
            "avg": 0.00814444188283855,
            "min": 0.003506,
            "med": 0.005554
        },
        "http_req_tls_handshaking": {
            "p(90)": 0,
            "p(95)": 0,
            "avg": 0,
            "min": 0,
            "med": 0,
            "max": 0
        },
        "http_req_sending": {
            "avg": 0.021672206213157144,
            "min": 0.011968,
            "med": 0.018402,
            "max": 7.075589,
            "p(90)": 0.02818140000000001,
            "p(95)": 0.03518639999999999
        },
        "data_sent": {
            "count": 16521841,
            "rate": 274703.12804759224
        },
        "vus_max": {
            "min": 200,
            "max": 200,
            "value": 200
        },
        "data_received": {
            "count": 8232336,
            "rate": 136876.29909637815
        },
        "http_req_duration{expected_response:true}": {
            "med": 201.269261,
            "max": 6536.182783,
            "p(90)": 295.9672524,
            "p(95)": 303.57457999999997,
            "avg": 210.09738950910355,
            "min": 1.306988
        },
        "http_req_connecting": {
            "max": 0.899259,
            "p(90)": 0,
            "p(95)": 0,
            "avg": 0.0008285003585859468,
            "min": 0,
            "med": 0
        },
        "http_req_waiting": {
            "avg": 194.5201857687562,
            "min": 1.020555,
            "med": 198.18229,
            "max": 6535.482898,
            "p(90)": 293.5144052,
            "p(95)": 301.5050988
        },
        "iterations": {
            "count": 57169,
            "rate": 950.5298548359593
        },
        "http_reqs": {
            "count": 57169,
            "rate": 950.5298548359593
        },
        "vus": {
            "min": 200,
            "max": 200,
            "value": 200
        },
        "iteration_duration": {
            "med": 201.403799,
            "max": 6537.238799,
            "p(90)": 296.1114814,
            "p(95)": 303.7152436,
            "avg": 210.24218396422899,
            "min": 1.435865
        },
        "http_req_failed": {
            "passes": 0,
            "fails": 57169,
            "value": 0
        },
        "http_req_receiving": {
            "max": 187.730902,
            "p(90)": 79.45699760000002,
            "p(95)": 92.21081919999999,
            "avg": 15.555531534135696,
            "min": 0.028162,
            "med": 1.242052
        },
        "http_req_duration": {
            "avg": 210.09738950910355,
            "min": 1.306988,
            "med": 201.269261,
            "max": 6536.182783,
            "p(90)": 295.9672524,
            "p(95)": 303.57457999999997
        }
    }
}