{
    "metrics": {
        "http_req_duration{expected_response:true}": {
            "min": 1.104344,
            "med": 108.576849,
            "max": 4095.107437,
            "p(90)": 195.249491,
            "p(95)": 199.88639279999998,
            "avg": 132.66504873607752
        },
        "vus": {
            "value": 200,
            "min": 200,
            "max": 200
        },
        "http_req_failed": {
            "passes": 0,
            "fails": 90473,
            "value": 0
        },
        "http_reqs": {
            "count": 90473,
            "rate": 1505.4515596396282
        },
        "http_req_blocked": {
            "min": 0.003376,
            "med": 0.005548,
            "max": 3.650056,
            "p(90)": 0.008270800000000003,
            "p(95)": 0.012413,
            "avg": 0.00783557639295705
        },
        "data_received": {
            "count": 13028112,
            "rate": 216785.02458810646
        },
        "http_req_sending": {
            "max": 3.480519,
            "p(90)": 0.0268818,
            "p(95)": 0.033331599999999975,
            "avg": 0.02034967776021577,
            "min": 0.011008,
            "med": 0.017774
        },
        "iteration_duration": {
            "min": 1.259886,
            "med": 108.712045,
            "max": 4098.711854,
            "p(90)": 195.3831146,
            "p(95)": 200.0370336,
            "avg": 132.80464345441123
        },
        "http_req_waiting": {
            "p(95)": 198.4679802,
            "avg": 122.53387782416928,
            "min": 1.038317,
            "med": 105.840767,
            "max": 4093.922538,
            "p(90)": 193.66998139999998
        },
        "http_req_connecting": {
            "min": 0,
            "med": 0,
            "max": 2.75476,
            "p(90)": 0,
            "p(95)": 0,
            "avg": 0.0006706886363887565
        },
        "http_req_duration": {
            "min": 1.104344,
            "med": 108.576849,
            "max": 4095.107437,
            "p(90)": 195.249491,
            "p(95)": 199.88639279999998,
            "avg": 132.66504873607752
        },
        "data_sent": {
            "rate": 435075.5007358525,
            "count": 26146697
        },
        "vus_max": {
            "value": 200,
            "min": 200,
            "max": 200
        },
        "iterations": {
            "rate": 1505.4515596396282,
            "count": 90473
        },
        "http_req_tls_handshaking": {
            "med": 0,
            "max": 0,
            "p(90)": 0,
            "p(95)": 0,
            "avg": 0,
            "min": 0
        },
        "http_req_receiving": {
            "avg": 10.110821234147183,
            "min": 0.026967,
            "med": 1.117357,
            "max": 108.966857,
            "p(90)": 24.94128320000003,
            "p(95)": 82.6907882
        }
    },
    "root_group": {
        "name": "",
        "path": "",
        "id": "d41d8cd98f00b204e9800998ecf8427e",
        "groups": {},
        "checks": {}
    }
}