{
    "root_group": {
        "name": "",
        "path": "",
        "id": "d41d8cd98f00b204e9800998ecf8427e",
        "groups": {},
        "checks": {}
    },
    "metrics": {
        "http_reqs": {
            "count": 98758,
            "rate": 1644.0604592601221
        },
        "data_sent": {
            "count": 28541062,
            "rate": 475133.47272617527
        },
        "http_req_blocked": {
            "avg": 0.007580141902428154,
            "min": 0.00326,
            "med": 0.005334,
            "max": 4.692719,
            "p(90)": 0.0075,
            "p(95)": 0.010966299999999988
        },
        "http_req_sending": {
            "med": 0.016458,
            "max": 13.847135,
            "p(90)": 0.024888600000000007,
            "p(95)": 0.032028449999999986,
            "avg": 0.019810645618583,
            "min": 0.010957
        },
        "vus": {
            "value": 200,
            "min": 200,
            "max": 200
        },
        "data_received": {
            "count": 14221152,
            "rate": 236744.70613345757
        },
        "http_req_connecting": {
            "p(90)": 0,
            "p(95)": 0,
            "avg": 0.0006448954717592495,
            "min": 0,
            "med": 0,
            "max": 4.124624
        },
        "http_req_tls_handshaking": {
            "med": 0,
            "max": 0,
            "p(90)": 0,
            "p(95)": 0,
            "avg": 0,
            "min": 0
        },
        "http_req_waiting": {
            "max": 3545.161245,
            "p(90)": 188.9020031,
            "p(95)": 194.08099075,
            "avg": 111.6733304712813,
            "min": 0.937655,
            "med": 102.705251
        },
        "http_req_failed": {
            "passes": 0,
            "fails": 98758,
            "value": 0
        },
        "http_req_receiving": {
            "avg": 9.775827850068048,
            "min": 0.023544,
            "med": 1.1291405,
            "max": 107.7894,
            "p(90)": 19.597660700000006,
            "p(95)": 81.76753219999998
        },
        "http_req_duration": {
            "avg": 121.46896896696907,
            "min": 1.463195,
            "med": 104.956197,
            "max": 3546.654679,
            "p(90)": 190.6023824,
            "p(95)": 195.66901384999997
        },
        "http_req_duration{expected_response:true}": {
            "med": 104.956197,
            "max": 3546.654679,
            "p(90)": 190.6023824,
            "p(95)": 195.66901384999997,
            "avg": 121.46896896696907,
            "min": 1.463195
        },
        "vus_max": {
            "value": 200,
            "min": 200,
            "max": 200
        },
        "iteration_duration": {
            "avg": 121.60212357281286,
            "min": 1.553823,
            "med": 105.089567,
            "max": 3548.104926,
            "p(90)": 190.7329308,
            "p(95)": 195.80203735
        },
        "iterations": {
            "count": 98758,
            "rate": 1644.0604592601221
        }
    }
}