{
    "root_group": {
        "name": "",
        "path": "",
        "id": "d41d8cd98f00b204e9800998ecf8427e",
        "groups": {},
        "checks": {}
    },
    "metrics": {
        "http_req_blocked": {
            "avg": 0.008599862092942397,
            "min": 0.003387,
            "med": 0.005169,
            "max": 1.625885,
            "p(90)": 0.007220400000000001,
            "p(95)": 0.009443599999999889
        },
        "data_received": {
            "count": 4891085,
            "rate": 81348.55974911386
        },
        "iteration_duration": {
            "max": 3406.854723,
            "p(90)": 615.4630074000002,
            "p(95)": 788.6221968,
            "avg": 464.2351703527673,
            "min": 100.611156,
            "med": 408.655209
        },
        "vus": {
            "value": 200,
            "min": 200,
            "max": 200
        },
        "iterations": {
            "count": 25887,
            "rate": 430.55276410557383
        },
        "data_sent": {
            "count": 7481343,
            "rate": 124429.74882651084
        },
        "http_req_sending": {
            "min": 0.011377,
            "med": 0.016728,
            "max": 2.227554,
            "p(90)": 0.02446260000000002,
            "p(95)": 0.029379,
            "avg": 0.019862834395642563
        },
        "http_req_connecting": {
            "avg": 0.0016199115772395412,
            "min": 0,
            "med": 0,
            "max": 1.143492,
            "p(90)": 0,
            "p(95)": 0
        },
        "http_req_receiving": {
            "p(95)": 178.19279149999997,
            "avg": 32.483435908177974,
            "min": 0.049368,
            "med": 1.448709,
            "max": 802.93575,
            "p(90)": 104.08072200000001
        },
        "http_reqs": {
            "count": 25887,
            "rate": 430.55276410557383
        },
        "http_req_tls_handshaking": {
            "med": 0,
            "max": 0,
            "p(90)": 0,
            "p(95)": 0,
            "avg": 0,
            "min": 0
        },
        "http_req_waiting": {
            "p(90)": 606.1946854,
            "p(95)": 714.9761186999999,
            "avg": 431.6092129930087,
            "min": 18.753307,
            "med": 402.568896,
            "max": 3295.803787
        },
        "vus_max": {
            "value": 200,
            "min": 200,
            "max": 200
        },
        "http_req_duration": {
            "med": 408.533706,
            "max": 3405.156343,
            "p(90)": 615.3232768000001,
            "p(95)": 788.4714624999998,
            "avg": 464.1125117355792,
            "min": 100.485176
        },
        "http_req_failed": {
            "passes": 0,
            "fails": 25887,
            "value": 0
        },
        "http_req_duration{expected_response:true}": {
            "min": 100.485176,
            "med": 408.533706,
            "max": 3405.156343,
            "p(90)": 615.3232768000001,
            "p(95)": 788.4714624999998,
            "avg": 464.1125117355792
        }
    }
}