{
    "root_group": {
        "groups": {},
        "checks": {},
        "name": "",
        "path": "",
        "id": "d41d8cd98f00b204e9800998ecf8427e"
    },
    "metrics": {
        "data_sent": {
            "count": 25299927,
            "rate": 421088.26457541756
        },
        "http_req_tls_handshaking": {
            "min": 0,
            "med": 0,
            "max": 0,
            "p(90)": 0,
            "p(95)": 0,
            "avg": 0
        },
        "iteration_duration": {
            "avg": 137.20748496080736,
            "min": 2.196167,
            "med": 111.290876,
            "max": 4149.850824,
            "p(90)": 196.70888240000002,
            "p(95)": 201.3630033
        },
        "data_received": {
            "count": 12606192,
            "rate": 209815.60587840874
        },
        "vus_max": {
            "value": 200,
            "min": 200,
            "max": 200
        },
        "http_req_waiting": {
            "p(90)": 195.10173460000001,
            "p(95)": 199.8631524,
            "avg": 126.72278492980595,
            "min": 1.817494,
            "med": 107.656355,
            "max": 4146.398965
        },
        "http_req_sending": {
            "min": 0.011001,
            "med": 0.016495,
            "max": 5.66599,
            "p(90)": 0.025621,
            "p(95)": 0.032375,
            "avg": 0.02003288854620002
        },
        "http_reqs": {
            "count": 87543,
            "rate": 1457.0528186000608
        },
        "http_req_duration{expected_response:true}": {
            "avg": 137.0722163971887,
            "min": 2.099191,
            "med": 111.161499,
            "max": 4148.09865,
            "p(90)": 196.5798462,
            "p(95)": 201.23150819999998
        },
        "http_req_failed": {
            "fails": 87543,
            "passes": 0,
            "value": 0
        },
        "iterations": {
            "count": 87543,
            "rate": 1457.0528186000608
        },
        "vus": {
            "value": 200,
            "min": 200,
            "max": 200
        },
        "http_req_blocked": {
            "med": 0.005313,
            "max": 3.683677,
            "p(90)": 0.00756,
            "p(95)": 0.011490499999999971,
            "avg": 0.007501361091120981,
            "min": 0.003429
        },
        "http_req_receiving": {
            "avg": 10.329398578835583,
            "min": 0.027483,
            "med": 1.122335,
            "max": 107.222113,
            "p(90)": 68.69388620000007,
            "p(95)": 82.9973482
        },
        "http_req_duration": {
            "med": 111.161499,
            "max": 4148.09865,
            "p(90)": 196.5798462,
            "p(95)": 201.23150819999998,
            "avg": 137.0722163971887,
            "min": 2.099191
        },
        "http_req_connecting": {
            "p(95)": 0,
            "avg": 0.0007747920678980616,
            "min": 0,
            "med": 0,
            "max": 3.600671,
            "p(90)": 0
        }
    }
}