{
    "metrics": {
        "http_req_blocked": {
            "p(90)": 0.007342,
            "p(95)": 0.012927499999999986,
            "avg": 0.008785749309980532,
            "min": 0.003551,
            "med": 0.00524,
            "max": 2.487844
        },
        "http_req_connecting": {
            "p(95)": 0,
            "avg": 0.0020169719221726245,
            "min": 0,
            "med": 0,
            "max": 2.043766,
            "p(90)": 0
        },
        "http_req_waiting": {
            "min": 8.516188,
            "med": 399.828571,
            "max": 846.527705,
            "p(90)": 525.8767222,
            "p(95)": 594.6730874,
            "avg": 385.2569322018938
        },
        "http_req_tls_handshaking": {
            "avg": 0,
            "min": 0,
            "med": 0,
            "max": 0,
            "p(90)": 0,
            "p(95)": 0
        },
        "iteration_duration": {
            "med": 403.08493,
            "max": 858.858068,
            "p(90)": 577.3978426000001,
            "p(95)": 597.4238859999999,
            "avg": 409.55111317610016,
            "min": 8.9838
        },
        "http_req_failed": {
            "passes": 0,
            "fails": 29347,
            "value": 0
        },
        "data_received": {
            "count": 4225968,
            "rate": 70247.18791128305
        },
        "http_req_duration{expected_response:true}": {
            "avg": 409.4219837766021,
            "min": 8.871649,
            "med": 402.956688,
            "max": 858.375642,
            "p(90)": 577.2660848,
            "p(95)": 597.3043655
        },
        "http_req_sending": {
            "avg": 0.02026240143796645,
            "min": 0.011389,
            "med": 0.017005,
            "max": 2.428771,
            "p(90)": 0.0260884,
            "p(95)": 0.032391099999999964
        },
        "data_sent": {
            "count": 8481283,
            "rate": 140982.20351639445
        },
        "http_req_duration": {
            "med": 402.956688,
            "max": 858.375642,
            "p(90)": 577.2660848,
            "p(95)": 597.3043655,
            "avg": 409.4219837766021,
            "min": 8.871649
        },
        "vus_max": {
            "value": 200,
            "min": 200,
            "max": 200
        },
        "iterations": {
            "count": 29347,
            "rate": 487.82769382835454
        },
        "http_req_receiving": {
            "med": 1.176223,
            "max": 381.047735,
            "p(90)": 97.1091054,
            "p(95)": 108.6512027,
            "avg": 24.14478917327155,
            "min": 0.034102
        },
        "http_reqs": {
            "count": 29347,
            "rate": 487.82769382835454
        },
        "vus": {
            "value": 200,
            "min": 200,
            "max": 200
        }
    },
    "root_group": {
        "name": "",
        "path": "",
        "id": "d41d8cd98f00b204e9800998ecf8427e",
        "groups": {},
        "checks": {}
    }
}