{
    "root_group": {
        "groups": {},
        "checks": {},
        "name": "",
        "path": "",
        "id": "d41d8cd98f00b204e9800998ecf8427e"
    },
    "metrics": {
        "iterations": {
            "count": 31385,
            "rate": 521.5254226037197
        },
        "http_req_duration{expected_response:true}": {
            "avg": 383.0814071591227,
            "min": 3.991205,
            "med": 388.841648,
            "max": 10683.427413,
            "p(90)": 501.3809918,
            "p(95)": 516.0440778
        },
        "http_req_connecting": {
            "max": 1.736205,
            "p(90)": 0,
            "p(95)": 0,
            "avg": 0.0017279013222877158,
            "min": 0,
            "med": 0
        },
        "http_req_tls_handshaking": {
            "avg": 0,
            "min": 0,
            "med": 0,
            "max": 0,
            "p(90)": 0,
            "p(95)": 0
        },
        "http_req_sending": {
            "p(90)": 0.024557200000000005,
            "p(95)": 0.029872199999999998,
            "avg": 0.020692965174446406,
            "min": 0.011097,
            "med": 0.016764,
            "max": 3.686827
        },
        "http_req_waiting": {
            "avg": 359.7864750878135,
            "min": 2.076836,
            "med": 382.808147,
            "max": 10682.113223,
            "p(90)": 500.08394300000003,
            "p(95)": 512.8422436
        },
        "data_sent": {
            "count": 9070265,
            "rate": 150720.847132475
        },
        "http_reqs": {
            "count": 31385,
            "rate": 521.5254226037197
        },
        "http_req_receiving": {
            "med": 1.114618,
            "max": 215.358187,
            "p(90)": 98.0706012,
            "p(95)": 106.6434616,
            "avg": 23.274239106133336,
            "min": 0.026036
        },
        "data_received": {
            "count": 4519440,
            "rate": 75099.66085493563
        },
        "http_req_blocked": {
            "p(90)": 0.00723,
            "p(95)": 0.0094278,
            "avg": 0.009107314959375536,
            "min": 0.00352,
            "med": 0.005247,
            "max": 2.476544
        },
        "http_req_duration": {
            "p(95)": 516.0440778,
            "avg": 383.0814071591227,
            "min": 3.991205,
            "med": 388.841648,
            "max": 10683.427413,
            "p(90)": 501.3809918
        },
        "vus": {
            "value": 200,
            "min": 200,
            "max": 200
        },
        "vus_max": {
            "value": 200,
            "min": 200,
            "max": 200
        },
        "http_req_failed": {
            "passes": 0,
            "fails": 31385,
            "value": 0
        },
        "iteration_duration": {
            "avg": 383.20654922545657,
            "min": 4.122817,
            "med": 388.951158,
            "max": 10689.267045,
            "p(90)": 501.49422400000003,
            "p(95)": 516.2203644
        }
    }
}