{
    "metrics": {
        "http_req_duration": {
            "avg": 400.352803321785,
            "min": 19.549332,
            "med": 399.7662235,
            "max": 1046.59335,
            "p(90)": 527.4919083999999,
            "p(95)": 595.3510825
        },
        "http_req_failed": {
            "passes": 0,
            "fails": 30020,
            "value": 0
        },
        "iterations": {
            "count": 30020,
            "rate": 498.9694312210852
        },
        "http_reqs": {
            "rate": 498.9694312210852,
            "count": 30020
        },
        "http_req_connecting": {
            "max": 5.735566,
            "p(90)": 0,
            "p(95)": 0,
            "avg": 0.0034807173550966,
            "min": 0,
            "med": 0
        },
        "vus_max": {
            "min": 200,
            "max": 200,
            "value": 200
        },
        "vus": {
            "value": 200,
            "min": 200,
            "max": 200
        },
        "iteration_duration": {
            "med": 399.8944035,
            "max": 1051.174156,
            "p(90)": 527.582307,
            "p(95)": 595.4589819500001,
            "avg": 400.477954122487,
            "min": 19.648166
        },
        "data_received": {
            "count": 5671938,
            "rate": 94274.60618858293
        },
        "http_req_sending": {
            "p(90)": 0.023116200000000007,
            "p(95)": 0.027267299999999994,
            "avg": 0.02606033644237161,
            "min": 0.011643,
            "med": 0.016735,
            "max": 7.32524
        },
        "http_req_waiting": {
            "avg": 370.9588710556623,
            "min": 7.466663,
            "med": 395.7044735,
            "max": 945.161031,
            "p(90)": 513.8909520000001,
            "p(95)": 591.0659991499999
        },
        "http_req_blocked": {
            "max": 6.335477,
            "p(90)": 0.007272100000000002,
            "p(95)": 0.0082061,
            "avg": 0.014733260293137792,
            "min": 0.003727,
            "med": 0.005298
        },
        "http_req_tls_handshaking": {
            "avg": 0,
            "min": 0,
            "med": 0,
            "max": 0,
            "p(90)": 0,
            "p(95)": 0
        },
        "http_req_receiving": {
            "avg": 29.367871929680266,
            "min": 0.044878,
            "med": 1.444506,
            "max": 387.212737,
            "p(90)": 102.4993587,
            "p(95)": 115.41123775
        },
        "http_req_duration{expected_response:true}": {
            "avg": 400.352803321785,
            "min": 19.549332,
            "med": 399.7662235,
            "max": 1046.59335,
            "p(90)": 527.4919083999999,
            "p(95)": 595.3510825
        },
        "data_sent": {
            "count": 9516340,
            "rate": 158173.309697084
        }
    },
    "root_group": {
        "name": "",
        "path": "",
        "id": "d41d8cd98f00b204e9800998ecf8427e",
        "groups": {},
        "checks": {}
    }
}