{
    "metrics": {
        "http_req_sending": {
            "p(90)": 0.027386800000000003,
            "p(95)": 0.034334899999999995,
            "avg": 0.02099150081574656,
            "min": 0.011598,
            "med": 0.01704,
            "max": 4.938567
        },
        "http_req_tls_handshaking": {
            "avg": 0,
            "min": 0,
            "med": 0,
            "max": 0,
            "p(90)": 0,
            "p(95)": 0
        },
        "http_req_blocked": {
            "min": 0.003355,
            "med": 0.005309,
            "max": 2.94266,
            "p(90)": 0.007575800000000003,
            "p(95)": 0.011921499999999972,
            "avg": 0.007682223970668274
        },
        "http_req_connecting": {
            "p(95)": 0,
            "avg": 0.000867278985316562,
            "min": 0,
            "med": 0,
            "max": 1.441919,
            "p(90)": 0
        },
        "http_req_failed": {
            "passes": 0,
            "fails": 57003,
            "value": 0
        },
        "http_req_duration{expected_response:true}": {
            "avg": 210.7961755729349,
            "min": 1.845467,
            "med": 201.829902,
            "max": 4693.178425,
            "p(90)": 295.57262180000004,
            "p(95)": 302.4859490999999
        },
        "iterations": {
            "count": 57003,
            "rate": 947.0338154245574
        },
        "vus": {
            "value": 200,
            "min": 200,
            "max": 200
        },
        "data_received": {
            "rate": 136372.86942113627,
            "count": 8208432
        },
        "data_sent": {
            "count": 16473867,
            "rate": 273692.7726576971
        },
        "http_reqs": {
            "rate": 947.0338154245574,
            "count": 57003
        },
        "iteration_duration": {
            "avg": 210.9345680496623,
            "min": 1.949864,
            "med": 201.971536,
            "max": 4693.722565,
            "p(90)": 295.71109079999997,
            "p(95)": 302.60687809999996
        },
        "http_req_waiting": {
            "p(90)": 293.89925,
            "p(95)": 300.9801025,
            "avg": 196.14812842946742,
            "min": 1.70953,
            "med": 198.772191,
            "max": 4692.077779
        },
        "http_req_receiving": {
            "avg": 14.627055642650244,
            "min": 0.03347,
            "med": 1.136159,
            "max": 199.176836,
            "p(90)": 80.45107120000003,
            "p(95)": 90.4953536
        },
        "http_req_duration": {
            "med": 201.829902,
            "max": 4693.178425,
            "p(90)": 295.57262180000004,
            "p(95)": 302.4859490999999,
            "avg": 210.7961755729349,
            "min": 1.845467
        },
        "vus_max": {
            "value": 200,
            "min": 200,
            "max": 200
        }
    },
    "root_group": {
        "name": "",
        "path": "",
        "id": "d41d8cd98f00b204e9800998ecf8427e",
        "groups": {},
        "checks": {}
    }
}