{
    "root_group": {
        "name": "",
        "path": "",
        "id": "d41d8cd98f00b204e9800998ecf8427e",
        "groups": {},
        "checks": {}
    },
    "metrics": {
        "http_req_tls_handshaking": {
            "avg": 0,
            "min": 0,
            "med": 0,
            "max": 0,
            "p(90)": 0,
            "p(95)": 0
        },
        "http_req_sending": {
            "avg": 0.022106618564974215,
            "min": 0.010808,
            "med": 0.01834,
            "max": 4.892391,
            "p(90)": 0.02904790000000001,
            "p(95)": 0.03580924999999998
        },
        "http_req_receiving": {
            "avg": 9.326315872141564,
            "min": 0.026618,
            "med": 1.165914,
            "max": 360.023328,
            "p(90)": 20.089124000000268,
            "p(95)": 77.29547344999999
        },
        "vus": {
            "value": 200,
            "min": 200,
            "max": 200
        },
        "http_reqs": {
            "rate": 1677.6863275948667,
            "count": 100932
        },
        "http_req_duration": {
            "p(95)": 197.59288709999998,
            "avg": 118.8790004357195,
            "min": 0.820874,
            "med": 105.624651,
            "max": 582.603385,
            "p(90)": 190.2150144
        },
        "http_req_connecting": {
            "avg": 0.0005743577854397017,
            "min": 0,
            "med": 0,
            "max": 1.924999,
            "p(90)": 0,
            "p(95)": 0
        },
        "iteration_duration": {
            "med": 105.774719,
            "max": 582.757081,
            "p(90)": 190.36985180000002,
            "p(95)": 197.73750825,
            "avg": 119.02435370998342,
            "min": 0.920884
        },
        "vus_max": {
            "value": 200,
            "min": 200,
            "max": 200
        },
        "data_sent": {
            "rate": 412710.8365883372,
            "count": 24829272
        },
        "data_received": {
            "count": 14534208,
            "rate": 241586.83117366082
        },
        "iterations": {
            "count": 100932,
            "rate": 1677.6863275948667
        },
        "http_req_duration{expected_response:true}": {
            "p(90)": 190.2150144,
            "p(95)": 197.59288709999998,
            "avg": 118.8790004357195,
            "min": 0.820874,
            "med": 105.624651,
            "max": 582.603385
        },
        "http_req_failed": {
            "fails": 100932,
            "passes": 0,
            "value": 0
        },
        "http_req_waiting": {
            "avg": 109.53057794501275,
            "min": 0.77261,
            "med": 102.01044049999999,
            "max": 582.055735,
            "p(90)": 187.376425,
            "p(95)": 195.13678314999999
        },
        "http_req_blocked": {
            "med": 0.005842,
            "max": 2.019693,
            "p(90)": 0.009087,
            "p(95)": 0.012182449999999997,
            "avg": 0.007769916904450386,
            "min": 0.003341
        }
    }
}