{
    "root_group": {
        "checks": {},
        "name": "",
        "path": "",
        "id": "d41d8cd98f00b204e9800998ecf8427e",
        "groups": {}
    },
    "metrics": {
        "http_req_tls_handshaking": {
            "min": 0,
            "med": 0,
            "max": 0,
            "p(90)": 0,
            "p(95)": 0,
            "avg": 0
        },
        "data_received": {
            "rate": 282939.19071746717,
            "count": 16988256
        },
        "http_req_duration": {
            "avg": 101.59460946986789,
            "min": 0.801734,
            "med": 99.2762725,
            "max": 2138.572375,
            "p(90)": 180.9964564,
            "p(95)": 188.72845909999998
        },
        "http_req_connecting": {
            "med": 0,
            "max": 2.744564,
            "p(90)": 0,
            "p(95)": 0,
            "avg": 0.0005755189363758115,
            "min": 0
        },
        "http_req_receiving": {
            "avg": 8.212399089773891,
            "min": 0.02804,
            "med": 1.2064560000000002,
            "max": 113.109717,
            "p(90)": 8.4912294,
            "p(95)": 78.87001234999995
        },
        "http_req_failed": {
            "passes": 0,
            "fails": 117974,
            "value": 0
        },
        "http_req_sending": {
            "max": 5.347579,
            "p(90)": 0.03136009999999999,
            "p(95)": 0.037036699999999985,
            "avg": 0.02362564675267408,
            "min": 0.011078,
            "med": 0.019561
        },
        "data_sent": {
            "count": 29021604,
            "rate": 483354.4508090064
        },
        "vus": {
            "min": 200,
            "max": 200,
            "value": 200
        },
        "http_reqs": {
            "count": 117974,
            "rate": 1964.855491093522
        },
        "iteration_duration": {
            "avg": 101.74857238952684,
            "min": 0.882915,
            "med": 99.42828499999999,
            "max": 2140.1047,
            "p(90)": 181.1602911,
            "p(95)": 188.88529574999998
        },
        "vus_max": {
            "min": 200,
            "max": 200,
            "value": 200
        },
        "iterations": {
            "count": 117974,
            "rate": 1964.855491093522
        },
        "http_req_duration{expected_response:true}": {
            "med": 99.2762725,
            "max": 2138.572375,
            "p(90)": 180.9964564,
            "p(95)": 188.72845909999998,
            "avg": 101.59460946986789,
            "min": 0.801734
        },
        "http_req_blocked": {
            "avg": 0.008538041670198507,
            "min": 0.003501,
            "med": 0.006415,
            "max": 14.74417,
            "p(90)": 0.010210699999999996,
            "p(95)": 0.01302634999999999
        },
        "http_req_waiting": {
            "med": 97.1736215,
            "max": 2137.337587,
            "p(90)": 175.2511844,
            "p(95)": 186.38202715,
            "avg": 93.35858473333955,
            "min": 0.70916
        }
    }
}