{
    "metrics": {
        "http_req_blocked": {
            "avg": 0.007935223985218478,
            "min": 0.003446,
            "med": 0.005876,
            "max": 5.611449,
            "p(90)": 0.008416,
            "p(95)": 0.011347
        },
        "iteration_duration": {
            "min": 0.907513,
            "med": 98.753563,
            "max": 3770.215242,
            "p(90)": 172.953088,
            "p(95)": 185.5047925,
            "avg": 99.51225388409156
        },
        "vus": {
            "value": 200,
            "min": 200,
            "max": 200
        },
        "vus_max": {
            "value": 200,
            "min": 200,
            "max": 200
        },
        "http_req_waiting": {
            "med": 96.621358,
            "max": 3767.757875,
            "p(90)": 117.232373,
            "p(95)": 183.199868,
            "avg": 91.26927639760994,
            "min": 0.63672
        },
        "data_sent": {
            "count": 29689986,
            "rate": 494213.75292279496
        },
        "http_reqs": {
            "count": 120691,
            "rate": 2008.9989956211177
        },
        "data_received": {
            "count": 17379504,
            "rate": 289295.855369441
        },
        "http_req_tls_handshaking": {
            "max": 0,
            "p(90)": 0,
            "p(95)": 0,
            "avg": 0,
            "min": 0,
            "med": 0
        },
        "http_req_connecting": {
            "med": 0,
            "max": 5.280396,
            "p(90)": 0,
            "p(95)": 0,
            "avg": 0.0006648897100860878,
            "min": 0
        },
        "http_req_failed": {
            "passes": 0,
            "fails": 120691,
            "value": 0
        },
        "iterations": {
            "count": 120691,
            "rate": 2008.9989956211177
        },
        "http_req_sending": {
            "avg": 0.020419453480375258,
            "min": 0.010794,
            "med": 0.018024,
            "max": 5.116009,
            "p(90)": 0.026793,
            "p(95)": 0.0332005
        },
        "http_req_receiving": {
            "avg": 8.083470311746613,
            "min": 0.026071,
            "med": 1.171874,
            "max": 103.540263,
            "p(90)": 8.005064,
            "p(95)": 78.086473
        },
        "http_req_duration": {
            "avg": 99.37316616283626,
            "min": 0.815431,
            "med": 98.618346,
            "max": 3769.586693,
            "p(90)": 172.824281,
            "p(95)": 185.36152850000002
        },
        "http_req_duration{expected_response:true}": {
            "avg": 99.37316616283626,
            "min": 0.815431,
            "med": 98.618346,
            "max": 3769.586693,
            "p(90)": 172.824281,
            "p(95)": 185.36152850000002
        }
    },
    "root_group": {
        "name": "",
        "path": "",
        "id": "d41d8cd98f00b204e9800998ecf8427e",
        "groups": {},
        "checks": {}
    }
}