{
    "root_group": {
        "name": "",
        "path": "",
        "id": "d41d8cd98f00b204e9800998ecf8427e",
        "groups": {},
        "checks": {}
    },
    "metrics": {
        "iterations": {
            "count": 91609,
            "rate": 1523.753314628275
        },
        "vus_max": {
            "value": 200,
            "min": 200,
            "max": 200
        },
        "http_req_waiting": {
            "p(95)": 203.08391679999997,
            "avg": 120.10238018716323,
            "min": 1.802301,
            "med": 105.521306,
            "max": 608.78829,
            "p(90)": 195.5401516
        },
        "http_reqs": {
            "count": 91609,
            "rate": 1523.753314628275
        },
        "http_req_blocked": {
            "max": 5.407253,
            "p(90)": 0.007771,
            "p(95)": 0.011232199999999982,
            "avg": 0.007760408933620102,
            "min": 0.003502,
            "med": 0.005745
        },
        "http_req_failed": {
            "passes": 0,
            "fails": 91609,
            "value": 0
        },
        "data_received": {
            "count": 17308143,
            "rate": 287890.2756968221
        },
        "iteration_duration": {
            "min": 2.052124,
            "med": 110.420282,
            "max": 614.72899,
            "p(90)": 198.5956902,
            "p(95)": 206.8585556,
            "avg": 131.10477568786877
        },
        "http_req_duration{expected_response:true}": {
            "max": 614.143758,
            "p(90)": 198.470347,
            "p(95)": 206.73210499999996,
            "avg": 130.96568481326105,
            "min": 1.956885,
            "med": 110.284851
        },
        "http_req_connecting": {
            "med": 0,
            "max": 1.351944,
            "p(90)": 0,
            "p(95)": 0,
            "avg": 0.0005405824427730897,
            "min": 0
        },
        "data_sent": {
            "count": 22535814,
            "rate": 374843.3153985556
        },
        "http_req_duration": {
            "avg": 130.96568481326105,
            "min": 1.956885,
            "med": 110.284851,
            "max": 614.143758,
            "p(90)": 198.470347,
            "p(95)": 206.73210499999996
        },
        "http_req_tls_handshaking": {
            "med": 0,
            "max": 0,
            "p(90)": 0,
            "p(95)": 0,
            "avg": 0,
            "min": 0
        },
        "http_req_sending": {
            "avg": 0.0209234117717692,
            "min": 0.011482,
            "med": 0.018305,
            "max": 7.202433,
            "p(90)": 0.026687199999999998,
            "p(95)": 0.03360799999999996
        },
        "http_req_receiving": {
            "avg": 10.842381214324053,
            "min": 0.035929,
            "med": 1.478871,
            "max": 285.490969,
            "p(90)": 60.1325278,
            "p(95)": 81.7999766
        },
        "vus": {
            "value": 200,
            "min": 200,
            "max": 200
        }
    }
}