{
    "root_group": {
        "name": "",
        "path": "",
        "id": "d41d8cd98f00b204e9800998ecf8427e",
        "groups": {},
        "checks": {}
    },
    "metrics": {
        "iterations": {
            "count": 100173,
            "rate": 1668.1730805975055
        },
        "http_req_failed": {
            "passes": 0,
            "fails": 100173,
            "value": 0
        },
        "vus_max": {
            "max": 200,
            "value": 200,
            "min": 200
        },
        "http_req_duration": {
            "avg": 119.68564906766258,
            "min": 1.183679,
            "med": 106.787784,
            "max": 399.358583,
            "p(90)": 191.05852600000003,
            "p(95)": 198.44097979999998
        },
        "http_req_duration{expected_response:true}": {
            "p(90)": 191.05852600000003,
            "p(95)": 198.44097979999998,
            "avg": 119.68564906766258,
            "min": 1.183679,
            "med": 106.787784,
            "max": 399.358583
        },
        "http_req_receiving": {
            "avg": 10.113384790422556,
            "min": 0.033895,
            "med": 1.40171,
            "max": 286.217715,
            "p(90)": 25.362007800000004,
            "p(95)": 77.270429
        },
        "data_sent": {
            "count": 27447402,
            "rate": 457079.4240837165
        },
        "iteration_duration": {
            "p(90)": 191.1907482,
            "p(95)": 198.568188,
            "avg": 119.81914186807798,
            "min": 1.320653,
            "med": 106.919289,
            "max": 399.463691
        },
        "http_reqs": {
            "count": 100173,
            "rate": 1668.1730805975055
        },
        "http_req_sending": {
            "min": 0.011105,
            "med": 0.018102,
            "max": 6.298787,
            "p(90)": 0.025104,
            "p(95)": 0.03155539999999996,
            "avg": 0.021822919698920924
        },
        "http_req_tls_handshaking": {
            "avg": 0,
            "min": 0,
            "med": 0,
            "max": 0,
            "p(90)": 0,
            "p(95)": 0
        },
        "http_req_connecting": {
            "avg": 0.0014471677398101286,
            "min": 0,
            "med": 0,
            "max": 3.647373,
            "p(90)": 0,
            "p(95)": 0
        },
        "data_received": {
            "count": 18926567,
            "rate": 315182.6298256525
        },
        "vus": {
            "value": 200,
            "min": 200,
            "max": 200
        },
        "http_req_blocked": {
            "avg": 0.012072545685963283,
            "min": 0.003588,
            "med": 0.00575,
            "max": 8.936956,
            "p(90)": 0.007751,
            "p(95)": 0.009477
        },
        "http_req_waiting": {
            "avg": 109.55044135754046,
            "min": 1.00814,
            "med": 102.179016,
            "max": 396.806921,
            "p(90)": 187.177371,
            "p(95)": 195.07108939999998
        }
    }
}