{
    "metrics": {
        "http_req_waiting": {
            "max": 4369.734848,
            "p(90)": 179.6535316,
            "p(95)": 187.89793629999994,
            "avg": 96.85241902375054,
            "min": 0.707595,
            "med": 98.10629
        },
        "iterations": {
            "count": 113635,
            "rate": 1892.1386365095893
        },
        "http_req_blocked": {
            "avg": 0.007775079544154511,
            "min": 0.003393,
            "med": 0.006069,
            "max": 1.871877,
            "p(90)": 0.009216,
            "p(95)": 0.012247
        },
        "http_reqs": {
            "count": 113635,
            "rate": 1892.1386365095893
        },
        "http_req_duration": {
            "med": 100.441662,
            "max": 4370.265331,
            "p(90)": 183.5403228,
            "p(95)": 189.99177079999998,
            "avg": 105.51791563299308,
            "min": 0.82411
        },
        "http_req_tls_handshaking": {
            "med": 0,
            "max": 0,
            "p(90)": 0,
            "p(95)": 0,
            "avg": 0,
            "min": 0
        },
        "http_req_receiving": {
            "avg": 8.644078852721398,
            "min": 0.024166,
            "med": 1.27913,
            "max": 108.249709,
            "p(90)": 9.605725600000033,
            "p(95)": 78.79501389999999
        },
        "data_sent": {
            "rate": 465466.10458135896,
            "count": 27954210
        },
        "http_req_connecting": {
            "avg": 0.0005992265763189157,
            "min": 0,
            "med": 0,
            "max": 1.797401,
            "p(90)": 0,
            "p(95)": 0
        },
        "data_received": {
            "rate": 272467.96365738084,
            "count": 16363440
        },
        "vus": {
            "value": 200,
            "min": 200,
            "max": 200
        },
        "http_req_sending": {
            "avg": 0.02141775651867804,
            "min": 0.010845,
            "med": 0.018637,
            "max": 4.508658,
            "p(90)": 0.028537,
            "p(95)": 0.03479
        },
        "iteration_duration": {
            "avg": 105.65983077929286,
            "min": 0.921178,
            "med": 100.580909,
            "max": 4370.817964,
            "p(90)": 183.68857300000002,
            "p(95)": 190.1402272
        },
        "http_req_failed": {
            "passes": 0,
            "fails": 113635,
            "value": 0
        },
        "http_req_duration{expected_response:true}": {
            "p(95)": 189.99177079999998,
            "avg": 105.51791563299308,
            "min": 0.82411,
            "med": 100.441662,
            "max": 4370.265331,
            "p(90)": 183.5403228
        },
        "vus_max": {
            "value": 200,
            "min": 200,
            "max": 200
        }
    },
    "root_group": {
        "checks": {},
        "name": "",
        "path": "",
        "id": "d41d8cd98f00b204e9800998ecf8427e",
        "groups": {}
    }
}