{
    "metrics": {
        "iteration_duration": {
            "p(95)": 997.1716897,
            "avg": 706.4130423728463,
            "min": 7.193723,
            "med": 628.9450899999999,
            "max": 19931.188099,
            "p(90)": 905.3016642000001
        },
        "data_received": {
            "count": 2452896,
            "rate": 40714.878105950906
        },
        "vus_max": {
            "value": 200,
            "min": 159,
            "max": 200
        },
        "http_reqs": {
            "count": 17034,
            "rate": 282.74220906910347
        },
        "http_req_duration": {
            "p(90)": 905.1889271,
            "p(95)": 997.0617829,
            "avg": 706.2921764411757,
            "min": 7.053671,
            "med": 628.8045225,
            "max": 19930.59129
        },
        "http_req_tls_handshaking": {
            "max": 0,
            "p(90)": 0,
            "p(95)": 0,
            "avg": 0,
            "min": 0,
            "med": 0
        },
        "data_sent": {
            "count": 10407774,
            "rate": 172755.48974122223
        },
        "http_req_failed": {
            "passes": 0,
            "fails": 17034,
            "value": 0
        },
        "http_req_connecting": {
            "med": 0,
            "max": 2.501302,
            "p(90)": 0,
            "p(95)": 0,
            "avg": 0.0031610306445931675,
            "min": 0
        },
        "http_req_waiting": {
            "med": 609.126863,
            "max": 19853.657929,
            "p(90)": 903.6322982,
            "p(95)": 995.50810755,
            "avg": 668.2244629292582,
            "min": 4.474814
        },
        "http_req_duration{expected_response:true}": {
            "min": 7.053671,
            "med": 628.8045225,
            "max": 19930.59129,
            "p(90)": 905.1889271,
            "p(95)": 997.0617829,
            "avg": 706.2921764411757
        },
        "http_req_receiving": {
            "avg": 38.04760915017043,
            "min": 0.037291,
            "med": 1.0722844999999999,
            "max": 494.512898,
            "p(90)": 186.9410134,
            "p(95)": 206.29689485
        },
        "iterations": {
            "count": 17034,
            "rate": 282.74220906910347
        },
        "vus": {
            "min": 0,
            "max": 200,
            "value": 200
        },
        "http_req_sending": {
            "p(95)": 0.02806919999999998,
            "avg": 0.020104361747094256,
            "min": 0.011794,
            "med": 0.017191,
            "max": 1.740292,
            "p(90)": 0.023774600000000003
        },
        "http_req_blocked": {
            "min": 0.003618,
            "med": 0.005324,
            "max": 2.572437,
            "p(90)": 0.007266700000000001,
            "p(95)": 0.008590349999999998,
            "avg": 0.010247628272866079
        }
    },
    "root_group": {
        "name": "",
        "path": "",
        "id": "d41d8cd98f00b204e9800998ecf8427e",
        "groups": {},
        "checks": {}
    }
}