{
    "root_group": {
        "name": "",
        "path": "",
        "id": "d41d8cd98f00b204e9800998ecf8427e",
        "groups": {},
        "checks": {}
    },
    "metrics": {
        "http_reqs": {
            "count": 19811,
            "rate": 328.5437487709003
        },
        "http_req_tls_handshaking": {
            "avg": 0,
            "min": 0,
            "med": 0,
            "max": 0,
            "p(90)": 0,
            "p(95)": 0
        },
        "http_req_waiting": {
            "avg": 576.9661140218527,
            "min": 3.751527,
            "med": 521.901536,
            "max": 18478.985624,
            "p(90)": 792.533204,
            "p(95)": 810.004893
        },
        "iteration_duration": {
            "med": 588.462221,
            "max": 18481.284473,
            "p(90)": 794.544866,
            "p(95)": 813.427175,
            "avg": 608.2140881061548,
            "min": 3.926735
        },
        "data_sent": {
            "count": 12104521,
            "rate": 200740.2304990201
        },
        "http_req_duration": {
            "avg": 608.0892179832907,
            "min": 3.822566,
            "med": 588.368654,
            "max": 18480.034591,
            "p(90)": 794.436562,
            "p(95)": 813.3237185
        },
        "http_req_duration{expected_response:true}": {
            "avg": 608.0892179832907,
            "min": 3.822566,
            "med": 588.368654,
            "max": 18480.034591,
            "p(90)": 794.436562,
            "p(95)": 813.3237185
        },
        "http_req_connecting": {
            "avg": 0.002646579778910705,
            "min": 0,
            "med": 0,
            "max": 1.211339,
            "p(90)": 0,
            "p(95)": 0
        },
        "http_req_failed": {
            "passes": 0,
            "fails": 19811,
            "value": 0
        },
        "http_req_blocked": {
            "max": 2.289053,
            "p(90)": 0.007173,
            "p(95)": 0.0085185,
            "avg": 0.01022555666044121,
            "min": 0.003535,
            "med": 0.005158
        },
        "iterations": {
            "count": 19811,
            "rate": 328.5437487709003
        },
        "vus": {
            "value": 200,
            "min": 0,
            "max": 200
        },
        "http_req_sending": {
            "p(90)": 0.02332,
            "p(95)": 0.0282215,
            "avg": 0.02082900646105694,
            "min": 0.011922,
            "med": 0.016703,
            "max": 4.279691
        },
        "vus_max": {
            "value": 200,
            "min": 177,
            "max": 200
        },
        "http_req_receiving": {
            "med": 1.103004,
            "max": 388.473201,
            "p(90)": 108.3794,
            "p(95)": 191.950284,
            "avg": 31.102274954974376,
            "min": 0.032023
        },
        "data_received": {
            "rate": 47310.29982300965,
            "count": 2852784
        }
    }
}