{
    "root_group": {
        "path": "",
        "id": "d41d8cd98f00b204e9800998ecf8427e",
        "groups": {},
        "checks": {},
        "name": ""
    },
    "metrics": {
        "http_req_tls_handshaking": {
            "med": 0,
            "max": 0,
            "p(90)": 0,
            "p(95)": 0,
            "avg": 0,
            "min": 0
        },
        "http_req_sending": {
            "avg": 0.02334439329140455,
            "min": 0.011646,
            "med": 0.017352,
            "max": 2.766138,
            "p(90)": 0.0274008,
            "p(95)": 0.03366869999999998
        },
        "http_req_connecting": {
            "med": 0,
            "max": 1.060612,
            "p(90)": 0,
            "p(95)": 0,
            "avg": 0.0025137057801737036,
            "min": 0
        },
        "http_req_failed": {
            "passes": 0,
            "fails": 16695,
            "value": 0
        },
        "http_req_duration{expected_response:true}": {
            "min": 119.332295,
            "med": 700.358751,
            "max": 2562.130756,
            "p(90)": 1002.5502703999999,
            "p(95)": 1098.1164535,
            "avg": 720.467193130581
        },
        "data_sent": {
            "count": 10200645,
            "rate": 169483.6364874723
        },
        "vus": {
            "value": 200,
            "min": 0,
            "max": 200
        },
        "http_reqs": {
            "count": 16695,
            "rate": 277.3872937601838
        },
        "http_req_duration": {
            "max": 2562.130756,
            "p(90)": 1002.5502703999999,
            "p(95)": 1098.1164535,
            "avg": 720.467193130581,
            "min": 119.332295,
            "med": 700.358751
        },
        "http_req_blocked": {
            "p(95)": 0.016184599999999997,
            "avg": 0.011206350284516248,
            "min": 0.003502,
            "med": 0.00514,
            "max": 2.648804,
            "p(90)": 0.007301600000000001
        },
        "data_received": {
            "count": 3154380,
            "rate": 52409.99890333924
        },
        "http_req_receiving": {
            "p(95)": 210.0585894,
            "avg": 47.7170015357895,
            "min": 0.045915,
            "med": 1.540921,
            "max": 694.167056,
            "p(90)": 194.76804980000003
        },
        "iterations": {
            "count": 16695,
            "rate": 277.3872937601838
        },
        "vus_max": {
            "value": 200,
            "min": 136,
            "max": 200
        },
        "http_req_waiting": {
            "p(95)": 1093.9269494,
            "avg": 672.7268472014972,
            "min": 103.895799,
            "med": 693.288034,
            "max": 2560.965988,
            "p(90)": 998.7307276
        },
        "iteration_duration": {
            "max": 2567.178473,
            "p(90)": 1002.689758,
            "p(95)": 1098.2387847999998,
            "avg": 720.6061078955946,
            "min": 119.505385,
            "med": 700.49918
        }
    }
}