{
    "root_group": {
        "id": "d41d8cd98f00b204e9800998ecf8427e",
        "groups": {},
        "checks": {},
        "name": "",
        "path": ""
    },
    "metrics": {
        "http_req_waiting": {
            "p(90)": 891.512269,
            "p(95)": 911.3535360000001,
            "avg": 610.4666558455758,
            "min": 15.751861,
            "med": 610.273419,
            "max": 1402.792762
        },
        "iteration_duration": {
            "med": 622.629029,
            "max": 1412.212791,
            "p(90)": 895.211764,
            "p(95)": 926.2194529999999,
            "avg": 653.4547864024263,
            "min": 121.875822
        },
        "vus": {
            "value": 200,
            "min": 200,
            "max": 200
        },
        "iterations": {
            "count": 18391,
            "rate": 305.8367832958769
        },
        "http_req_blocked": {
            "p(90)": 0.007338,
            "p(95)": 0.008578,
            "avg": 0.021372739655266065,
            "min": 0.003637,
            "med": 0.005216,
            "max": 11.067391
        },
        "http_req_receiving": {
            "max": 506.50884,
            "p(90)": 188.594015,
            "p(95)": 203.71511650000002,
            "avg": 42.81954472182014,
            "min": 0.036979,
            "med": 1.466951
        },
        "http_req_connecting": {
            "p(95)": 0,
            "avg": 0.004687440269697135,
            "min": 0,
            "med": 0,
            "max": 3.603864,
            "p(90)": 0
        },
        "vus_max": {
            "value": 200,
            "min": 200,
            "max": 200
        },
        "http_req_tls_handshaking": {
            "avg": 0,
            "min": 0,
            "med": 0,
            "max": 0,
            "p(90)": 0,
            "p(95)": 0
        },
        "http_req_sending": {
            "med": 0.016786,
            "max": 9.152284,
            "p(90)": 0.023727,
            "p(95)": 0.0284,
            "avg": 0.02947475460823197,
            "min": 0.011968
        },
        "http_req_duration{expected_response:true}": {
            "avg": 653.3156753220003,
            "min": 121.761045,
            "med": 622.50957,
            "max": 1412.093428,
            "p(90)": 895.078746,
            "p(95)": 926.1061589999999
        },
        "data_received": {
            "rate": 57784.84274498104,
            "count": 3474798
        },
        "http_reqs": {
            "count": 18391,
            "rate": 305.8367832958769
        },
        "http_req_failed": {
            "fails": 18391,
            "passes": 0,
            "value": 0
        },
        "http_req_duration": {
            "max": 1412.093428,
            "p(90)": 895.078746,
            "p(95)": 926.1061589999999,
            "avg": 653.3156753220003,
            "min": 121.761045,
            "med": 622.50957
        },
        "data_sent": {
            "count": 11586330,
            "rate": 192677.17347640244
        }
    }
}