{
    "root_group": {
        "name": "",
        "path": "",
        "id": "d41d8cd98f00b204e9800998ecf8427e",
        "groups": {},
        "checks": {}
    },
    "metrics": {
        "http_req_blocked": {
            "min": 0.003498,
            "med": 0.005262,
            "max": 1.678989,
            "p(90)": 0.007216200000000001,
            "p(95)": 0.008857599999999992,
            "avg": 0.010421296749038446
        },
        "http_reqs": {
            "count": 18979,
            "rate": 315.5188434001815
        },
        "http_req_tls_handshaking": {
            "p(95)": 0,
            "avg": 0,
            "min": 0,
            "med": 0,
            "max": 0,
            "p(90)": 0
        },
        "vus": {
            "value": 200,
            "min": 0,
            "max": 200
        },
        "http_req_duration{expected_response:true}": {
            "avg": 633.1295536391274,
            "min": 6.030651,
            "med": 595.465514,
            "max": 19227.142641,
            "p(90)": 804.0478793999999,
            "p(95)": 893.2004503
        },
        "vus_max": {
            "value": 200,
            "min": 167,
            "max": 200
        },
        "http_req_waiting": {
            "avg": 599.9865117716912,
            "min": 5.969669,
            "med": 590.085508,
            "max": 19226.289879,
            "p(90)": 802.3380934,
            "p(95)": 891.5033579
        },
        "http_req_duration": {
            "med": 595.465514,
            "max": 19227.142641,
            "p(90)": 804.0478793999999,
            "p(95)": 893.2004503,
            "avg": 633.1295536391274,
            "min": 6.030651
        },
        "iteration_duration": {
            "min": 6.130993,
            "med": 595.566311,
            "max": 19230.840257,
            "p(90)": 804.1536216,
            "p(95)": 893.310403,
            "avg": 633.2542662125479
        },
        "data_sent": {
            "count": 11596169,
            "rate": 192782.0133175109
        },
        "data_received": {
            "count": 2732976,
            "rate": 45434.713449626135
        },
        "http_req_sending": {
            "avg": 0.021232816534064225,
            "min": 0.011558,
            "med": 0.017129,
            "max": 3.024167,
            "p(90)": 0.0243972,
            "p(95)": 0.029396999999999986
        },
        "http_req_receiving": {
            "max": 402.121022,
            "p(90)": 113.53482220000001,
            "p(95)": 196.91609009999996,
            "avg": 33.121809050898406,
            "min": 0.03462,
            "med": 1.112688
        },
        "iterations": {
            "count": 18979,
            "rate": 315.5188434001815
        },
        "http_req_connecting": {
            "avg": 0.0029873944359555295,
            "min": 0,
            "med": 0,
            "max": 1.473628,
            "p(90)": 0,
            "p(95)": 0
        },
        "http_req_failed": {
            "passes": 0,
            "fails": 18979,
            "value": 0
        }
    }
}