{
    "metrics": {
        "http_req_connecting": {
            "med": 0,
            "max": 1.456028,
            "p(90)": 0,
            "p(95)": 0,
            "avg": 0.0027357455674760036,
            "min": 0
        },
        "http_req_receiving": {
            "avg": 35.81923940350099,
            "min": 0.040188,
            "med": 1.1903115,
            "max": 794.220137,
            "p(90)": 115.4516241,
            "p(95)": 196.6369843
        },
        "http_req_duration": {
            "avg": 679.2819303211159,
            "min": 49.888735,
            "med": 690.7465465,
            "max": 2142.2584,
            "p(90)": 903.0031686,
            "p(95)": 994.20243925
        },
        "http_req_blocked": {
            "p(95)": 0.016120199999999984,
            "avg": 0.010517895595708683,
            "min": 0.00361,
            "med": 0.005238,
            "max": 1.914164,
            "p(90)": 0.007262
        },
        "http_req_failed": {
            "passes": 0,
            "fails": 17710,
            "value": 0
        },
        "data_sent": {
            "count": 10820810,
            "rate": 179601.652543944
        },
        "data_received": {
            "rate": 42328.376376968794,
            "count": 2550240
        },
        "http_reqs": {
            "count": 17710,
            "rate": 293.94705817339445
        },
        "vus_max": {
            "value": 200,
            "min": 174,
            "max": 200
        },
        "http_req_duration{expected_response:true}": {
            "min": 49.888735,
            "med": 690.7465465,
            "max": 2142.2584,
            "p(90)": 903.0031686,
            "p(95)": 994.20243925,
            "avg": 679.2819303211159
        },
        "http_req_tls_handshaking": {
            "min": 0,
            "med": 0,
            "max": 0,
            "p(90)": 0,
            "p(95)": 0,
            "avg": 0
        },
        "iterations": {
            "count": 17710,
            "rate": 293.94705817339445
        },
        "http_req_sending": {
            "min": 0.0119,
            "med": 0.0182075,
            "max": 2.852908,
            "p(90)": 0.028084400000000002,
            "p(95)": 0.034794099999999994,
            "avg": 0.022301105815923206
        },
        "iteration_duration": {
            "p(90)": 903.1557352,
            "p(95)": 994.3148430499999,
            "avg": 679.4195924318997,
            "min": 50.952638,
            "med": 690.9113520000001,
            "max": 2143.976078
        },
        "vus": {
            "min": 0,
            "max": 200,
            "value": 200
        },
        "http_req_waiting": {
            "p(90)": 900.8444929,
            "p(95)": 991.7880730999999,
            "avg": 643.4403898117986,
            "min": 45.724991,
            "med": 679.8342255,
            "max": 2141.430488
        }
    },
    "root_group": {
        "groups": {},
        "checks": {},
        "name": "",
        "path": "",
        "id": "d41d8cd98f00b204e9800998ecf8427e"
    }
}