{
    "root_group": {
        "id": "d41d8cd98f00b204e9800998ecf8427e",
        "groups": {},
        "checks": {},
        "name": "",
        "path": ""
    },
    "metrics": {
        "http_req_duration": {
            "p(95)": 211.68572814999996,
            "avg": 120.91976180802038,
            "min": 1.012225,
            "med": 104.6312,
            "max": 493.995398,
            "p(90)": 193.99269689999997
        },
        "iterations": {
            "count": 99214,
            "rate": 1651.9749421691274
        },
        "vus_max": {
            "value": 200,
            "min": 200,
            "max": 200
        },
        "iteration_duration": {
            "p(90)": 194.0959887,
            "p(95)": 211.77165035000002,
            "avg": 121.0163412845761,
            "min": 1.083464,
            "med": 104.725624,
            "max": 494.084555
        },
        "http_req_connecting": {
            "min": 0,
            "med": 0,
            "max": 1.572094,
            "p(90)": 0,
            "p(95)": 0,
            "avg": 0.000582719948797549
        },
        "http_req_failed": {
            "fails": 99214,
            "passes": 0,
            "value": 0
        },
        "http_reqs": {
            "count": 99214,
            "rate": 1651.9749421691274
        },
        "http_req_tls_handshaking": {
            "med": 0,
            "max": 0,
            "p(90)": 0,
            "p(95)": 0,
            "avg": 0,
            "min": 0
        },
        "http_req_duration{expected_response:true}": {
            "p(95)": 211.68572814999996,
            "avg": 120.91976180802038,
            "min": 1.012225,
            "med": 104.6312,
            "max": 493.995398,
            "p(90)": 193.99269689999997
        },
        "http_req_waiting": {
            "avg": 110.49075025995435,
            "min": 0.836537,
            "med": 100.925742,
            "max": 491.592093,
            "p(90)": 189.8911841,
            "p(95)": 204.90499974999994
        },
        "data_sent": {
            "rate": 138765.89514220672,
            "count": 8333976
        },
        "http_req_receiving": {
            "p(90)": 32.85611209999996,
            "p(95)": 78.21342169999997,
            "avg": 10.409289224706269,
            "min": 0.034462,
            "med": 1.41299,
            "max": 306.803559
        },
        "vus": {
            "value": 200,
            "min": 200,
            "max": 200
        },
        "http_req_sending": {
            "p(90)": 0.022444,
            "p(95)": 0.027994049999999975,
            "avg": 0.019722323361622468,
            "min": 0.010466,
            "med": 0.016237,
            "max": 3.988846
        },
        "http_req_blocked": {
            "p(95)": 0.008844,
            "avg": 0.00760757540266493,
            "min": 0.003532,
            "med": 0.005499,
            "max": 3.888723,
            "p(90)": 0.007509
        },
        "data_received": {
            "count": 18745087,
            "rate": 312117.3827562669
        }
    }
}