{
    "root_group": {
        "name": "",
        "path": "",
        "id": "d41d8cd98f00b204e9800998ecf8427e",
        "groups": {},
        "checks": {}
    },
    "metrics": {
        "http_req_sending": {
            "p(95)": 0.032304,
            "avg": 0.023514912085635113,
            "min": 0.009993,
            "med": 0.017469,
            "max": 5.535514,
            "p(90)": 0.025788
        },
        "http_req_waiting": {
            "med": 96.57582500000001,
            "max": 4814.137354,
            "p(90)": 173.2892013,
            "p(95)": 187.12647925,
            "avg": 94.79653374196243,
            "min": 0.758171
        },
        "vus_max": {
            "value": 200,
            "min": 200,
            "max": 200
        },
        "http_req_connecting": {
            "avg": 0.0005178218059392268,
            "min": 0,
            "med": 0,
            "max": 2.228265,
            "p(90)": 0,
            "p(95)": 0
        },
        "http_req_receiving": {
            "med": 1.225045,
            "max": 438.724392,
            "p(90)": 9.70742950000001,
            "p(95)": 77.98657965,
            "avg": 8.679364227822841,
            "min": 0.026761
        },
        "vus": {
            "value": 200,
            "min": 200,
            "max": 200
        },
        "http_req_failed": {
            "passes": 0,
            "fails": 115840,
            "value": 0
        },
        "http_req_blocked": {
            "min": 0.003449,
            "med": 0.006133,
            "max": 6.542535,
            "p(90)": 0.008671,
            "p(95)": 0.01066,
            "avg": 0.007856049749654755
        },
        "iteration_duration": {
            "min": 1.02908,
            "med": 99.055911,
            "max": 4818.876561,
            "p(90)": 180.59448840000002,
            "p(95)": 189.68758329999997,
            "avg": 103.60347320627615
        },
        "http_reqs": {
            "rate": 1929.7377698948387,
            "count": 115840
        },
        "http_req_duration{expected_response:true}": {
            "max": 4815.441345,
            "p(90)": 180.480161,
            "p(95)": 189.57690025000002,
            "avg": 103.49941288187162,
            "min": 0.970689,
            "med": 98.9561965
        },
        "http_req_duration": {
            "avg": 103.49941288187162,
            "min": 0.970689,
            "med": 98.9561965,
            "max": 4815.441345,
            "p(90)": 180.480161,
            "p(95)": 189.57690025000002
        },
        "data_sent": {
            "count": 9730560,
            "rate": 162097.97267116644
        },
        "http_req_tls_handshaking": {
            "avg": 0,
            "min": 0,
            "med": 0,
            "max": 0,
            "p(90)": 0,
            "p(95)": 0
        },
        "data_received": {
            "count": 16680960,
            "rate": 277882.2388648568
        },
        "iterations": {
            "count": 115840,
            "rate": 1929.7377698948387
        }
    }
}