{
    "metrics": {
        "iterations": {
            "count": 101271,
            "rate": 1687.0585568268818
        },
        "http_req_duration": {
            "avg": 118.41860426417382,
            "min": 1.544352,
            "med": 103.751374,
            "max": 593.555955,
            "p(90)": 192.326361,
            "p(95)": 206.35405500000002
        },
        "iteration_duration": {
            "max": 593.673718,
            "p(90)": 192.421328,
            "p(95)": 206.4599865,
            "avg": 118.51161235702381,
            "min": 1.63973,
            "med": 103.840476
        },
        "http_req_duration{expected_response:true}": {
            "p(90)": 192.326361,
            "p(95)": 206.35405500000002,
            "avg": 118.41860426417382,
            "min": 1.544352,
            "med": 103.751374,
            "max": 593.555955
        },
        "http_req_tls_handshaking": {
            "med": 0,
            "max": 0,
            "p(90)": 0,
            "p(95)": 0,
            "avg": 0,
            "min": 0
        },
        "vus_max": {
            "value": 200,
            "min": 200,
            "max": 200
        },
        "http_req_waiting": {
            "p(95)": 201.52540649999997,
            "avg": 108.32208430358092,
            "min": 0.6923,
            "med": 100.145395,
            "max": 589.810663,
            "p(90)": 189.126536
        },
        "data_sent": {
            "count": 8506764,
            "rate": 141712.91877345808
        },
        "http_req_connecting": {
            "max": 0.660449,
            "p(90)": 0,
            "p(95)": 0,
            "avg": 0.00041552366422766647,
            "min": 0,
            "med": 0
        },
        "data_received": {
            "count": 14583024,
            "rate": 242936.43218307098
        },
        "vus": {
            "value": 200,
            "min": 200,
            "max": 200
        },
        "http_req_sending": {
            "avg": 0.01873919743065665,
            "min": 0.009957,
            "med": 0.015489,
            "max": 2.058019,
            "p(90)": 0.021161,
            "p(95)": 0.026024
        },
        "http_req_blocked": {
            "p(90)": 0.007402,
            "p(95)": 0.008362,
            "avg": 0.00686495713481635,
            "min": 0.003362,
            "med": 0.005322,
            "max": 1.770479
        },
        "http_req_failed": {
            "fails": 101271,
            "passes": 0,
            "value": 0
        },
        "http_req_receiving": {
            "p(90)": 27.507705,
            "p(95)": 78.116286,
            "avg": 10.077780763160197,
            "min": 0.029687,
            "med": 1.15464,
            "max": 387.239788
        },
        "http_reqs": {
            "count": 101271,
            "rate": 1687.0585568268818
        }
    },
    "root_group": {
        "checks": {},
        "name": "",
        "path": "",
        "id": "d41d8cd98f00b204e9800998ecf8427e",
        "groups": {}
    }
}