{
    "root_group": {
        "groups": {},
        "checks": {},
        "name": "",
        "path": "",
        "id": "d41d8cd98f00b204e9800998ecf8427e"
    },
    "metrics": {
        "http_req_connecting": {
            "p(95)": 0,
            "avg": 0.00042254922172545097,
            "min": 0,
            "med": 0,
            "max": 1.024453,
            "p(90)": 0
        },
        "vus_max": {
            "value": 200,
            "min": 200,
            "max": 200
        },
        "http_reqs": {
            "rate": 2011.8643104095136,
            "count": 120780
        },
        "http_req_duration{expected_response:true}": {
            "avg": 99.28098106523463,
            "min": 0.856513,
            "med": 97.9907535,
            "max": 4456.659191,
            "p(90)": 169.68519430000003,
            "p(95)": 186.20531899999997
        },
        "http_req_blocked": {
            "med": 0.005329,
            "max": 1.41983,
            "p(90)": 0.00744,
            "p(95)": 0.008724,
            "avg": 0.006861848766352093,
            "min": 0.003465
        },
        "http_req_failed": {
            "passes": 0,
            "fails": 120780,
            "value": 0
        },
        "http_req_receiving": {
            "p(95)": 77.46925689999998,
            "avg": 8.298948652930843,
            "min": 0.026407,
            "med": 1.132613,
            "max": 410.334607,
            "p(90)": 8.626720300000008
        },
        "data_sent": {
            "count": 10145520,
            "rate": 168996.60207439915
        },
        "data_received": {
            "count": 17392320,
            "rate": 289708.46069896995
        },
        "http_req_tls_handshaking": {
            "p(95)": 0,
            "avg": 0,
            "min": 0,
            "med": 0,
            "max": 0,
            "p(90)": 0
        },
        "http_req_waiting": {
            "med": 95.7289915,
            "max": 4456.022649,
            "p(90)": 125.21796550000002,
            "p(95)": 183.40646265,
            "avg": 90.96285701721288,
            "min": 0.796131
        },
        "iteration_duration": {
            "p(95)": 186.29882469999998,
            "avg": 99.37523626106032,
            "min": 0.920332,
            "med": 98.0821495,
            "max": 4460.099703,
            "p(90)": 169.75363610000016
        },
        "iterations": {
            "count": 120780,
            "rate": 2011.8643104095136
        },
        "http_req_duration": {
            "avg": 99.28098106523463,
            "min": 0.856513,
            "med": 97.9907535,
            "max": 4456.659191,
            "p(90)": 169.68519430000003,
            "p(95)": 186.20531899999997
        },
        "http_req_sending": {
            "avg": 0.01917539509024677,
            "min": 0.009936,
            "med": 0.015322,
            "max": 7.057661,
            "p(90)": 0.021411,
            "p(95)": 0.027111
        },
        "vus": {
            "value": 200,
            "min": 200,
            "max": 200
        }
    }
}