{
    "metrics": {
        "data_received": {
            "count": 18574854,
            "rate": 308896.0527034344
        },
        "vus_max": {
            "value": 200,
            "min": 200,
            "max": 200
        },
        "http_req_tls_handshaking": {
            "min": 0,
            "med": 0,
            "max": 0,
            "p(90)": 0,
            "p(95)": 0,
            "avg": 0
        },
        "http_req_waiting": {
            "p(95)": 201.756435,
            "avg": 111.33365731008548,
            "min": 1.036506,
            "med": 101.370457,
            "max": 494.696486,
            "p(90)": 189.6752635
        },
        "vus": {
            "value": 200,
            "min": 200,
            "max": 200
        },
        "http_req_receiving": {
            "p(90)": 48.1367295000005,
            "p(95)": 79.42876935,
            "avg": 10.837351023608536,
            "min": 0.033599,
            "med": 1.405059,
            "max": 315.545107
        },
        "http_req_sending": {
            "p(90)": 0.021857,
            "p(95)": 0.02704779999999999,
            "avg": 0.020149580580193654,
            "min": 0.010233,
            "med": 0.015752,
            "max": 3.941778
        },
        "iterations": {
            "count": 98312,
            "rate": 1634.9086099616204
        },
        "http_req_connecting": {
            "max": 3.416227,
            "p(90)": 0,
            "p(95)": 0,
            "avg": 0.0008541155301489137,
            "min": 0,
            "med": 0
        },
        "http_reqs": {
            "count": 98312,
            "rate": 1634.9086099616204
        },
        "http_req_duration": {
            "p(95)": 208.43632364999996,
            "avg": 122.19115791427188,
            "min": 1.110494,
            "med": 105.44342,
            "max": 521.535089,
            "p(90)": 193.75385310000001
        },
        "http_req_blocked": {
            "min": 0.003456,
            "med": 0.005315,
            "max": 5.763515,
            "p(90)": 0.007398900000000009,
            "p(95)": 0.008555449999999997,
            "avg": 0.00822942946944427
        },
        "data_sent": {
            "count": 8258208,
            "rate": 137332.3232367761
        },
        "http_req_duration{expected_response:true}": {
            "max": 521.535089,
            "p(90)": 193.75385310000001,
            "p(95)": 208.43632364999996,
            "avg": 122.19115791427188,
            "min": 1.110494,
            "med": 105.44342
        },
        "http_req_failed": {
            "passes": 0,
            "fails": 98312,
            "value": 0
        },
        "iteration_duration": {
            "max": 521.607923,
            "p(90)": 193.8590623,
            "p(95)": 208.56384419999995,
            "avg": 122.28667772882366,
            "min": 1.179053,
            "med": 105.53273899999999
        }
    },
    "root_group": {
        "name": "",
        "path": "",
        "id": "d41d8cd98f00b204e9800998ecf8427e",
        "groups": {},
        "checks": {}
    }
}