{
    "root_group": {
        "path": "",
        "id": "d41d8cd98f00b204e9800998ecf8427e",
        "groups": {},
        "checks": {},
        "name": ""
    },
    "metrics": {
        "http_req_sending": {
            "med": 0.016612,
            "max": 4.066807,
            "p(90)": 0.023804,
            "p(95)": 0.030444,
            "avg": 0.020765466221040373,
            "min": 0.009812
        },
        "http_req_duration": {
            "p(90)": 181.094051,
            "p(95)": 190.198682,
            "avg": 103.18493061147313,
            "min": 1.099968,
            "med": 98.949463,
            "max": 3844.573747
        },
        "http_req_tls_handshaking": {
            "avg": 0,
            "min": 0,
            "med": 0,
            "max": 0,
            "p(90)": 0,
            "p(95)": 0
        },
        "iterations": {
            "count": 116241,
            "rate": 1935.7104981488135
        },
        "vus_max": {
            "value": 200,
            "min": 200,
            "max": 200
        },
        "http_reqs": {
            "count": 116241,
            "rate": 1935.7104981488135
        },
        "http_req_blocked": {
            "p(95)": 0.009514,
            "avg": 0.007940233798745833,
            "min": 0.003471,
            "med": 0.00582,
            "max": 5.411729,
            "p(90)": 0.007852
        },
        "data_received": {
            "count": 16738704,
            "rate": 278742.31173342915
        },
        "data_sent": {
            "count": 9764244,
            "rate": 162599.68184450033
        },
        "http_req_receiving": {
            "p(95)": 77.619509,
            "avg": 8.22203747489261,
            "min": 0.027179,
            "med": 1.219653,
            "max": 415.706715,
            "p(90)": 8.239402
        },
        "http_req_failed": {
            "fails": 116241,
            "passes": 0,
            "value": 0
        },
        "vus": {
            "max": 200,
            "value": 200,
            "min": 200
        },
        "http_req_duration{expected_response:true}": {
            "avg": 103.18493061147313,
            "min": 1.099968,
            "med": 98.949463,
            "max": 3844.573747,
            "p(90)": 181.094051,
            "p(95)": 190.198682
        },
        "http_req_connecting": {
            "p(90)": 0,
            "p(95)": 0,
            "avg": 0.0007495986527989263,
            "min": 0,
            "med": 0,
            "max": 2.270021
        },
        "iteration_duration": {
            "p(95)": 190.301587,
            "avg": 103.2851770781989,
            "min": 1.290503,
            "med": 99.045357,
            "max": 3845.266887,
            "p(90)": 181.193716
        },
        "http_req_waiting": {
            "min": 0.834055,
            "med": 96.685295,
            "max": 3843.017812,
            "p(90)": 173.061543,
            "p(95)": 187.447438,
            "avg": 94.94212767035657
        }
    }
}