{
    "root_group": {
        "groups": {},
        "checks": {},
        "name": "",
        "path": "",
        "id": "d41d8cd98f00b204e9800998ecf8427e"
    },
    "metrics": {
        "vus_max": {
            "max": 200,
            "value": 200,
            "min": 200
        },
        "iterations": {
            "rate": 1634.6881809845704,
            "count": 98231
        },
        "http_reqs": {
            "count": 98231,
            "rate": 1634.6881809845704
        },
        "iteration_duration": {
            "min": 0.999052,
            "med": 105.043246,
            "max": 3989.114944,
            "p(90)": 191.320218,
            "p(95)": 196.84011850000002,
            "avg": 122.1967420935656
        },
        "http_req_duration{expected_response:true}": {
            "min": 0.902517,
            "med": 104.904565,
            "max": 3988.545471,
            "p(90)": 191.183038,
            "p(95)": 196.703506,
            "avg": 122.05887239622014
        },
        "http_req_blocked": {
            "avg": 0.00762808796612076,
            "min": 0.003435,
            "med": 0.005382,
            "max": 4.887275,
            "p(90)": 0.007594,
            "p(95)": 0.0112705
        },
        "http_req_receiving": {
            "p(95)": 81.9004045,
            "avg": 9.800158584347212,
            "min": 0.026649,
            "med": 1.166191,
            "max": 114.035544,
            "p(90)": 18.450407
        },
        "data_sent": {
            "count": 53535895,
            "rate": 890905.0586365908
        },
        "data_received": {
            "count": 14145264,
            "rate": 235395.09806177815
        },
        "http_req_tls_handshaking": {
            "p(95)": 0,
            "avg": 0,
            "min": 0,
            "med": 0,
            "max": 0,
            "p(90)": 0
        },
        "http_req_waiting": {
            "avg": 112.2383392856117,
            "min": 0.761198,
            "med": 102.38363,
            "max": 3986.849613,
            "p(90)": 189.256317,
            "p(95)": 195.08099049999998
        },
        "http_req_connecting": {
            "p(95)": 0,
            "avg": 0.0006288632509085726,
            "min": 0,
            "med": 0,
            "max": 1.663299,
            "p(90)": 0
        },
        "http_req_duration": {
            "max": 3988.545471,
            "p(90)": 191.183038,
            "p(95)": 196.703506,
            "avg": 122.05887239622014,
            "min": 0.902517,
            "med": 104.904565
        },
        "http_req_sending": {
            "avg": 0.020374526259531345,
            "min": 0.011371,
            "med": 0.017513,
            "max": 4.676397,
            "p(90)": 0.026672,
            "p(95)": 0.033348
        },
        "vus": {
            "value": 188,
            "min": 188,
            "max": 200
        },
        "http_req_failed": {
            "passes": 0,
            "fails": 98231,
            "value": 0
        }
    }
}