{
    "metrics": {
        "vus": {
            "min": 200,
            "max": 200,
            "value": 200
        },
        "http_req_waiting": {
            "avg": 151.4249188671739,
            "min": 3.85867,
            "med": 124.16250249999999,
            "max": 1238.34542,
            "p(90)": 209.97962150000004,
            "p(95)": 289.3410467999999
        },
        "http_reqs": {
            "rate": 1208.2064846329383,
            "count": 72644
        },
        "http_req_sending": {
            "avg": 0.023393299377787415,
            "min": 0.011808,
            "med": 0.0199945,
            "max": 7.310617,
            "p(90)": 0.029324,
            "p(95)": 0.03674509999999995
        },
        "vus_max": {
            "value": 200,
            "min": 200,
            "max": 200
        },
        "http_req_duration": {
            "p(90)": 217.02342620000007,
            "p(95)": 294.40052194999976,
            "avg": 165.1649186502789,
            "min": 4.517637,
            "med": 178.6720335,
            "max": 1430.216282
        },
        "http_req_connecting": {
            "max": 2.86748,
            "p(90)": 0,
            "p(95)": 0,
            "avg": 0.0007114139502230057,
            "min": 0,
            "med": 0
        },
        "iteration_duration": {
            "avg": 165.31521612771832,
            "min": 4.625098,
            "med": 178.81909000000002,
            "max": 1430.823534,
            "p(90)": 217.1649972,
            "p(95)": 294.55524034999996
        },
        "http_req_failed": {
            "fails": 72644,
            "passes": 0,
            "value": 0
        },
        "data_sent": {
            "count": 39590980,
            "rate": 658472.5341249513
        },
        "data_received": {
            "count": 13725258,
            "rate": 228276.88066268535
        },
        "iterations": {
            "count": 72644,
            "rate": 1208.2064846329383
        },
        "http_req_duration{expected_response:true}": {
            "avg": 165.1649186502789,
            "min": 4.517637,
            "med": 178.6720335,
            "max": 1430.216282,
            "p(90)": 217.02342620000007,
            "p(95)": 294.40052194999976
        },
        "http_req_tls_handshaking": {
            "med": 0,
            "max": 0,
            "p(90)": 0,
            "p(95)": 0,
            "avg": 0,
            "min": 0
        },
        "http_req_receiving": {
            "min": 0.040476,
            "med": 1.5369345,
            "max": 596.445693,
            "p(90)": 74.4704297,
            "p(95)": 86.09139899999978,
            "avg": 13.71660648372887
        },
        "http_req_blocked": {
            "avg": 0.00812090620009908,
            "min": 0.003538,
            "med": 0.006163500000000001,
            "max": 3.076808,
            "p(90)": 0.008753,
            "p(95)": 0.012916699999999982
        }
    },
    "root_group": {
        "checks": {},
        "name": "",
        "path": "",
        "id": "d41d8cd98f00b204e9800998ecf8427e",
        "groups": {}
    }
}