{
    "metrics": {
        "http_req_duration": {
            "med": 123.762719,
            "max": 620.856477,
            "p(90)": 202.375698,
            "p(95)": 227.86373700000001,
            "avg": 147.44247656623452,
            "min": 2.311235
        },
        "http_req_tls_handshaking": {
            "med": 0,
            "max": 0,
            "p(90)": 0,
            "p(95)": 0,
            "avg": 0,
            "min": 0
        },
        "http_req_sending": {
            "p(95)": 0.030209,
            "avg": 0.020912852392129814,
            "min": 0.011832,
            "med": 0.018111,
            "max": 6.563785,
            "p(90)": 0.024679
        },
        "http_req_failed": {
            "passes": 0,
            "fails": 81371,
            "value": 0
        },
        "http_req_blocked": {
            "p(95)": 0.008875000000000001,
            "avg": 0.008584018655294932,
            "min": 0.003513,
            "med": 0.00554,
            "max": 7.589009,
            "p(90)": 0.007528
        },
        "http_req_receiving": {
            "p(95)": 83.2873965,
            "avg": 12.405676002789649,
            "min": 0.038098,
            "med": 1.425446,
            "max": 292.630782,
            "p(90)": 67.649591
        },
        "http_req_waiting": {
            "p(95)": 213.82539050000003,
            "avg": 135.01588771105273,
            "min": 1.961934,
            "med": 114.999124,
            "max": 514.282857,
            "p(90)": 199.626278
        },
        "http_req_duration{expected_response:true}": {
            "p(90)": 202.375698,
            "p(95)": 227.86373700000001,
            "avg": 147.44247656623452,
            "min": 2.311235,
            "med": 123.762719,
            "max": 620.856477
        },
        "data_sent": {
            "count": 46625583,
            "rate": 776250.997357036
        },
        "vus_max": {
            "min": 200,
            "max": 200,
            "value": 200
        },
        "http_reqs": {
            "count": 81371,
            "rate": 1354.7137824730123
        },
        "data_received": {
            "count": 15374374,
            "rate": 255961.90724821785
        },
        "iteration_duration": {
            "avg": 147.5698085993163,
            "min": 2.428073,
            "med": 123.885986,
            "max": 620.988333,
            "p(90)": 202.511164,
            "p(95)": 227.992322
        },
        "vus": {
            "value": 200,
            "min": 200,
            "max": 200
        },
        "http_req_connecting": {
            "min": 0,
            "med": 0,
            "max": 0.586515,
            "p(90)": 0,
            "p(95)": 0,
            "avg": 0.00045191398655540683
        },
        "iterations": {
            "count": 81371,
            "rate": 1354.7137824730123
        }
    },
    "root_group": {
        "groups": {},
        "checks": {},
        "name": "",
        "path": "",
        "id": "d41d8cd98f00b204e9800998ecf8427e"
    }
}