{
    "root_group": {
        "name": "",
        "path": "",
        "id": "d41d8cd98f00b204e9800998ecf8427e",
        "groups": {},
        "checks": {}
    },
    "metrics": {
        "data_received": {
            "count": 11970288,
            "rate": 199404.526904532
        },
        "vus_max": {
            "value": 200,
            "min": 186,
            "max": 200
        },
        "http_req_blocked": {
            "avg": 0.007892087095648759,
            "min": 0.003471,
            "med": 0.005571,
            "max": 3.513138,
            "p(90)": 0.007977,
            "p(95)": 0.014725399999999994
        },
        "vus": {
            "value": 200,
            "min": 0,
            "max": 200
        },
        "http_req_failed": {
            "passes": 0,
            "fails": 83127,
            "value": 0
        },
        "iterations": {
            "count": 83127,
            "rate": 1384.75365905925
        },
        "http_req_duration": {
            "avg": 144.23774303463355,
            "min": 4.7109,
            "med": 121.431174,
            "max": 416.867582,
            "p(90)": 200.63403280000003,
            "p(95)": 213.34610759999995
        },
        "http_req_connecting": {
            "p(90)": 0,
            "p(95)": 0,
            "avg": 0.0005907571547150747,
            "min": 0,
            "med": 0,
            "max": 1.038462
        },
        "iteration_duration": {
            "avg": 144.3872749809322,
            "min": 5.453443,
            "med": 121.580628,
            "max": 416.99181,
            "p(90)": 200.80244679999998,
            "p(95)": 213.4920829
        },
        "http_req_tls_handshaking": {
            "max": 0,
            "p(90)": 0,
            "p(95)": 0,
            "avg": 0,
            "min": 0,
            "med": 0
        },
        "http_reqs": {
            "count": 83127,
            "rate": 1384.75365905925
        },
        "http_req_duration{expected_response:true}": {
            "avg": 144.23774303463355,
            "min": 4.7109,
            "med": 121.431174,
            "max": 416.867582,
            "p(90)": 200.63403280000003,
            "p(95)": 213.34610759999995
        },
        "http_req_sending": {
            "p(90)": 0.02920740000000001,
            "p(95)": 0.036866099999999964,
            "avg": 0.021076509762171042,
            "min": 0.01106,
            "med": 0.018735,
            "max": 4.26224
        },
        "http_req_waiting": {
            "avg": 133.54693384770135,
            "min": 4.42061,
            "med": 115.307628,
            "max": 408.797356,
            "p(90)": 198.517827,
            "p(95)": 207.5952573
        },
        "http_req_receiving": {
            "max": 280.332339,
            "p(90)": 54.310691200001045,
            "p(95)": 79.32082849999999,
            "avg": 10.66973267716877,
            "min": 0.030534,
            "med": 1.159737
        },
        "data_sent": {
            "count": 45304215,
            "rate": 754690.7441872911
        }
    }
}