{
    "root_group": {
        "name": "",
        "path": "",
        "id": "d41d8cd98f00b204e9800998ecf8427e",
        "groups": {},
        "checks": {}
    },
    "metrics": {
        "http_req_failed": {
            "passes": 0,
            "fails": 92808,
            "value": 0
        },
        "vus": {
            "value": 200,
            "min": 0,
            "max": 200
        },
        "http_req_duration{expected_response:true}": {
            "p(90)": 194.9412021,
            "p(95)": 200.41162225,
            "avg": 129.19888726450398,
            "min": 1.305225,
            "med": 107.559942,
            "max": 3336.682992
        },
        "http_req_tls_handshaking": {
            "max": 0,
            "p(90)": 0,
            "p(95)": 0,
            "avg": 0,
            "min": 0,
            "med": 0
        },
        "http_req_waiting": {
            "max": 3335.234132,
            "p(90)": 193.01275180000002,
            "p(95)": 198.6797553,
            "avg": 119.31725528559049,
            "min": 1.065666,
            "med": 104.643134
        },
        "iteration_duration": {
            "avg": 129.36253939344667,
            "min": 1.443215,
            "med": 107.7199635,
            "max": 3338.688487,
            "p(90)": 195.1114937,
            "p(95)": 200.57645194999998
        },
        "iterations": {
            "count": 92808,
            "rate": 1545.231594387115
        },
        "vus_max": {
            "value": 200,
            "min": 192,
            "max": 200
        },
        "data_received": {
            "count": 13364352,
            "rate": 222513.34959174454
        },
        "http_reqs": {
            "count": 92808,
            "rate": 1545.231594387115
        },
        "http_req_duration": {
            "avg": 129.19888726450398,
            "min": 1.305225,
            "med": 107.559942,
            "max": 3336.682992,
            "p(90)": 194.9412021,
            "p(95)": 200.41162225
        },
        "data_sent": {
            "count": 50580360,
            "rate": 842151.2189409776
        },
        "http_req_blocked": {
            "avg": 0.008601033251443901,
            "min": 0.00352,
            "med": 0.00638,
            "max": 4.404943,
            "p(90)": 0.01012,
            "p(95)": 0.013663649999999994
        },
        "http_req_sending": {
            "med": 0.0203,
            "max": 4.440467,
            "p(90)": 0.0331633,
            "p(95)": 0.03960365,
            "avg": 0.023585286430049215,
            "min": 0.011636
        },
        "http_req_connecting": {
            "med": 0,
            "max": 2.507393,
            "p(90)": 0,
            "p(95)": 0,
            "avg": 0.0007041533380743039,
            "min": 0
        },
        "http_req_receiving": {
            "min": 0.02784,
            "med": 1.215117,
            "max": 120.298825,
            "p(90)": 21.04415290000009,
            "p(95)": 82.57247219999999,
            "avg": 9.858046692483317
        }
    }
}