{
    "metrics": {
        "vus_max": {
            "value": 200,
            "min": 178,
            "max": 200
        },
        "http_req_receiving": {
            "avg": 9.73676862860335,
            "min": 0.029825,
            "med": 1.156189,
            "max": 109.431899,
            "p(90)": 18.275882500000062,
            "p(95)": 81.80414909999999
        },
        "data_received": {
            "count": 14407488,
            "rate": 239820.68526361557
        },
        "http_req_blocked": {
            "avg": 0.0074412515092153525,
            "min": 0.003204,
            "med": 0.005305,
            "max": 10.191698,
            "p(90)": 0.007557,
            "p(95)": 0.01454029999999996
        },
        "data_sent": {
            "count": 54528340,
            "rate": 907654.6768657673
        },
        "http_reqs": {
            "rate": 1665.4214254417748,
            "count": 100052
        },
        "http_req_failed": {
            "passes": 0,
            "fails": 100052,
            "value": 0
        },
        "iteration_duration": {
            "max": 3552.440814,
            "p(90)": 190.565573,
            "p(95)": 196.46718380000002,
            "avg": 120.04168846855521,
            "min": 1.143038,
            "med": 104.45980800000001
        },
        "http_req_connecting": {
            "avg": 0.0004869707352176868,
            "min": 0,
            "med": 0,
            "max": 1.352457,
            "p(90)": 0,
            "p(95)": 0
        },
        "http_req_sending": {
            "max": 3.743274,
            "p(90)": 0.027195,
            "p(95)": 0.03446934999999999,
            "avg": 0.020062153560148753,
            "min": 0.011211,
            "med": 0.0171385
        },
        "vus": {
            "value": 200,
            "min": 0,
            "max": 200
        },
        "http_req_duration": {
            "max": 3551.984379,
            "p(90)": 190.4167368,
            "p(95)": 196.30415165,
            "avg": 119.89710648095765,
            "min": 1.011388,
            "med": 104.315913
        },
        "http_req_tls_handshaking": {
            "avg": 0,
            "min": 0,
            "med": 0,
            "max": 0,
            "p(90)": 0,
            "p(95)": 0
        },
        "http_req_waiting": {
            "avg": 110.14027569879768,
            "min": 0.908137,
            "med": 101.9152885,
            "max": 3551.027601,
            "p(90)": 188.5297802,
            "p(95)": 194.61552205
        },
        "iterations": {
            "count": 100052,
            "rate": 1665.4214254417748
        },
        "http_req_duration{expected_response:true}": {
            "max": 3551.984379,
            "p(90)": 190.4167368,
            "p(95)": 196.30415165,
            "avg": 119.89710648095765,
            "min": 1.011388,
            "med": 104.315913
        }
    },
    "root_group": {
        "checks": {},
        "name": "",
        "path": "",
        "id": "d41d8cd98f00b204e9800998ecf8427e",
        "groups": {}
    }
}