{
    "metrics": {
        "data_sent": {
            "count": 81468811,
            "rate": 1356605.4210568417
        },
        "vus": {
            "value": 200,
            "min": 200,
            "max": 200
        },
        "vus_max": {
            "value": 200,
            "min": 200,
            "max": 200
        },
        "http_req_blocked": {
            "avg": 0.0025135801084787287,
            "min": 0.001042,
            "med": 0.002104,
            "max": 1.434309,
            "p(90)": 0.003036,
            "p(95)": 0.003416
        },
        "http_req_receiving": {
            "min": 0.008125,
            "med": 0.428672,
            "max": 92.884756,
            "p(90)": 2.5759340000000006,
            "p(95)": 3.614642099999993,
            "avg": 2.8686263884476166
        },
        "http_req_duration": {
            "p(90)": 89.05149200000001,
            "p(95)": 91.2419842,
            "avg": 42.54630129030296,
            "min": 0.278658,
            "med": 13.842061,
            "max": 1166.543052
        },
        "http_req_waiting": {
            "p(90)": 88.41312099999999,
            "p(95)": 90.63367409999998,
            "avg": 39.67002093093672,
            "min": 0.2481,
            "med": 12.588936,
            "max": 1165.558876
        },
        "http_req_failed": {
            "fails": 281899,
            "passes": 0,
            "value": 0
        },
        "http_reqs": {
            "count": 281899,
            "rate": 4694.136405040975
        },
        "data_received": {
            "count": 40593456,
            "rate": 675955.6423259004
        },
        "http_req_connecting": {
            "p(95)": 0,
            "avg": 0.00009784454716050777,
            "min": 0,
            "med": 0,
            "max": 1.2819,
            "p(90)": 0
        },
        "iteration_duration": {
            "p(90)": 89.10151520000001,
            "p(95)": 91.2911702,
            "avg": 42.59494923935908,
            "min": 0.309827,
            "med": 13.893368,
            "max": 1166.755525
        },
        "http_req_duration{expected_response:true}": {
            "min": 0.278658,
            "med": 13.842061,
            "max": 1166.543052,
            "p(90)": 89.05149200000001,
            "p(95)": 91.2419842,
            "avg": 42.54630129030296
        },
        "iterations": {
            "count": 281899,
            "rate": 4694.136405040975
        },
        "http_req_tls_handshaking": {
            "min": 0,
            "med": 0,
            "max": 0,
            "p(90)": 0,
            "p(95)": 0,
            "avg": 0
        },
        "http_req_sending": {
            "p(95)": 0.01035,
            "avg": 0.00765397091866237,
            "min": 0.003477,
            "med": 0.006873,
            "max": 1.885104,
            "p(90)": 0.009338
        }
    },
    "root_group": {
        "name": "",
        "path": "",
        "id": "d41d8cd98f00b204e9800998ecf8427e",
        "groups": {},
        "checks": {}
    }
}