{
    "root_group": {
        "path": "",
        "id": "d41d8cd98f00b204e9800998ecf8427e",
        "groups": {},
        "checks": {},
        "name": ""
    },
    "metrics": {
        "http_reqs": {
            "count": 233290,
            "rate": 3887.732965691217
        },
        "http_req_blocked": {
            "avg": 0.0025936063440353783,
            "min": 0.001062,
            "med": 0.002154,
            "max": 2.145756,
            "p(90)": 0.003086,
            "p(95)": 0.003476
        },
        "http_req_duration": {
            "avg": 51.3803368635682,
            "min": 0.356095,
            "med": 78.346895,
            "max": 1206.921167,
            "p(90)": 92.4230399,
            "p(95)": 94.65829624999999
        },
        "data_sent": {
            "count": 67420810,
            "rate": 1123554.8270847618
        },
        "http_req_connecting": {
            "p(90)": 0,
            "p(95)": 0,
            "avg": 0.00012760610827725158,
            "min": 0,
            "med": 0,
            "max": 2.067298
        },
        "http_req_tls_handshaking": {
            "avg": 0,
            "min": 0,
            "med": 0,
            "max": 0,
            "p(90)": 0,
            "p(95)": 0
        },
        "http_req_sending": {
            "avg": 0.007854101230228209,
            "min": 0.003597,
            "med": 0.007103,
            "max": 3.55644,
            "p(90)": 0.009608,
            "p(95)": 0.010761
        },
        "http_req_receiving": {
            "max": 87.940181,
            "p(90)": 3.0301090000000004,
            "p(95)": 4.458428499999999,
            "avg": 3.1401385898837857,
            "min": 0.010911,
            "med": 0.41922899999999996
        },
        "http_req_failed": {
            "passes": 0,
            "fails": 233290,
            "value": 0
        },
        "iteration_duration": {
            "avg": 51.431396765729026,
            "min": 0.390299,
            "med": 78.39790500000001,
            "max": 1208.338503,
            "p(90)": 92.4751646,
            "p(95)": 94.70928135
        },
        "vus": {
            "value": 200,
            "min": 200,
            "max": 200
        },
        "http_req_duration{expected_response:true}": {
            "p(90)": 92.4230399,
            "p(95)": 94.65829624999999,
            "avg": 51.3803368635682,
            "min": 0.356095,
            "med": 78.346895,
            "max": 1206.921167
        },
        "iterations": {
            "count": 233290,
            "rate": 3887.732965691217
        },
        "http_req_waiting": {
            "p(95)": 94.09625894999999,
            "avg": 48.23234417245572,
            "min": 0.318303,
            "med": 18.260001,
            "max": 1206.338473,
            "p(90)": 91.8247497
        },
        "data_received": {
            "count": 33593760,
            "rate": 559833.5470595353
        },
        "vus_max": {
            "value": 200,
            "min": 200,
            "max": 200
        }
    }
}