{
    "metrics": {
        "http_req_duration{expected_response:true}": {
            "avg": 81.92561016833439,
            "min": 0.882143,
            "med": 93.746617,
            "max": 1832.756878,
            "p(90)": 104.2433219,
            "p(95)": 107.38985864999998
        },
        "http_reqs": {
            "rate": 2439.214940506098,
            "count": 146430
        },
        "http_req_connecting": {
            "med": 0,
            "max": 0.961453,
            "p(90)": 0,
            "p(95)": 0,
            "avg": 0.00017754939561565256,
            "min": 0
        },
        "http_req_duration": {
            "avg": 81.92561016833439,
            "min": 0.882143,
            "med": 93.746617,
            "max": 1832.756878,
            "p(90)": 104.2433219,
            "p(95)": 107.38985864999998
        },
        "vus_max": {
            "value": 200,
            "min": 200,
            "max": 200
        },
        "http_req_failed": {
            "passes": 0,
            "fails": 146430,
            "value": 0
        },
        "http_req_tls_handshaking": {
            "avg": 0,
            "min": 0,
            "med": 0,
            "max": 0,
            "p(90)": 0,
            "p(95)": 0
        },
        "data_sent": {
            "count": 42318270,
            "rate": 704933.1178062623
        },
        "iterations": {
            "count": 146430,
            "rate": 2439.214940506098
        },
        "vus": {
            "value": 200,
            "min": 200,
            "max": 200
        },
        "http_req_blocked": {
            "avg": 0.002619430738236739,
            "min": 0.001032,
            "med": 0.002084,
            "max": 1.495677,
            "p(90)": 0.003085,
            "p(95)": 0.003497
        },
        "http_req_sending": {
            "min": 0.003577,
            "med": 0.007014,
            "max": 2.769522,
            "p(90)": 0.009699,
            "p(95)": 0.010991,
            "avg": 0.007992923594891527
        },
        "http_req_receiving": {
            "min": 0.009538,
            "med": 0.4354205,
            "max": 91.953678,
            "p(90)": 6.312580100000002,
            "p(95)": 10.81818504999999,
            "avg": 4.717307737362581
        },
        "http_req_waiting": {
            "p(90)": 103.6422391,
            "p(95)": 106.62270964999998,
            "avg": 77.20030950737504,
            "min": 0.861544,
            "med": 92.53976,
            "max": 1832.126102
        },
        "data_received": {
            "count": 21085920,
            "rate": 351246.95143287815
        },
        "iteration_duration": {
            "p(95)": 107.44023809999999,
            "avg": 81.9768565436256,
            "min": 0.918061,
            "med": 93.7959975,
            "max": 1832.97879,
            "p(90)": 104.295052
        }
    },
    "root_group": {
        "name": "",
        "path": "",
        "id": "d41d8cd98f00b204e9800998ecf8427e",
        "groups": {},
        "checks": {}
    }
}