{
    "metrics": {
        "http_reqs": {
            "rate": 3947.432378806872,
            "count": 237049
        },
        "data_sent": {
            "rate": 1140807.9574751859,
            "count": 68507161
        },
        "iterations": {
            "count": 237049,
            "rate": 3947.432378806872
        },
        "vus_max": {
            "value": 200,
            "min": 200,
            "max": 200
        },
        "http_req_duration{expected_response:true}": {
            "med": 76.416315,
            "max": 956.477366,
            "p(90)": 92.22287180000001,
            "p(95)": 94.4042956,
            "avg": 50.6030054637565,
            "min": 0.56445
        },
        "http_req_tls_handshaking": {
            "max": 0,
            "p(90)": 0,
            "p(95)": 0,
            "avg": 0,
            "min": 0,
            "med": 0
        },
        "http_req_failed": {
            "passes": 0,
            "fails": 237049,
            "value": 0
        },
        "iteration_duration": {
            "max": 956.712392,
            "p(90)": 92.2714648,
            "p(95)": 94.4528468,
            "avg": 50.652010400502505,
            "min": 0.612311,
            "med": 76.469224
        },
        "http_req_blocked": {
            "avg": 0.0025879991056702123,
            "min": 0.001052,
            "med": 0.002074,
            "max": 1.963722,
            "p(90)": 0.003016,
            "p(95)": 0.003396
        },
        "http_req_receiving": {
            "avg": 3.1751225573362265,
            "min": 0.009318,
            "med": 0.425336,
            "max": 91.155276,
            "p(90)": 3.1038400000000004,
            "p(95)": 4.553970999999998
        },
        "http_req_duration": {
            "max": 956.477366,
            "p(90)": 92.22287180000001,
            "p(95)": 94.4042956,
            "avg": 50.6030054637565,
            "min": 0.56445,
            "med": 76.416315
        },
        "vus": {
            "value": 200,
            "min": 200,
            "max": 200
        },
        "http_req_connecting": {
            "avg": 0.0001744824529949503,
            "min": 0,
            "med": 0,
            "max": 1.324351,
            "p(90)": 0,
            "p(95)": 0
        },
        "http_req_waiting": {
            "avg": 47.41999263438448,
            "min": 0.48027,
            "med": 17.744138,
            "max": 956.288518,
            "p(90)": 91.59504079999999,
            "p(95)": 93.8442338
        },
        "http_req_sending": {
            "avg": 0.007890272036583114,
            "min": 0.003456,
            "med": 0.006853,
            "max": 3.487612,
            "p(90)": 0.009388,
            "p(95)": 0.01047
        },
        "data_received": {
            "count": 34135056,
            "rate": 568430.2625481895
        }
    },
    "root_group": {
        "name": "",
        "path": "",
        "id": "d41d8cd98f00b204e9800998ecf8427e",
        "groups": {},
        "checks": {}
    }
}