{
    "root_group": {
        "checks": {},
        "name": "",
        "path": "",
        "id": "d41d8cd98f00b204e9800998ecf8427e",
        "groups": {}
    },
    "metrics": {
        "data_sent": {
            "count": 19870195,
            "rate": 330919.26188829535
        },
        "http_req_receiving": {
            "p(95)": 78.81584579999998,
            "avg": 6.924808372772902,
            "min": 0.010019,
            "med": 0.417653,
            "max": 104.235147,
            "p(90)": 8.8473516
        },
        "iteration_duration": {
            "max": 3631.009023,
            "p(90)": 211.4393762,
            "p(95)": 283.3791672,
            "avg": 174.63658703848267,
            "min": 2.624818,
            "med": 191.909368
        },
        "http_req_failed": {
            "passes": 0,
            "fails": 68755,
            "value": 0
        },
        "http_req_sending": {
            "avg": 0.008259715337066329,
            "min": 0.003887,
            "med": 0.007083,
            "max": 1.670759,
            "p(90)": 0.009538,
            "p(95)": 0.011391299999999995
        },
        "http_req_connecting": {
            "avg": 0.00048381146098465557,
            "min": 0,
            "med": 0,
            "max": 0.954991,
            "p(90)": 0,
            "p(95)": 0
        },
        "http_req_tls_handshaking": {
            "avg": 0,
            "min": 0,
            "med": 0,
            "max": 0,
            "p(90)": 0,
            "p(95)": 0
        },
        "vus_max": {
            "value": 200,
            "min": 200,
            "max": 200
        },
        "data_received": {
            "count": 9900720,
            "rate": 164887.10626960045
        },
        "vus": {
            "value": 200,
            "min": 200,
            "max": 200
        },
        "http_reqs": {
            "count": 68755,
            "rate": 1145.0493490944475
        },
        "http_req_duration{expected_response:true}": {
            "avg": 174.58398227244615,
            "min": 2.470305,
            "med": 191.853642,
            "max": 3630.772054,
            "p(90)": 211.387839,
            "p(95)": 283.3309269
        },
        "http_req_waiting": {
            "p(90)": 210.38824359999998,
            "p(95)": 282.5531345,
            "avg": 167.65091418433576,
            "min": 1.859486,
            "med": 190.502249,
            "max": 3630.317732
        },
        "iterations": {
            "count": 68755,
            "rate": 1145.0493490944475
        },
        "http_req_duration": {
            "max": 3630.772054,
            "p(90)": 211.387839,
            "p(95)": 283.3309269,
            "avg": 174.58398227244615,
            "min": 2.470305,
            "med": 191.853642
        },
        "http_req_blocked": {
            "avg": 0.00307611575885389,
            "min": 0.001092,
            "med": 0.002084,
            "max": 1.114183,
            "p(90)": 0.002985,
            "p(95)": 0.003406
        }
    }
}