{
    "root_group": {
        "name": "",
        "path": "",
        "id": "d41d8cd98f00b204e9800998ecf8427e",
        "groups": {},
        "checks": {}
    },
    "metrics": {
        "iterations": {
            "count": 137609,
            "rate": 2292.0470722313507
        },
        "http_req_failed": {
            "fails": 137609,
            "passes": 0,
            "value": 0
        },
        "http_req_duration": {
            "avg": 87.18863665575694,
            "min": 1.622054,
            "med": 96.125555,
            "max": 2142.50117,
            "p(90)": 105.657944,
            "p(95)": 110.49032819999996
        },
        "iteration_duration": {
            "p(95)": 110.5557884,
            "avg": 87.24157838967108,
            "min": 1.676988,
            "med": 96.175741,
            "max": 2142.725786,
            "p(90)": 105.71020139999999
        },
        "http_req_receiving": {
            "max": 93.530257,
            "p(90)": 5.210750399999998,
            "p(95)": 10.112640999999991,
            "avg": 4.570535516427002,
            "min": 0.010029,
            "med": 0.430927
        },
        "http_reqs": {
            "count": 137609,
            "rate": 2292.0470722313507
        },
        "http_req_waiting": {
            "max": 2142.424796,
            "p(90)": 105.06276319999999,
            "p(95)": 109.23186639999999,
            "avg": 82.61008203656054,
            "min": 1.362452,
            "med": 95.070838
        },
        "data_sent": {
            "count": 39769001,
            "rate": 662401.6038748603
        },
        "http_req_blocked": {
            "avg": 0.003087005392089213,
            "min": 0.001052,
            "med": 0.002124,
            "max": 1.393721,
            "p(90)": 0.003086,
            "p(95)": 0.003517
        },
        "http_req_duration{expected_response:true}": {
            "avg": 87.18863665575694,
            "min": 1.622054,
            "med": 96.125555,
            "max": 2142.50117,
            "p(90)": 105.657944,
            "p(95)": 110.49032819999996
        },
        "http_req_connecting": {
            "avg": 0.0005972098772609351,
            "min": 0,
            "med": 0,
            "max": 1.248937,
            "p(90)": 0,
            "p(95)": 0
        },
        "vus_max": {
            "value": 200,
            "min": 200,
            "max": 200
        },
        "data_received": {
            "count": 19815696,
            "rate": 330054.77840131446
        },
        "http_req_sending": {
            "avg": 0.008019102769440744,
            "min": 0.003898,
            "med": 0.007144,
            "max": 1.554766,
            "p(90)": 0.009770799999999974,
            "p(95)": 0.011141
        },
        "vus": {
            "value": 200,
            "min": 200,
            "max": 200
        },
        "http_req_tls_handshaking": {
            "avg": 0,
            "min": 0,
            "med": 0,
            "max": 0,
            "p(90)": 0,
            "p(95)": 0
        }
    }
}