{
    "root_group": {
        "name": "",
        "path": "",
        "id": "d41d8cd98f00b204e9800998ecf8427e",
        "groups": {},
        "checks": {}
    },
    "metrics": {
        "data_sent": {
            "count": 18175210,
            "rate": 302522.42140050704
        },
        "http_req_connecting": {
            "max": 1.500369,
            "p(90)": 0,
            "p(95)": 0,
            "avg": 0.0011758764032437589,
            "min": 0,
            "med": 0
        },
        "iteration_duration": {
            "max": 408.200851,
            "p(90)": 284.31309600000003,
            "p(95)": 291.90161835,
            "avg": 191.01222738626262,
            "min": 12.285187,
            "med": 197.738291
        },
        "vus": {
            "value": 200,
            "min": 200,
            "max": 200
        },
        "http_req_duration{expected_response:true}": {
            "p(90)": 284.2437207,
            "p(95)": 291.85407275,
            "avg": 190.95611064015048,
            "min": 12.232286,
            "med": 197.683436,
            "max": 408.1531
        },
        "iterations": {
            "count": 62890,
            "rate": 1046.7903854688825
        },
        "http_req_failed": {
            "passes": 0,
            "fails": 62890,
            "value": 0
        },
        "http_req_sending": {
            "med": 0.007264,
            "max": 1.699997,
            "p(90)": 0.009829,
            "p(95)": 0.013105999999999913,
            "avg": 0.008557165368103118,
            "min": 0.003818
        },
        "http_req_duration": {
            "avg": 190.95611064015048,
            "min": 12.232286,
            "med": 197.683436,
            "max": 408.1531,
            "p(90)": 284.2437207,
            "p(95)": 291.85407275
        },
        "http_req_tls_handshaking": {
            "max": 0,
            "p(90)": 0,
            "p(95)": 0,
            "avg": 0,
            "min": 0,
            "med": 0
        },
        "http_req_waiting": {
            "min": 5.762905,
            "med": 196.582791,
            "max": 407.542956,
            "p(90)": 283.3651916,
            "p(95)": 291.06145445,
            "avg": 183.82036371906565
        },
        "http_reqs": {
            "count": 62890,
            "rate": 1046.7903854688825
        },
        "http_req_blocked": {
            "p(95)": 0.003507,
            "avg": 0.003918771680712425,
            "min": 0.001032,
            "med": 0.002124,
            "max": 1.619575,
            "p(90)": 0.002995
        },
        "http_req_receiving": {
            "avg": 7.127189755716387,
            "min": 0.012063,
            "med": 0.456461,
            "max": 189.38563,
            "p(90)": 9.4012311,
            "p(95)": 78.44529244999995
        },
        "data_received": {
            "count": 9056160,
            "rate": 150737.8155075191
        },
        "vus_max": {
            "value": 200,
            "min": 200,
            "max": 200
        }
    }
}