{
    "root_group": {
        "checks": {},
        "name": "",
        "path": "",
        "id": "d41d8cd98f00b204e9800998ecf8427e",
        "groups": {}
    },
    "metrics": {
        "vus_max": {
            "value": 200,
            "min": 200,
            "max": 200
        },
        "http_reqs": {
            "count": 293688,
            "rate": 4894.169493116846
        },
        "http_req_tls_handshaking": {
            "avg": 0,
            "min": 0,
            "med": 0,
            "max": 0,
            "p(90)": 0,
            "p(95)": 0
        },
        "http_req_waiting": {
            "min": 0.231829,
            "med": 13.737897499999999,
            "max": 187.440792,
            "p(90)": 86.48139309999999,
            "p(95)": 89.16293069999999,
            "avg": 37.90974989774595
        },
        "iteration_duration": {
            "med": 14.989827,
            "max": 190.148499,
            "p(90)": 87.4133543,
            "p(95)": 90.1046453,
            "avg": 40.85246550919309,
            "min": 0.300138
        },
        "data_received": {
            "count": 42291072,
            "rate": 704760.4070088258
        },
        "http_req_duration{expected_response:true}": {
            "avg": 40.798284456648254,
            "min": 0.262206,
            "med": 14.9347675,
            "max": 190.086041,
            "p(90)": 87.3583865,
            "p(95)": 90.0517097
        },
        "iterations": {
            "count": 293688,
            "rate": 4894.169493116846
        },
        "http_req_failed": {
            "passes": 0,
            "fails": 293688,
            "value": 0
        },
        "vus": {
            "value": 200,
            "min": 200,
            "max": 200
        },
        "http_req_blocked": {
            "max": 1.91819,
            "p(90)": 0.003146,
            "p(95)": 0.003637,
            "avg": 0.0027775338522517345,
            "min": 0.001062,
            "med": 0.002264
        },
        "http_req_connecting": {
            "min": 0,
            "med": 0,
            "max": 0.8297,
            "p(90)": 0,
            "p(95)": 0,
            "avg": 0.00011095552082482089
        },
        "http_req_sending": {
            "p(90)": 0.009708,
            "p(95)": 0.012133,
            "avg": 0.008878013677780712,
            "min": 0.003717,
            "med": 0.007334,
            "max": 3.960305
        },
        "data_sent": {
            "rate": 1203965.6953067442,
            "count": 72247248
        },
        "http_req_duration": {
            "max": 190.086041,
            "p(90)": 87.3583865,
            "p(95)": 90.0517097,
            "avg": 40.798284456648254,
            "min": 0.262206,
            "med": 14.9347675
        },
        "http_req_receiving": {
            "avg": 2.879656545224817,
            "min": 0.009288,
            "med": 0.465501,
            "max": 138.157952,
            "p(90)": 2.3569192999999995,
            "p(95)": 5.408860999999985
        }
    }
}