{
    "metrics": {
        "http_reqs": {
            "count": 360251,
            "rate": 6000.5984668983465
        },
        "http_req_duration": {
            "p(95)": 88.072395,
            "avg": 33.2663472899807,
            "min": 0.234995,
            "med": 9.725917,
            "max": 633.485557,
            "p(90)": 85.611239
        },
        "vus_max": {
            "min": 200,
            "max": 200,
            "value": 200
        },
        "http_req_tls_handshaking": {
            "avg": 0,
            "min": 0,
            "med": 0,
            "max": 0,
            "p(90)": 0,
            "p(95)": 0
        },
        "http_req_waiting": {
            "avg": 31.070871842713643,
            "min": 0.204237,
            "med": 8.907317,
            "max": 633.22833,
            "p(90)": 84.85538,
            "p(95)": 87.397159
        },
        "http_req_failed": {
            "passes": 0,
            "fails": 360251,
            "value": 0
        },
        "http_req_connecting": {
            "p(95)": 0,
            "avg": 0.00014325100832475137,
            "min": 0,
            "med": 0,
            "max": 1.354596,
            "p(90)": 0
        },
        "data_received": {
            "count": 51876144,
            "rate": 864086.1792333619
        },
        "vus": {
            "min": 200,
            "max": 200,
            "value": 200
        },
        "http_req_duration{expected_response:true}": {
            "max": 633.485557,
            "p(90)": 85.611239,
            "p(95)": 88.072395,
            "avg": 33.2663472899807,
            "min": 0.234995,
            "med": 9.725917
        },
        "http_req_sending": {
            "med": 0.007233,
            "max": 4.733017,
            "p(90)": 0.009518,
            "p(95)": 0.010459,
            "avg": 0.008657234775199136,
            "min": 0.003527
        },
        "iteration_duration": {
            "p(95)": 88.1241875,
            "avg": 33.31792745976474,
            "min": 0.26437,
            "med": 9.778858,
            "max": 633.761811,
            "p(90)": 85.662468
        },
        "iterations": {
            "rate": 6000.5984668983465,
            "count": 360251
        },
        "http_req_blocked": {
            "avg": 0.0027093518435762384,
            "min": 0.001062,
            "med": 0.002234,
            "max": 8.800664,
            "p(90)": 0.003096,
            "p(95)": 0.003466
        },
        "data_sent": {
            "count": 88621746,
            "rate": 1476147.222856993
        },
        "http_req_receiving": {
            "min": 0.009338,
            "med": 0.416419,
            "max": 88.012069,
            "p(90)": 1.868801,
            "p(95)": 2.685864,
            "avg": 2.186818212493474
        }
    },
    "root_group": {
        "groups": {},
        "checks": {},
        "name": "",
        "path": "",
        "id": "d41d8cd98f00b204e9800998ecf8427e"
    }
}