{
    "metrics": {
        "http_req_sending": {
            "max": 4.115564,
            "p(90)": 0.009358,
            "p(95)": 0.010289,
            "avg": 0.008339110347991098,
            "min": 0.003427,
            "med": 0.006994
        },
        "data_sent": {
            "count": 89580408,
            "rate": 1491415.2714153666
        },
        "http_req_connecting": {
            "p(95)": 0,
            "avg": 0.0001032077726638619,
            "min": 0,
            "med": 0,
            "max": 0.951244,
            "p(90)": 0
        },
        "http_req_failed": {
            "passes": 0,
            "fails": 364148,
            "value": 0
        },
        "http_req_waiting": {
            "p(90)": 84.6321267,
            "p(95)": 87.09555685000001,
            "avg": 30.738486625553456,
            "min": 0.212172,
            "med": 8.8008235,
            "max": 370.9211
        },
        "http_req_tls_handshaking": {
            "avg": 0,
            "min": 0,
            "med": 0,
            "max": 0,
            "p(90)": 0,
            "p(95)": 0
        },
        "http_req_receiving": {
            "avg": 2.18081958266141,
            "min": 0.008165,
            "med": 0.421299,
            "max": 88.541622,
            "p(90)": 1.8443732999999998,
            "p(95)": 2.5756669999999993
        },
        "http_reqs": {
            "count": 364148,
            "rate": 6062.663704940514
        },
        "iterations": {
            "count": 364148,
            "rate": 6062.663704940514
        },
        "data_received": {
            "count": 52437312,
            "rate": 873023.573511434
        },
        "iteration_duration": {
            "p(95)": 87.831334,
            "avg": 32.9772081622419,
            "min": 0.272727,
            "med": 9.6586405,
            "max": 371.655322,
            "p(90)": 85.4355487
        },
        "vus": {
            "value": 200,
            "min": 200,
            "max": 200
        },
        "vus_max": {
            "value": 200,
            "min": 200,
            "max": 200
        },
        "http_req_duration{expected_response:true}": {
            "med": 9.60817,
            "max": 371.156156,
            "p(90)": 85.3872267,
            "p(95)": 87.78078965,
            "avg": 32.927645318563336,
            "min": 0.24227
        },
        "http_req_duration": {
            "med": 9.60817,
            "max": 371.156156,
            "p(90)": 85.3872267,
            "p(95)": 87.78078965,
            "avg": 32.927645318563336,
            "min": 0.24227
        },
        "http_req_blocked": {
            "p(90)": 0.003046,
            "p(95)": 0.003396,
            "avg": 0.002546483226600576,
            "min": 0.001001,
            "med": 0.002174,
            "max": 8.994116
        }
    },
    "root_group": {
        "id": "d41d8cd98f00b204e9800998ecf8427e",
        "groups": {},
        "checks": {},
        "name": "",
        "path": ""
    }
}