{
    "root_group": {
        "name": "",
        "path": "",
        "id": "d41d8cd98f00b204e9800998ecf8427e",
        "groups": {},
        "checks": {}
    },
    "metrics": {
        "vus": {
            "min": 200,
            "max": 200,
            "value": 200
        },
        "http_req_receiving": {
            "p(95)": 2.5891054999999996,
            "avg": 2.24777472251433,
            "min": 0.009619,
            "med": 0.4310925,
            "max": 89.04601,
            "p(90)": 1.883741
        },
        "data_sent": {
            "count": 88883736,
            "rate": 1479938.5254887731
        },
        "http_req_blocked": {
            "min": 0.001002,
            "med": 0.002144,
            "max": 3.014764,
            "p(90)": 0.003036,
            "p(95)": 0.003386,
            "avg": 0.0024693249288714227
        },
        "http_req_duration": {
            "min": 0.231338,
            "med": 9.612631499999999,
            "max": 964.61643,
            "p(90)": 85.47432850000001,
            "p(95)": 87.7646625,
            "avg": 33.185447582942054
        },
        "iteration_duration": {
            "avg": 33.23405223174434,
            "min": 0.259131,
            "med": 9.6616195,
            "max": 964.812442,
            "p(90)": 85.525484,
            "p(95)": 87.816206
        },
        "vus_max": {
            "value": 200,
            "min": 200,
            "max": 200
        },
        "http_req_waiting": {
            "min": 0.202173,
            "med": 8.787778,
            "max": 964.565764,
            "p(90)": 84.7751985,
            "p(95)": 87.0984385,
            "avg": 30.929459951256252
        },
        "http_req_tls_handshaking": {
            "min": 0,
            "med": 0,
            "max": 0,
            "p(90)": 0,
            "p(95)": 0,
            "avg": 0
        },
        "http_req_failed": {
            "passes": 0,
            "fails": 361316,
            "value": 0
        },
        "http_req_duration{expected_response:true}": {
            "med": 9.612631499999999,
            "max": 964.61643,
            "p(90)": 85.47432850000001,
            "p(95)": 87.7646625,
            "avg": 33.185447582942054,
            "min": 0.231338
        },
        "iterations": {
            "count": 361316,
            "rate": 6016.010266214525
        },
        "http_req_connecting": {
            "avg": 0.00006606345138327666,
            "min": 0,
            "med": 0,
            "max": 0.429124,
            "p(90)": 0,
            "p(95)": 0
        },
        "http_reqs": {
            "count": 361316,
            "rate": 6016.010266214525
        },
        "data_received": {
            "count": 52029504,
            "rate": 866305.4783348915
        },
        "http_req_sending": {
            "avg": 0.008212909170920291,
            "min": 0.003397,
            "med": 0.006903,
            "max": 3.964896,
            "p(90)": 0.009238,
            "p(95)": 0.010139
        }
    }
}