{
    "root_group": {
        "checks": {},
        "name": "",
        "path": "",
        "id": "d41d8cd98f00b204e9800998ecf8427e",
        "groups": {}
    },
    "metrics": {
        "data_sent": {
            "count": 30488289,
            "rate": 507237.36034303025
        },
        "http_req_duration{expected_response:true}": {
            "max": 6298.307774,
            "p(90)": 305.11056,
            "p(95)": 377.39945989999995,
            "avg": 240.72785808675823,
            "min": 1.294704,
            "med": 211.97261
        },
        "iterations": {
            "count": 49899,
            "rate": 830.1757125090512
        },
        "http_req_receiving": {
            "avg": 9.502491982003672,
            "min": 0.012934,
            "med": 0.428963,
            "max": 182.052429,
            "p(90)": 17.154283400000015,
            "p(95)": 86.40800839999999
        },
        "iteration_duration": {
            "min": 1.335823,
            "med": 212.032404,
            "max": 6298.502283,
            "p(90)": 305.1677238,
            "p(95)": 377.4529475,
            "avg": 240.7838318968726
        },
        "http_req_duration": {
            "avg": 240.72785808675823,
            "min": 1.294704,
            "med": 211.97261,
            "max": 6298.307774,
            "p(90)": 305.11056,
            "p(95)": 377.39945989999995
        },
        "http_req_sending": {
            "avg": 0.008655041844525915,
            "min": 0.004098,
            "med": 0.007574,
            "max": 0.673847,
            "p(90)": 0.01054,
            "p(95)": 0.014107
        },
        "http_req_waiting": {
            "p(95)": 320.17549479999997,
            "avg": 231.2167110629071,
            "min": 1.268214,
            "med": 210.235733,
            "max": 6297.909098,
            "p(90)": 304.4939496
        },
        "vus_max": {
            "value": 200,
            "min": 200,
            "max": 200
        },
        "http_req_blocked": {
            "avg": 0.0034235914346980507,
            "min": 0.001072,
            "med": 0.002114,
            "max": 1.539208,
            "p(90)": 0.003055,
            "p(95)": 0.004008
        },
        "vus": {
            "value": 200,
            "min": 200,
            "max": 200
        },
        "http_reqs": {
            "rate": 830.1757125090512,
            "count": 49899
        },
        "http_req_failed": {
            "passes": 0,
            "fails": 49899,
            "value": 0
        },
        "data_received": {
            "count": 7185456,
            "rate": 119545.30260130337
        },
        "http_req_tls_handshaking": {
            "p(95)": 0,
            "avg": 0,
            "min": 0,
            "med": 0,
            "max": 0,
            "p(90)": 0
        },
        "http_req_connecting": {
            "max": 1.501286,
            "p(90)": 0,
            "p(95)": 0,
            "avg": 0.0006985019739874547,
            "min": 0,
            "med": 0
        }
    }
}