{
    "root_group": {
        "name": "",
        "path": "",
        "id": "d41d8cd98f00b204e9800998ecf8427e",
        "groups": {},
        "checks": {}
    },
    "metrics": {
        "data_sent": {
            "count": 25608232,
            "rate": 426037.8851292793
        },
        "http_req_blocked": {
            "avg": 0.007195212731437249,
            "min": 0.001122,
            "med": 0.002134,
            "max": 1.808087,
            "p(90)": 0.003086,
            "p(95)": 0.0054144999999999706
        },
        "http_req_tls_handshaking": {
            "p(90)": 0,
            "p(95)": 0,
            "avg": 0,
            "min": 0,
            "med": 0,
            "max": 0
        },
        "http_req_sending": {
            "avg": 0.008902150577400202,
            "min": 0.003968,
            "med": 0.007675,
            "max": 0.510017,
            "p(90)": 0.011001,
            "p(95)": 0.014798
        },
        "http_reqs": {
            "count": 41912,
            "rate": 697.2796810626502
        },
        "http_req_duration": {
            "max": 7119.599153,
            "p(90)": 392.3992182,
            "p(95)": 400.59525899999994,
            "avg": 286.63610239776006,
            "min": 4.58008,
            "med": 294.82268650000003
        },
        "data_received": {
            "count": 6035328,
            "rate": 100408.27407302163
        },
        "iterations": {
            "count": 41912,
            "rate": 697.2796810626502
        },
        "http_req_receiving": {
            "avg": 10.392538184839763,
            "min": 0.012514,
            "med": 0.42097300000000004,
            "max": 191.053345,
            "p(90)": 73.68963600000002,
            "p(95)": 88.99740915
        },
        "http_req_connecting": {
            "avg": 0.004347022427944264,
            "min": 0,
            "med": 0,
            "max": 1.68884,
            "p(90)": 0,
            "p(95)": 0
        },
        "http_req_failed": {
            "passes": 0,
            "fails": 41912,
            "value": 0
        },
        "vus_max": {
            "min": 200,
            "max": 200,
            "value": 200
        },
        "iteration_duration": {
            "avg": 286.6974077536509,
            "min": 4.613203,
            "med": 294.87311250000005,
            "max": 7119.918027,
            "p(90)": 392.4514774,
            "p(95)": 400.64574500000003
        },
        "http_req_waiting": {
            "p(90)": 391.8318974,
            "p(95)": 400.07375525,
            "avg": 276.2346620623455,
            "min": 4.296443,
            "med": 293.432986,
            "max": 7119.123171
        },
        "http_req_duration{expected_response:true}": {
            "med": 294.82268650000003,
            "max": 7119.599153,
            "p(90)": 392.3992182,
            "p(95)": 400.59525899999994,
            "avg": 286.63610239776006,
            "min": 4.58008
        },
        "vus": {
            "value": 200,
            "min": 200,
            "max": 200
        }
    }
}