{
    "metrics": {
        "http_reqs": {
            "count": 47246,
            "rate": 786.0604978144735
        },
        "data_sent": {
            "rate": 480282.9641646433,
            "count": 28867306
        },
        "http_req_connecting": {
            "avg": 0.0004929923591415145,
            "min": 0,
            "med": 0,
            "max": 0.441818,
            "p(90)": 0,
            "p(95)": 0
        },
        "iterations": {
            "count": 47246,
            "rate": 786.0604978144735
        },
        "http_req_duration": {
            "avg": 254.28999979031096,
            "min": 2.745627,
            "med": 221.89059450000002,
            "max": 6507.755874,
            "p(90)": 312.3496345,
            "p(95)": 386.87212850000003
        },
        "http_req_duration{expected_response:true}": {
            "avg": 254.28999979031096,
            "min": 2.745627,
            "med": 221.89059450000002,
            "max": 6507.755874,
            "p(90)": 312.3496345,
            "p(95)": 386.87212850000003
        },
        "iteration_duration": {
            "med": 221.96972399999999,
            "max": 6509.650376,
            "p(90)": 312.411433,
            "p(95)": 386.92920825,
            "avg": 254.3474865880281,
            "min": 2.781605
        },
        "http_req_blocked": {
            "med": 0.002134,
            "max": 0.473739,
            "p(90)": 0.003106,
            "p(95)": 0.005721,
            "avg": 0.0032728440079582834,
            "min": 0.001092
        },
        "vus": {
            "value": 200,
            "min": 200,
            "max": 200
        },
        "http_req_sending": {
            "p(95)": 0.0141645,
            "avg": 0.008810840028785528,
            "min": 0.003937,
            "med": 0.007644,
            "max": 1.458636,
            "p(90)": 0.01062
        },
        "http_req_receiving": {
            "avg": 9.21926038511206,
            "min": 0.009629,
            "med": 0.41827749999999997,
            "max": 180.276723,
            "p(90)": 15.813769,
            "p(95)": 86.1514885
        },
        "http_req_failed": {
            "passes": 0,
            "fails": 47246,
            "value": 0
        },
        "http_req_tls_handshaking": {
            "min": 0,
            "med": 0,
            "max": 0,
            "p(90)": 0,
            "p(95)": 0,
            "avg": 0
        },
        "data_received": {
            "count": 6803424,
            "rate": 113192.71168528419
        },
        "http_req_waiting": {
            "min": 2.523065,
            "med": 216.843184,
            "max": 6507.36337,
            "p(90)": 311.41661899999997,
            "p(95)": 386.0872455,
            "avg": 245.06192856516805
        },
        "vus_max": {
            "min": 200,
            "max": 200,
            "value": 200
        }
    },
    "root_group": {
        "groups": {},
        "checks": {},
        "name": "",
        "path": "",
        "id": "d41d8cd98f00b204e9800998ecf8427e"
    }
}