{
    "root_group": {
        "name": "",
        "path": "",
        "id": "d41d8cd98f00b204e9800998ecf8427e",
        "groups": {},
        "checks": {}
    },
    "metrics": {
        "iterations": {
            "count": 45052,
            "rate": 748.8619882235498
        },
        "http_reqs": {
            "count": 45052,
            "rate": 748.8619882235498
        },
        "http_req_connecting": {
            "avg": 0.0005222564370061261,
            "min": 0,
            "med": 0,
            "max": 0.703418,
            "p(90)": 0,
            "p(95)": 0
        },
        "http_req_tls_handshaking": {
            "p(95)": 0,
            "avg": 0,
            "min": 0,
            "med": 0,
            "max": 0,
            "p(90)": 0
        },
        "data_sent": {
            "count": 27526772,
            "rate": 457554.67480458895
        },
        "http_req_sending": {
            "max": 2.028747,
            "p(90)": 0.01058,
            "p(95)": 0.014598,
            "avg": 0.008984679414898318,
            "min": 0.004138,
            "med": 0.007685
        },
        "data_received": {
            "count": 6487488,
            "rate": 107836.12630419117
        },
        "iteration_duration": {
            "max": 594.168519,
            "p(90)": 383.6408651,
            "p(95)": 394.06811369999997,
            "avg": 266.73675604115215,
            "min": 2.271128,
            "med": 289.35457699999995
        },
        "http_req_blocked": {
            "p(95)": 0.003777,
            "avg": 0.0032796087632069007,
            "min": 0.001052,
            "med": 0.002104,
            "max": 0.893639,
            "p(90)": 0.003006
        },
        "http_req_waiting": {
            "avg": 257.867204936672,
            "min": 2.159626,
            "med": 287.311191,
            "max": 593.682756,
            "p(90)": 382.15542280000005,
            "p(95)": 393.08665834999994
        },
        "vus": {
            "max": 200,
            "value": 200,
            "min": 200
        },
        "http_req_duration{expected_response:true}": {
            "min": 2.228137,
            "med": 289.2857245,
            "max": 594.031799,
            "p(90)": 383.5914999,
            "p(95)": 393.98729614999996,
            "avg": 266.68018043081366
        },
        "http_req_failed": {
            "passes": 0,
            "fails": 45052,
            "value": 0
        },
        "vus_max": {
            "value": 200,
            "min": 200,
            "max": 200
        },
        "http_req_duration": {
            "avg": 266.68018043081366,
            "min": 2.228137,
            "med": 289.2857245,
            "max": 594.031799,
            "p(90)": 383.5914999,
            "p(95)": 393.98729614999996
        },
        "http_req_receiving": {
            "med": 0.4534825,
            "max": 182.911922,
            "p(90)": 14.146070500000015,
            "p(95)": 82.87254984999998,
            "avg": 8.80399081472522,
            "min": 0.011372
        }
    }
}