{
    "metrics": {
        "http_reqs": {
            "count": 375003,
            "rate": 6248.337087015164
        },
        "vus": {
            "min": 200,
            "max": 200,
            "value": 200
        },
        "http_req_waiting": {
            "med": 8.293109,
            "max": 824.198743,
            "p(90)": 84.1760032,
            "p(95)": 86.8540138,
            "avg": 29.72209917920366,
            "min": 0.188969
        },
        "http_req_connecting": {
            "max": 1.137225,
            "p(90)": 0,
            "p(95)": 0,
            "avg": 0.00007942750057999541,
            "min": 0,
            "med": 0
        },
        "http_req_duration": {
            "avg": 31.959976370237285,
            "min": 0.218844,
            "med": 9.09034,
            "max": 825.385663,
            "p(90)": 84.9582282,
            "p(95)": 87.6092691
        },
        "iterations": {
            "count": 375003,
            "rate": 6248.337087015164
        },
        "http_req_duration{expected_response:true}": {
            "med": 9.09034,
            "max": 825.385663,
            "p(90)": 84.9582282,
            "p(95)": 87.6092691,
            "avg": 31.959976370237285,
            "min": 0.218844
        },
        "vus_max": {
            "value": 200,
            "min": 200,
            "max": 200
        },
        "data_sent": {
            "count": 31500252,
            "rate": 524860.3153092738
        },
        "http_req_blocked": {
            "avg": 0.002547664797348554,
            "min": 0.000982,
            "med": 0.002114,
            "max": 2.887583,
            "p(90)": 0.002976,
            "p(95)": 0.003367
        },
        "http_req_sending": {
            "min": 0.003036,
            "med": 0.006302,
            "max": 2.306872,
            "p(90)": 0.008616,
            "p(95)": 0.009658,
            "avg": 0.008332111705773923
        },
        "http_req_receiving": {
            "avg": 2.22954507932736,
            "min": 0.009619,
            "med": 0.41682,
            "max": 178.493809,
            "p(90)": 1.8158279999999998,
            "p(95)": 2.5572029999999986
        },
        "data_received": {
            "count": 54000432,
            "rate": 899760.5405301836
        },
        "http_req_tls_handshaking": {
            "avg": 0,
            "min": 0,
            "med": 0,
            "max": 0,
            "p(90)": 0,
            "p(95)": 0
        },
        "http_req_failed": {
            "passes": 0,
            "fails": 375003,
            "value": 0
        },
        "iteration_duration": {
            "p(95)": 87.6490164,
            "avg": 31.997828508835696,
            "min": 0.240626,
            "med": 9.127751,
            "max": 825.571977,
            "p(90)": 84.9966274
        }
    },
    "root_group": {
        "path": "",
        "id": "d41d8cd98f00b204e9800998ecf8427e",
        "groups": {},
        "checks": {},
        "name": ""
    }
}