{
    "metrics": {
        "http_req_connecting": {
            "avg": 0.00014626418520318323,
            "min": 0,
            "med": 0,
            "max": 2.686048,
            "p(90)": 0,
            "p(95)": 0
        },
        "http_req_tls_handshaking": {
            "p(95)": 0,
            "avg": 0,
            "min": 0,
            "med": 0,
            "max": 0,
            "p(90)": 0
        },
        "iterations": {
            "count": 382758,
            "rate": 6378.74576895956
        },
        "vus": {
            "value": 200,
            "min": 200,
            "max": 200
        },
        "vus_max": {
            "max": 200,
            "value": 200,
            "min": 200
        },
        "http_req_sending": {
            "avg": 0.008840137737161162,
            "min": 0.003166,
            "med": 0.006412,
            "max": 3.247492,
            "p(90)": 0.008717,
            "p(95)": 0.009749
        },
        "data_received": {
            "count": 55117152,
            "rate": 918539.3907301767
        },
        "http_reqs": {
            "count": 382758,
            "rate": 6378.74576895956
        },
        "http_req_receiving": {
            "max": 154.42171,
            "p(90)": 1.6880899999999994,
            "p(95)": 2.3600933499999996,
            "avg": 2.0822740208121164,
            "min": 0.008426,
            "med": 0.418944
        },
        "http_req_duration{expected_response:true}": {
            "p(95)": 86.9140099,
            "avg": 31.304008113701688,
            "min": 0.252148,
            "med": 8.915756,
            "max": 1197.574303,
            "p(90)": 84.4589546
        },
        "http_req_waiting": {
            "avg": 29.212893955152442,
            "min": 0.219035,
            "med": 8.133017500000001,
            "max": 1195.32371,
            "p(90)": 83.7631133,
            "p(95)": 86.21499515000001
        },
        "iteration_duration": {
            "min": 0.276484,
            "med": 8.9537385,
            "max": 1197.79421,
            "p(90)": 84.4991445,
            "p(95)": 86.95260289999999,
            "avg": 31.342613139216272
        },
        "data_sent": {
            "count": 32151672,
            "rate": 535814.6445926031
        },
        "http_req_duration": {
            "avg": 31.304008113701688,
            "min": 0.252148,
            "med": 8.915756,
            "max": 1197.574303,
            "p(90)": 84.4589546,
            "p(95)": 86.9140099
        },
        "http_req_blocked": {
            "max": 3.397937,
            "p(90)": 0.003015,
            "p(95)": 0.003396149999999965,
            "avg": 0.0026233712058274573,
            "min": 0.000941,
            "med": 0.002134
        },
        "http_req_failed": {
            "fails": 382758,
            "passes": 0,
            "value": 0
        }
    },
    "root_group": {
        "name": "",
        "path": "",
        "id": "d41d8cd98f00b204e9800998ecf8427e",
        "groups": {},
        "checks": {}
    }
}