{
    "metrics": {
        "http_req_blocked": {
            "avg": 0.0026319754132965857,
            "min": 0.000932,
            "med": 0.002104,
            "max": 2.813625,
            "p(90)": 0.002976,
            "p(95)": 0.003366
        },
        "http_req_tls_handshaking": {
            "p(90)": 0,
            "p(95)": 0,
            "avg": 0,
            "min": 0,
            "med": 0,
            "max": 0
        },
        "vus": {
            "value": 200,
            "min": 200,
            "max": 200
        },
        "http_req_receiving": {
            "avg": 2.2183097230934394,
            "min": 0.007885,
            "med": 0.400459,
            "max": 141.434049,
            "p(90)": 1.804021,
            "p(95)": 2.6085542
        },
        "http_req_failed": {
            "passes": 0,
            "fails": 381385,
            "value": 0
        },
        "vus_max": {
            "max": 200,
            "value": 200,
            "min": 200
        },
        "http_req_sending": {
            "p(90)": 0.008716,
            "p(95)": 0.009788,
            "avg": 0.008950887444446975,
            "min": 0.003096,
            "med": 0.006372,
            "max": 3.393044
        },
        "iterations": {
            "count": 381385,
            "rate": 6353.732186967147
        },
        "iteration_duration": {
            "avg": 31.466168014149783,
            "min": 0.250605,
            "med": 9.021958,
            "max": 935.56854,
            "p(90)": 84.9883484,
            "p(95)": 87.615094
        },
        "http_req_duration{expected_response:true}": {
            "p(90)": 84.9494034,
            "p(95)": 87.575244,
            "avg": 31.427964618445426,
            "min": 0.225518,
            "med": 8.983696,
            "max": 935.369372
        },
        "http_req_connecting": {
            "min": 0,
            "med": 0,
            "max": 1.862692,
            "p(90)": 0,
            "p(95)": 0,
            "avg": 0.000179733382277751
        },
        "http_req_waiting": {
            "p(90)": 84.1018464,
            "p(95)": 86.810288,
            "avg": 29.200704007907966,
            "min": 0.196072,
            "med": 8.166647,
            "max": 934.824469
        },
        "data_sent": {
            "count": 32036340,
            "rate": 533713.5037052403
        },
        "http_req_duration": {
            "avg": 31.427964618445426,
            "min": 0.225518,
            "med": 8.983696,
            "max": 935.369372,
            "p(90)": 84.9494034,
            "p(95)": 87.575244
        },
        "http_reqs": {
            "count": 381385,
            "rate": 6353.732186967147
        },
        "data_received": {
            "count": 54919440,
            "rate": 914937.4349232692
        }
    },
    "root_group": {
        "path": "",
        "id": "d41d8cd98f00b204e9800998ecf8427e",
        "groups": {},
        "checks": {},
        "name": ""
    }
}