{
    "root_group": {
        "id": "d41d8cd98f00b204e9800998ecf8427e",
        "groups": {},
        "checks": {},
        "name": "",
        "path": ""
    },
    "metrics": {
        "http_req_duration": {
            "avg": 41.6014694178172,
            "min": 0.258178,
            "med": 16.209576,
            "max": 243.477542,
            "p(90)": 88.4239,
            "p(95)": 92.82838875
        },
        "http_req_failed": {
            "passes": 0,
            "fails": 288426,
            "value": 0
        },
        "data_received": {
            "count": 41533344,
            "rate": 691353.939410012
        },
        "http_req_blocked": {
            "p(95)": 0.003597,
            "avg": 0.0027919016454829534,
            "min": 0.000982,
            "med": 0.002174,
            "max": 2.075588,
            "p(90)": 0.003086
        },
        "data_sent": {
            "count": 24227784,
            "rate": 403289.7979891737
        },
        "http_req_sending": {
            "med": 0.006692,
            "max": 2.339398,
            "p(90)": 0.009077,
            "p(95)": 0.012123,
            "avg": 0.008967962475643914,
            "min": 0.003256
        },
        "iteration_duration": {
            "avg": 41.64373859701558,
            "min": 0.28552,
            "med": 16.250929,
            "max": 243.528058,
            "p(90)": 88.4704635,
            "p(95)": 92.87211875
        },
        "http_reqs": {
            "count": 288426,
            "rate": 4801.0690236806395
        },
        "http_req_receiving": {
            "med": 0.436706,
            "max": 171.973654,
            "p(90)": 2.4861245,
            "p(95)": 6.763261,
            "avg": 3.003534683634624,
            "min": 0.009528
        },
        "http_req_duration{expected_response:true}": {
            "avg": 41.6014694178172,
            "min": 0.258178,
            "med": 16.209576,
            "max": 243.477542,
            "p(90)": 88.4239,
            "p(95)": 92.82838875
        },
        "http_req_connecting": {
            "p(90)": 0,
            "p(95)": 0,
            "avg": 0.00010644088258340097,
            "min": 0,
            "med": 0,
            "max": 0.655912
        },
        "http_req_waiting": {
            "avg": 38.58896677170645,
            "min": 0.220657,
            "med": 14.666199500000001,
            "max": 234.738854,
            "p(90)": 87.209465,
            "p(95)": 91.5840155
        },
        "http_req_tls_handshaking": {
            "max": 0,
            "p(90)": 0,
            "p(95)": 0,
            "avg": 0,
            "min": 0,
            "med": 0
        },
        "vus": {
            "value": 200,
            "min": 200,
            "max": 200
        },
        "iterations": {
            "count": 288426,
            "rate": 4801.0690236806395
        },
        "vus_max": {
            "max": 200,
            "value": 200,
            "min": 200
        }
    }
}