{
    "metrics": {
        "http_req_blocked": {
            "avg": 0.0025675681641570895,
            "min": 0.001002,
            "med": 0.002104,
            "max": 1.272443,
            "p(90)": 0.003035,
            "p(95)": 0.003436
        },
        "http_req_waiting": {
            "min": 0.35336,
            "med": 12.801336,
            "max": 1157.802079,
            "p(90)": 88.609868,
            "p(95)": 90.9301632,
            "avg": 40.12598486805045
        },
        "http_req_tls_handshaking": {
            "avg": 0,
            "min": 0,
            "med": 0,
            "max": 0,
            "p(90)": 0,
            "p(95)": 0
        },
        "http_req_receiving": {
            "p(95)": 3.6953159999999996,
            "avg": 2.811613491639996,
            "min": 0.008636,
            "med": 0.413133,
            "max": 90.314676,
            "p(90)": 2.5713440000000003
        },
        "http_req_failed": {
            "passes": 0,
            "fails": 279245,
            "value": 0
        },
        "http_req_duration": {
            "p(90)": 89.247986,
            "p(95)": 91.5019592,
            "avg": 42.94568909329186,
            "min": 0.392324,
            "med": 13.960974,
            "max": 1158.067433
        },
        "http_req_duration{expected_response:true}": {
            "med": 13.960974,
            "max": 1158.067433,
            "p(90)": 89.247986,
            "p(95)": 91.5019592,
            "avg": 42.94568909329186,
            "min": 0.392324
        },
        "http_req_connecting": {
            "avg": 0.00010288583143834267,
            "min": 0,
            "med": 0,
            "max": 0.825966,
            "p(90)": 0,
            "p(95)": 0
        },
        "vus_max": {
            "value": 200,
            "min": 200,
            "max": 200
        },
        "http_req_sending": {
            "p(95)": 0.011001,
            "avg": 0.008090733599527401,
            "min": 0.003677,
            "med": 0.007254,
            "max": 2.468802,
            "p(90)": 0.009859
        },
        "vus": {
            "value": 200,
            "min": 200,
            "max": 200
        },
        "iterations": {
            "count": 279245,
            "rate": 4650.307096950759
        },
        "http_reqs": {
            "count": 279245,
            "rate": 4650.307096950759
        },
        "iteration_duration": {
            "max": 1159.432481,
            "p(90)": 89.3000076,
            "p(95)": 91.551576,
            "avg": 42.99593530633696,
            "min": 0.433142,
            "med": 14.014076
        },
        "data_received": {
            "rate": 669644.2219609093,
            "count": 40211280
        },
        "data_sent": {
            "count": 152188525,
            "rate": 2534417.3678381634
        }
    },
    "root_group": {
        "name": "",
        "path": "",
        "id": "d41d8cd98f00b204e9800998ecf8427e",
        "groups": {},
        "checks": {}
    }
}