{
    "root_group": {
        "name": "",
        "path": "",
        "id": "d41d8cd98f00b204e9800998ecf8427e",
        "groups": {},
        "checks": {}
    },
    "metrics": {
        "http_req_blocked": {
            "avg": 0.002776311689321865,
            "min": 0.001002,
            "med": 0.002214,
            "max": 1.29986,
            "p(90)": 0.003116,
            "p(95)": 0.003626
        },
        "http_req_failed": {
            "passes": 0,
            "fails": 231442,
            "value": 0
        },
        "vus_max": {
            "value": 200,
            "min": 200,
            "max": 200
        },
        "http_reqs": {
            "count": 231442,
            "rate": 3856.6367826647233
        },
        "data_sent": {
            "count": 126135890,
            "rate": 2101867.046552274
        },
        "http_req_tls_handshaking": {
            "avg": 0,
            "min": 0,
            "med": 0,
            "max": 0,
            "p(90)": 0,
            "p(95)": 0
        },
        "vus": {
            "value": 200,
            "min": 200,
            "max": 200
        },
        "iterations": {
            "count": 231442,
            "rate": 3856.6367826647233
        },
        "iteration_duration": {
            "max": 198.301732,
            "p(90)": 92.00628769999999,
            "p(95)": 95.01719955,
            "avg": 51.84256919416015,
            "min": 0.362426,
            "med": 72.1330975
        },
        "http_req_duration{expected_response:true}": {
            "p(90)": 91.9497674,
            "p(95)": 94.95845749999998,
            "avg": 51.787699754919906,
            "min": 0.320968,
            "med": 72.0780435,
            "max": 198.228934
        },
        "http_req_waiting": {
            "min": 0.281243,
            "med": 20.6047255,
            "max": 194.473762,
            "p(90)": 91.1417499,
            "p(95)": 94.02170085,
            "avg": 48.6095474478409
        },
        "data_received": {
            "count": 33327648,
            "rate": 555355.6967037201
        },
        "http_req_duration": {
            "med": 72.0780435,
            "max": 198.228934,
            "p(90)": 91.9497674,
            "p(95)": 94.95845749999998,
            "avg": 51.787699754919906,
            "min": 0.320968
        },
        "http_req_sending": {
            "p(95)": 0.013234499999999826,
            "avg": 0.008784293192246596,
            "min": 0.003847,
            "med": 0.007655,
            "max": 2.195214,
            "p(90)": 0.01029
        },
        "http_req_connecting": {
            "avg": 0.00015393092005772503,
            "min": 0,
            "med": 0,
            "max": 1.138956,
            "p(90)": 0,
            "p(95)": 0
        },
        "http_req_receiving": {
            "min": 0.01095,
            "med": 0.4594395,
            "max": 145.1069,
            "p(90)": 2.988422,
            "p(95)": 6.351653549999998,
            "avg": 3.1693680138868294
        }
    }
}