{
    "root_group": {
        "id": "d41d8cd98f00b204e9800998ecf8427e",
        "groups": {},
        "checks": {},
        "name": "",
        "path": ""
    },
    "metrics": {
        "http_req_blocked": {
            "p(95)": 0.003517,
            "avg": 0.0027186835409730883,
            "min": 0.001042,
            "med": 0.002204,
            "max": 2.317672,
            "p(90)": 0.003106
        },
        "http_req_sending": {
            "p(95)": 0.011249649999999792,
            "avg": 0.008456925985205659,
            "min": 0.003717,
            "med": 0.007554,
            "max": 6.37,
            "p(90)": 0.010069
        },
        "http_req_duration": {
            "avg": 43.224494744077276,
            "min": 0.29069,
            "med": 14.317810000000001,
            "max": 655.176731,
            "p(90)": 89.4174058,
            "p(95)": 91.7703358
        },
        "http_req_tls_handshaking": {
            "min": 0,
            "med": 0,
            "max": 0,
            "p(90)": 0,
            "p(95)": 0,
            "avg": 0
        },
        "iterations": {
            "rate": 4620.050407551915,
            "count": 277404
        },
        "http_reqs": {
            "count": 277404,
            "rate": 4620.050407551915
        },
        "http_req_waiting": {
            "max": 654.705338,
            "p(90)": 88.7559519,
            "p(95)": 91.1730235,
            "avg": 40.41000957110827,
            "min": 0.256727,
            "med": 13.1010745
        },
        "http_req_failed": {
            "passes": 0,
            "fails": 277404,
            "value": 0
        },
        "iteration_duration": {
            "p(90)": 89.4683745,
            "p(95)": 91.8216539,
            "avg": 43.27715259866822,
            "min": 0.334023,
            "med": 14.3726335,
            "max": 656.512763
        },
        "data_sent": {
            "count": 151185180,
            "rate": 2517927.4721157937
        },
        "http_req_receiving": {
            "max": 91.450338,
            "p(90)": 2.5682417000000006,
            "p(95)": 3.8093749999999997,
            "avg": 2.8060282469826743,
            "min": 0.009748,
            "med": 0.421539
        },
        "http_req_connecting": {
            "p(95)": 0,
            "avg": 0.00017328444795316575,
            "min": 0,
            "med": 0,
            "max": 2.149533,
            "p(90)": 0
        },
        "http_req_duration{expected_response:true}": {
            "med": 14.317810000000001,
            "max": 655.176731,
            "p(90)": 89.4174058,
            "p(95)": 91.7703358,
            "avg": 43.224494744077276,
            "min": 0.29069
        },
        "data_received": {
            "count": 39946176,
            "rate": 665287.2586874758
        },
        "vus_max": {
            "min": 200,
            "max": 200,
            "value": 200
        },
        "vus": {
            "value": 200,
            "min": 200,
            "max": 200
        }
    }
}