{
    "root_group": {
        "name": "",
        "path": "",
        "id": "d41d8cd98f00b204e9800998ecf8427e",
        "groups": {},
        "checks": {}
    },
    "metrics": {
        "vus": {
            "value": 200,
            "min": 200,
            "max": 200
        },
        "http_req_blocked": {
            "avg": 0.0025256680951066274,
            "min": 0.001042,
            "med": 0.002114,
            "max": 1.575687,
            "p(90)": 0.003046,
            "p(95)": 0.003436
        },
        "http_req_receiving": {
            "p(90)": 2.5840135,
            "p(95)": 3.7068167499999998,
            "avg": 2.855742222765689,
            "min": 0.009508,
            "med": 0.438842,
            "max": 89.74849
        },
        "http_reqs": {
            "count": 282126,
            "rate": 4699.139196136513
        },
        "http_req_failed": {
            "passes": 0,
            "fails": 282126,
            "value": 0
        },
        "http_req_connecting": {
            "med": 0,
            "max": 1.0289,
            "p(90)": 0,
            "p(95)": 0,
            "avg": 0.00010409337671820398,
            "min": 0
        },
        "http_req_sending": {
            "max": 1.235482,
            "p(90)": 0.009879,
            "p(95)": 0.010991,
            "avg": 0.007909187249668588,
            "min": 0.003476,
            "med": 0.007254
        },
        "iterations": {
            "count": 282126,
            "rate": 4699.139196136513
        },
        "http_req_waiting": {
            "med": 12.5801825,
            "max": 1249.741108,
            "p(90)": 88.5723735,
            "p(95)": 90.87482,
            "avg": 39.635838581966475,
            "min": 0.316761
        },
        "http_req_duration": {
            "p(90)": 89.2983675,
            "p(95)": 91.51236524999999,
            "avg": 42.499489991983104,
            "min": 0.357848,
            "med": 13.8562615,
            "max": 1250.042911
        },
        "vus_max": {
            "value": 200,
            "min": 200,
            "max": 200
        },
        "data_received": {
            "count": 40626144,
            "rate": 676676.0442436578
        },
        "data_sent": {
            "rate": 2561030.8618944,
            "count": 153758670
        },
        "http_req_duration{expected_response:true}": {
            "med": 13.8562615,
            "max": 1250.042911,
            "p(90)": 89.2983675,
            "p(95)": 91.51236524999999,
            "avg": 42.499489991983104,
            "min": 0.357848
        },
        "iteration_duration": {
            "min": 0.397623,
            "med": 13.907408,
            "max": 1250.273026,
            "p(90)": 89.348448,
            "p(95)": 91.56089875,
            "avg": 42.549276263453
        },
        "http_req_tls_handshaking": {
            "min": 0,
            "med": 0,
            "max": 0,
            "p(90)": 0,
            "p(95)": 0,
            "avg": 0
        }
    }
}