{
    "metrics": {
        "data_received": {
            "rate": 4252324.371214598,
            "count": 256805136
        },
        "vus": {
            "value": 200,
            "min": 200,
            "max": 200
        },
        "http_req_duration": {
            "max": 10134.216,
            "p(90)": 4.994,
            "p(95)": 6.583,
            "avg": 6.717125502910307,
            "min": 0.166,
            "med": 2.106
        },
        "http_req_failed": {
            "passes": 0,
            "fails": 1783369,
            "value": 0
        },
        "vus_max": {
            "value": 200,
            "min": 200,
            "max": 200
        },
        "http_req_sending": {
            "avg": 0.0027263628559848546,
            "min": 0,
            "med": 0.002,
            "max": 7.497,
            "p(90)": 0.004,
            "p(95)": 0.007
        },
        "iteration_duration": {
            "min": 0.17575,
            "med": 2.125334,
            "max": 10134.263125,
            "p(90)": 5.017541199999999,
            "p(95)": 6.608792,
            "avg": 6.739603941402511
        },
        "http_req_waiting": {
            "p(90)": 4.714,
            "p(95)": 6.268,
            "avg": 6.535332110180639,
            "min": 0.129,
            "med": 1.932,
            "max": 10132.763
        },
        "http_req_receiving": {
            "avg": 0.17906702987425827,
            "min": 0.002,
            "med": 0.077,
            "max": 11.636,
            "p(90)": 0.472,
            "p(95)": 0.711
        },
        "data_sent": {
            "count": 515393641,
            "rate": 8534178.772784853
        },
        "http_req_duration{expected_response:true}": {
            "avg": 6.717125502910307,
            "min": 0.166,
            "med": 2.106,
            "max": 10134.216,
            "p(90)": 4.994,
            "p(95)": 6.583
        },
        "http_reqs": {
            "count": 1783369,
            "rate": 29530.030355656934
        },
        "iterations": {
            "count": 1783369,
            "rate": 29530.030355656934
        },
        "http_req_blocked": {
            "avg": 0.0033245604247847623,
            "min": 0,
            "med": 0.001,
            "max": 67.359,
            "p(90)": 0.001,
            "p(95)": 0.002
        },
        "http_req_tls_handshaking": {
            "min": 0,
            "med": 0,
            "max": 0,
            "p(90)": 0,
            "p(95)": 0,
            "avg": 0
        },
        "http_req_connecting": {
            "p(90)": 0,
            "p(95)": 0,
            "avg": 0.0024635703547611306,
            "min": 0,
            "med": 0,
            "max": 65.838
        }
    },
    "root_group": {
        "id": "d41d8cd98f00b204e9800998ecf8427e",
        "groups": {},
        "checks": {},
        "name": "",
        "path": ""
    }
}