{
    "metrics": {
        "vus": {
            "value": 200,
            "min": 200,
            "max": 200
        },
        "vus_max": {
            "value": 200,
            "min": 200,
            "max": 200
        },
        "http_req_failed": {
            "passes": 0,
            "fails": 1810875,
            "value": 0
        },
        "http_req_duration": {
            "med": 1.926,
            "max": 3379.226,
            "p(90)": 4.716,
            "p(95)": 6.371,
            "avg": 6.604874706978671,
            "min": 0.158
        },
        "data_received": {
            "count": 260766000,
            "rate": 4332323.716020821
        },
        "http_req_connecting": {
            "min": 0,
            "med": 0,
            "max": 33.63,
            "p(90)": 0,
            "p(95)": 0,
            "avg": 0.001336413059984814
        },
        "http_req_waiting": {
            "p(95)": 6.077,
            "avg": 6.42982192917753,
            "min": 0.136,
            "med": 1.759,
            "max": 3379.054,
            "p(90)": 4.446
        },
        "http_req_blocked": {
            "max": 36.763,
            "p(90)": 0.001,
            "p(95)": 0.002,
            "avg": 0.0022169199973303727,
            "min": 0,
            "med": 0.001
        },
        "http_req_sending": {
            "p(95)": 0.006,
            "avg": 0.0026381196935808733,
            "min": 0,
            "med": 0.002,
            "max": 6.666,
            "p(90)": 0.004
        },
        "iteration_duration": {
            "p(95)": 6.3974583,
            "avg": 6.62560313009811,
            "min": 0.16825,
            "med": 1.945,
            "max": 3379.248291,
            "p(90)": 4.740333
        },
        "http_reqs": {
            "rate": 30085.5813612557,
            "count": 1810875
        },
        "http_req_tls_handshaking": {
            "p(90)": 0,
            "p(95)": 0,
            "avg": 0,
            "min": 0,
            "med": 0,
            "max": 0
        },
        "http_req_receiving": {
            "avg": 0.17241465810708675,
            "min": 0.002,
            "med": 0.08,
            "max": 19.793,
            "p(90)": 0.447,
            "p(95)": 0.668
        },
        "data_sent": {
            "count": 523342875,
            "rate": 8694733.013402898
        },
        "http_req_duration{expected_response:true}": {
            "p(90)": 4.716,
            "p(95)": 6.371,
            "avg": 6.604874706978671,
            "min": 0.158,
            "med": 1.926,
            "max": 3379.226
        },
        "iterations": {
            "count": 1810875,
            "rate": 30085.5813612557
        }
    },
    "root_group": {
        "id": "d41d8cd98f00b204e9800998ecf8427e",
        "groups": {},
        "checks": {},
        "name": "",
        "path": ""
    }
}