{
    "metrics": {
        "http_reqs": {
            "count": 1152422,
            "rate": 19179.362627558465
        },
        "http_req_failed": {
            "passes": 0,
            "fails": 1152422,
            "value": 0
        },
        "data_received": {
            "count": 165948768,
            "rate": 2761828.218368419
        },
        "iterations": {
            "rate": 19179.362627558465,
            "count": 1152422
        },
        "http_req_duration": {
            "min": 0.237,
            "med": 3.668,
            "max": 3506.998,
            "p(90)": 9.258,
            "p(95)": 12.776,
            "avg": 10.384551144459138
        },
        "http_req_blocked": {
            "p(90)": 0.001,
            "p(95)": 0.002,
            "avg": 0.006376047142563636,
            "min": 0,
            "med": 0.001,
            "max": 96.624
        },
        "http_req_tls_handshaking": {
            "p(90)": 0,
            "p(95)": 0,
            "avg": 0,
            "min": 0,
            "med": 0,
            "max": 0
        },
        "http_req_connecting": {
            "avg": 0.005459592059158883,
            "min": 0,
            "med": 0,
            "max": 95.028,
            "p(90)": 0,
            "p(95)": 0
        },
        "http_req_waiting": {
            "avg": 10.13744979530097,
            "min": 0.226,
            "med": 3.424,
            "max": 3506.791,
            "p(90)": 8.904,
            "p(95)": 12.384949999999948
        },
        "http_req_receiving": {
            "avg": 0.24414968475078427,
            "min": 0.002,
            "med": 0.132,
            "max": 27.495,
            "p(90)": 0.586,
            "p(95)": 0.844
        },
        "vus_max": {
            "min": 200,
            "max": 200,
            "value": 200
        },
        "iteration_duration": {
            "p(95)": 12.804581899999999,
            "avg": 10.411234383528006,
            "min": 0.246125,
            "med": 3.6888544999999997,
            "max": 3507.020542,
            "p(90)": 9.280791
        },
        "http_req_duration{expected_response:true}": {
            "max": 3506.998,
            "p(90)": 9.258,
            "p(95)": 12.776,
            "avg": 10.384551144459138,
            "min": 0.237,
            "med": 3.668
        },
        "http_req_sending": {
            "p(90)": 0.005,
            "p(95)": 0.009,
            "avg": 0.002951664407666287,
            "min": 0,
            "med": 0.002,
            "max": 7.154
        },
        "vus": {
            "value": 200,
            "min": 200,
            "max": 200
        },
        "data_sent": {
            "count": 333049958,
            "rate": 5542835.799364396
        }
    },
    "root_group": {
        "name": "",
        "path": "",
        "id": "d41d8cd98f00b204e9800998ecf8427e",
        "groups": {},
        "checks": {}
    }
}