{
    "metrics": {
        "http_req_duration{expected_response:true}": {
            "p(90)": 9.12,
            "p(95)": 12.548,
            "avg": 10.313778972976081,
            "min": 0.236,
            "med": 3.638,
            "max": 1416.501
        },
        "data_sent": {
            "count": 335485361,
            "rate": 5576937.703037234
        },
        "http_req_failed": {
            "passes": 0,
            "fails": 1160849,
            "value": 0
        },
        "vus_max": {
            "value": 200,
            "min": 200,
            "max": 200
        },
        "vus": {
            "min": 200,
            "max": 200,
            "value": 200
        },
        "iterations": {
            "count": 1160849,
            "rate": 19297.362294246486
        },
        "iteration_duration": {
            "max": 1416.529333,
            "p(90)": 9.143508200000001,
            "p(95)": 12.570625,
            "avg": 10.335771924073708,
            "min": 0.247375,
            "med": 3.659542
        },
        "http_req_duration": {
            "p(90)": 9.12,
            "p(95)": 12.548,
            "avg": 10.313778972976081,
            "min": 0.236,
            "med": 3.638,
            "max": 1416.501
        },
        "http_req_blocked": {
            "min": 0,
            "med": 0.001,
            "max": 9.939,
            "p(90)": 0.001,
            "p(95)": 0.002,
            "avg": 0.001198688201466661
        },
        "http_req_waiting": {
            "avg": 10.061640015195977,
            "min": 0.219,
            "med": 3.385,
            "max": 1415.872,
            "p(90)": 8.761,
            "p(95)": 12.176599999999949
        },
        "http_req_tls_handshaking": {
            "avg": 0,
            "min": 0,
            "med": 0,
            "max": 0,
            "p(90)": 0,
            "p(95)": 0
        },
        "http_req_receiving": {
            "med": 0.134,
            "max": 16.531,
            "p(90)": 0.608,
            "p(95)": 0.875,
            "avg": 0.24916088914225792,
            "min": 0.002
        },
        "data_received": {
            "count": 167162256,
            "rate": 2778820.170371494
        },
        "http_reqs": {
            "count": 1160849,
            "rate": 19297.362294246486
        },
        "http_req_connecting": {
            "max": 1.822,
            "p(90)": 0,
            "p(95)": 0,
            "avg": 0.000194313816870239,
            "min": 0,
            "med": 0
        },
        "http_req_sending": {
            "med": 0.002,
            "max": 4.509,
            "p(90)": 0.005,
            "p(95)": 0.009,
            "avg": 0.0029780686377050176,
            "min": 0
        }
    },
    "root_group": {
        "path": "",
        "id": "d41d8cd98f00b204e9800998ecf8427e",
        "groups": {},
        "checks": {},
        "name": ""
    }
}