{
    "metrics": {
        "http_reqs": {
            "rate": 13142.029656300803,
            "count": 791053
        },
        "iterations": {
            "count": 791053,
            "rate": 13142.029656300803
        },
        "vus": {
            "min": 200,
            "max": 200,
            "value": 200
        },
        "http_req_receiving": {
            "avg": 0.32206605372836156,
            "min": 0.002,
            "med": 0.175,
            "max": 38.539,
            "p(90)": 0.748,
            "p(95)": 1.093
        },
        "http_req_duration{expected_response:true}": {
            "p(95)": 22.716399999999965,
            "avg": 15.151616311422869,
            "min": 0.452,
            "med": 7.746,
            "max": 1415.639,
            "p(90)": 16.944
        },
        "http_req_failed": {
            "passes": 0,
            "fails": 791053,
            "value": 0
        },
        "http_req_connecting": {
            "avg": 0.003265600408569337,
            "min": 0,
            "med": 0,
            "max": 33.304,
            "p(90)": 0,
            "p(95)": 0
        },
        "http_req_waiting": {
            "avg": 14.826714025482675,
            "min": 0.438,
            "med": 7.423,
            "max": 1415.455,
            "p(90)": 16.537,
            "p(95)": 22.259
        },
        "http_req_blocked": {
            "p(90)": 0.001,
            "p(95)": 0.002,
            "avg": 0.004212590054114079,
            "min": 0,
            "med": 0.001,
            "max": 35.012
        },
        "data_received": {
            "count": 113911632,
            "rate": 1892452.2705073156
        },
        "http_req_tls_handshaking": {
            "max": 0,
            "p(90)": 0,
            "p(95)": 0,
            "avg": 0,
            "min": 0,
            "med": 0
        },
        "http_req_duration": {
            "max": 1415.639,
            "p(90)": 16.944,
            "p(95)": 22.716399999999965,
            "avg": 15.151616311422869,
            "min": 0.452,
            "med": 7.746
        },
        "vus_max": {
            "value": 200,
            "min": 200,
            "max": 200
        },
        "iteration_duration": {
            "avg": 15.174918253029338,
            "min": 0.463125,
            "med": 7.766375,
            "max": 1415.655125,
            "p(90)": 16.966741600000002,
            "p(95)": 22.75615839999999
        },
        "http_req_sending": {
            "avg": 0.002836232211983659,
            "min": 0,
            "med": 0.002,
            "max": 4.59,
            "p(90)": 0.005,
            "p(95)": 0.009
        },
        "data_sent": {
            "count": 228614317,
            "rate": 3798046.570670932
        }
    },
    "root_group": {
        "checks": {},
        "name": "",
        "path": "",
        "id": "d41d8cd98f00b204e9800998ecf8427e",
        "groups": {}
    }
}