{
    "root_group": {
        "path": "",
        "id": "d41d8cd98f00b204e9800998ecf8427e",
        "groups": {},
        "checks": {},
        "name": ""
    },
    "metrics": {
        "http_req_sending": {
            "med": 0.002,
            "max": 5.287,
            "p(90)": 0.005,
            "p(95)": 0.009,
            "avg": 0.0028467026472997164,
            "min": 0
        },
        "iteration_duration": {
            "med": 7.6997295,
            "max": 3377.24,
            "p(90)": 16.6697089,
            "p(95)": 22.156537349999997,
            "avg": 15.228770726732717,
            "min": 0.472417
        },
        "iterations": {
            "count": 788572,
            "rate": 13049.350238098697
        },
        "http_req_duration": {
            "avg": 15.197407333763874,
            "min": 0.463,
            "med": 7.675,
            "max": 3371.087,
            "p(90)": 16.639,
            "p(95)": 22.115
        },
        "http_req_duration{expected_response:true}": {
            "avg": 15.197407333763874,
            "min": 0.463,
            "med": 7.675,
            "max": 3371.087,
            "p(90)": 16.639,
            "p(95)": 22.115
        },
        "http_req_tls_handshaking": {
            "p(95)": 0,
            "avg": 0,
            "min": 0,
            "med": 0,
            "max": 0,
            "p(90)": 0
        },
        "http_reqs": {
            "rate": 13049.350238098697,
            "count": 788572
        },
        "vus_max": {
            "value": 200,
            "min": 200,
            "max": 200
        },
        "data_sent": {
            "count": 227897308,
            "rate": 3771262.2188105234
        },
        "http_req_connecting": {
            "min": 0,
            "med": 0,
            "max": 32.576,
            "p(90)": 0,
            "p(95)": 0,
            "avg": 0.002792670802412463
        },
        "http_req_receiving": {
            "p(90)": 0.787,
            "p(95)": 1.132,
            "avg": 0.3352850354818419,
            "min": 0.002,
            "med": 0.184,
            "max": 27.79
        },
        "data_received": {
            "count": 113554368,
            "rate": 1879106.4342862123
        },
        "http_req_blocked": {
            "avg": 0.0037495688409892114,
            "min": 0,
            "med": 0.001,
            "max": 34.273,
            "p(90)": 0.001,
            "p(95)": 0.002
        },
        "http_req_waiting": {
            "avg": 14.85927559563385,
            "min": 0.446,
            "med": 7.338,
            "max": 3371.031,
            "p(90)": 16.208,
            "p(95)": 21.66
        },
        "http_req_failed": {
            "passes": 0,
            "fails": 788572,
            "value": 0
        },
        "vus": {
            "min": 200,
            "max": 200,
            "value": 200
        }
    }
}