{
    "root_group": {
        "name": "",
        "path": "",
        "id": "d41d8cd98f00b204e9800998ecf8427e",
        "groups": {},
        "checks": {}
    },
    "metrics": {
        "http_req_tls_handshaking": {
            "avg": 0,
            "min": 0,
            "med": 0,
            "max": 0,
            "p(90)": 0,
            "p(95)": 0
        },
        "data_sent": {
            "count": 340106182,
            "rate": 5617672.64234562
        },
        "http_reqs": {
            "count": 1176838,
            "rate": 19438.313641334324
        },
        "http_req_connecting": {
            "avg": 0.003559771183459405,
            "min": 0,
            "med": 0,
            "max": 61.877,
            "p(90)": 0,
            "p(95)": 0
        },
        "http_req_receiving": {
            "avg": 0.23567550418992045,
            "min": 0.002,
            "med": 0.125,
            "max": 15.765,
            "p(90)": 0.576,
            "p(95)": 0.84
        },
        "iteration_duration": {
            "avg": 10.20960401469243,
            "min": 0.27025,
            "med": 3.7085,
            "max": 3517.991083,
            "p(90)": 8.712096300000002,
            "p(95)": 11.810033849999973
        },
        "http_req_failed": {
            "passes": 0,
            "fails": 1176838,
            "value": 0
        },
        "http_req_sending": {
            "avg": 0.002798020628169069,
            "min": 0,
            "med": 0.002,
            "max": 9.235,
            "p(90)": 0.005,
            "p(95)": 0.009
        },
        "http_req_duration": {
            "max": 3517.959,
            "p(90)": 8.69,
            "p(95)": 11.784,
            "avg": 10.185942049797301,
            "min": 0.26,
            "med": 3.688
        },
        "vus_max": {
            "value": 200,
            "min": 200,
            "max": 200
        },
        "data_received": {
            "count": 169464672,
            "rate": 2799117.1643521427
        },
        "http_req_blocked": {
            "max": 63.555,
            "p(90)": 0.001,
            "p(95)": 0.002,
            "avg": 0.00452797156458855,
            "min": 0,
            "med": 0.001
        },
        "vus": {
            "value": 200,
            "min": 200,
            "max": 200
        },
        "http_req_waiting": {
            "p(90)": 8.354,
            "p(95)": 11.403,
            "avg": 9.947468524979495,
            "min": 0.245,
            "med": 3.455,
            "max": 3517.877
        },
        "iterations": {
            "count": 1176838,
            "rate": 19438.313641334324
        },
        "http_req_duration{expected_response:true}": {
            "max": 3517.959,
            "p(90)": 8.69,
            "p(95)": 11.784,
            "avg": 10.185942049797301,
            "min": 0.26,
            "med": 3.688
        }
    }
}