{
    "metrics": {
        "http_req_connecting": {
            "p(95)": 0,
            "avg": 0.0017566560446980865,
            "min": 0,
            "med": 0,
            "max": 59.498,
            "p(90)": 0
        },
        "http_req_blocked": {
            "med": 0.001,
            "max": 61.103,
            "p(90)": 0.001,
            "p(95)": 0.002,
            "avg": 0.002640365249773607,
            "min": 0
        },
        "vus_max": {
            "value": 200,
            "min": 200,
            "max": 200
        },
        "iterations": {
            "count": 1771172,
            "rate": 29433.381335607653
        },
        "http_req_waiting": {
            "avg": 6.5707002549727305,
            "min": 0.146,
            "med": 1.906,
            "max": 3375.579,
            "p(90)": 4.706,
            "p(95)": 6.375
        },
        "http_req_receiving": {
            "p(90)": 0.48,
            "p(95)": 0.715,
            "avg": 0.18198911116479774,
            "min": 0.002,
            "med": 0.081,
            "max": 25.054
        },
        "iteration_duration": {
            "max": 3375.915792,
            "p(90)": 5.010917,
            "p(95)": 6.718389699999991,
            "avg": 6.776900910349639,
            "min": 0.186333,
            "med": 2.101333
        },
        "data_sent": {
            "rate": 8506247.205990613,
            "count": 511868708
        },
        "http_req_duration{expected_response:true}": {
            "max": 3375.894,
            "p(90)": 4.989,
            "p(95)": 6.693,
            "avg": 6.755427097425229,
            "min": 0.178,
            "med": 2.082
        },
        "http_req_duration": {
            "p(90)": 4.989,
            "p(95)": 6.693,
            "avg": 6.755427097425229,
            "min": 0.178,
            "med": 2.082,
            "max": 3375.894
        },
        "vus": {
            "value": 200,
            "min": 200,
            "max": 200
        },
        "data_received": {
            "count": 255048768,
            "rate": 4238406.912327502
        },
        "http_req_failed": {
            "passes": 0,
            "fails": 1771172,
            "value": 0
        },
        "http_req_tls_handshaking": {
            "min": 0,
            "med": 0,
            "max": 0,
            "p(90)": 0,
            "p(95)": 0,
            "avg": 0
        },
        "http_req_sending": {
            "p(95)": 0.006,
            "avg": 0.0027377312875958818,
            "min": 0,
            "med": 0.002,
            "max": 11.121,
            "p(90)": 0.004
        },
        "http_reqs": {
            "count": 1771172,
            "rate": 29433.381335607653
        }
    },
    "root_group": {
        "name": "",
        "path": "",
        "id": "d41d8cd98f00b204e9800998ecf8427e",
        "groups": {},
        "checks": {}
    }
}