{
    "root_group": {
        "name": "",
        "path": "",
        "id": "d41d8cd98f00b204e9800998ecf8427e",
        "groups": {},
        "checks": {}
    },
    "metrics": {
        "vus_max": {
            "value": 200,
            "min": 200,
            "max": 200
        },
        "http_reqs": {
            "count": 2032506,
            "rate": 33780.90644649481
        },
        "http_req_blocked": {
            "med": 0.001,
            "max": 35.71,
            "p(90)": 0.001,
            "p(95)": 0.002,
            "avg": 0.0020738231524002376,
            "min": 0
        },
        "iterations": {
            "count": 2032506,
            "rate": 33780.90644649481
        },
        "http_req_connecting": {
            "avg": 0.0011609343342651888,
            "min": 0,
            "med": 0,
            "max": 33.605,
            "p(90)": 0,
            "p(95)": 0
        },
        "http_req_duration": {
            "max": 4011.515,
            "p(90)": 3.581,
            "p(95)": 4.804,
            "avg": 5.886083049693251,
            "min": 0.139,
            "med": 1.536
        },
        "http_req_duration{expected_response:true}": {
            "max": 4011.515,
            "p(90)": 3.581,
            "p(95)": 4.804,
            "avg": 5.886083049693251,
            "min": 0.139,
            "med": 1.536
        },
        "http_req_sending": {
            "p(90)": 0.004,
            "p(95)": 0.006,
            "avg": 0.0028308772521116877,
            "min": 0,
            "med": 0.002,
            "max": 9.623
        },
        "data_sent": {
            "count": 499996476,
            "rate": 8310102.985837723
        },
        "vus": {
            "value": 200,
            "min": 200,
            "max": 200
        },
        "data_received": {
            "count": 292680864,
            "rate": 4864450.5282952525
        },
        "iteration_duration": {
            "med": 1.555333,
            "max": 4014.377292,
            "p(90)": 3.603791,
            "p(95)": 4.830125,
            "avg": 5.907435403845546,
            "min": 0.150833
        },
        "http_req_receiving": {
            "avg": 0.17525998348860183,
            "min": 0.002,
            "med": 0.083,
            "max": 13.39,
            "p(90)": 0.461,
            "p(95)": 0.661
        },
        "http_req_tls_handshaking": {
            "max": 0,
            "p(90)": 0,
            "p(95)": 0,
            "avg": 0,
            "min": 0,
            "med": 0
        },
        "http_req_failed": {
            "fails": 2032506,
            "passes": 0,
            "value": 0
        },
        "http_req_waiting": {
            "p(90)": 3.312,
            "p(95)": 4.501,
            "avg": 5.707992188953413,
            "min": 0.113,
            "med": 1.363,
            "max": 4011.373
        }
    }
}