{
    "metrics": {
        "http_req_tls_handshaking": {
            "min": 0,
            "med": 0,
            "max": 0,
            "p(90)": 0,
            "p(95)": 0,
            "avg": 0
        },
        "http_req_sending": {
            "med": 0.002,
            "max": 6.66,
            "p(90)": 0.004,
            "p(95)": 0.006,
            "avg": 0.0026482184089237633,
            "min": 0
        },
        "http_req_duration{expected_response:true}": {
            "avg": 5.618310251993,
            "min": 0.135,
            "med": 1.44,
            "max": 10132.236,
            "p(90)": 3.351,
            "p(95)": 4.46
        },
        "vus": {
            "value": 200,
            "min": 200,
            "max": 200
        },
        "http_req_waiting": {
            "p(95)": 4.156,
            "avg": 5.445548554606008,
            "min": 0.108,
            "med": 1.276,
            "max": 10131.594,
            "p(90)": 3.0833000000000474
        },
        "http_req_duration": {
            "avg": 5.618310251993,
            "min": 0.135,
            "med": 1.44,
            "max": 10132.236,
            "p(90)": 3.351,
            "p(95)": 4.46
        },
        "http_req_failed": {
            "passes": 0,
            "fails": 2129108,
            "value": 0
        },
        "data_sent": {
            "count": 523760568,
            "rate": 8679753.200029928
        },
        "http_reqs": {
            "count": 2129108,
            "rate": 35283.549593617594
        },
        "iterations": {
            "count": 2129108,
            "rate": 35283.549593617594
        },
        "http_req_blocked": {
            "med": 0.001,
            "max": 34.255,
            "p(90)": 0.001,
            "p(95)": 0.002,
            "avg": 0.0020873361051676827,
            "min": 0
        },
        "http_req_receiving": {
            "p(90)": 0.444,
            "p(95)": 0.646,
            "avg": 0.17011347897838452,
            "min": 0.002,
            "med": 0.082,
            "max": 15.731
        },
        "vus_max": {
            "value": 200,
            "min": 200,
            "max": 200
        },
        "iteration_duration": {
            "p(90)": 3.3743333,
            "p(95)": 4.48716665,
            "avg": 5.639073005394541,
            "min": 0.145542,
            "med": 1.45875,
            "max": 10132.199167
        },
        "http_req_connecting": {
            "max": 32.593,
            "p(90)": 0,
            "p(95)": 0,
            "avg": 0.0012255700509321273,
            "min": 0,
            "med": 0
        },
        "data_received": {
            "count": 306591552,
            "rate": 5080831.141480934
        }
    },
    "root_group": {
        "checks": {},
        "name": "",
        "path": "",
        "id": "d41d8cd98f00b204e9800998ecf8427e",
        "groups": {}
    }
}