{
    "root_group": {
        "groups": {},
        "checks": {},
        "name": "",
        "path": "",
        "id": "d41d8cd98f00b204e9800998ecf8427e"
    },
    "metrics": {
        "http_req_receiving": {
            "p(95)": 0.689,
            "avg": 0.18228454014680923,
            "min": 0.002,
            "med": 0.088,
            "max": 13.322,
            "p(90)": 0.476
        },
        "data_received": {
            "count": 285425424,
            "rate": 4733507.199323318
        },
        "http_req_failed": {
            "passes": 0,
            "fails": 1982121,
            "value": 0
        },
        "vus": {
            "value": 200,
            "min": 200,
            "max": 200
        },
        "http_req_tls_handshaking": {
            "min": 0,
            "med": 0,
            "max": 0,
            "p(90)": 0,
            "p(95)": 0,
            "avg": 0
        },
        "iterations": {
            "count": 1982121,
            "rate": 32871.57777307859
        },
        "iteration_duration": {
            "avg": 6.055264290779175,
            "min": 0.135875,
            "med": 1.65475,
            "max": 1405.045,
            "p(90)": 3.967417,
            "p(95)": 5.379958
        },
        "http_reqs": {
            "rate": 32871.57777307859,
            "count": 1982121
        },
        "vus_max": {
            "value": 200,
            "min": 200,
            "max": 200
        },
        "http_req_blocked": {
            "avg": 0.0017293676824683094,
            "min": 0,
            "med": 0.001,
            "max": 31.32,
            "p(90)": 0.001,
            "p(95)": 0.002
        },
        "http_req_connecting": {
            "avg": 0.0008570379911216323,
            "min": 0,
            "med": 0,
            "max": 31.314,
            "p(90)": 0,
            "p(95)": 0
        },
        "data_sent": {
            "rate": 8086408.132177334,
            "count": 487601766
        },
        "http_req_duration{expected_response:true}": {
            "avg": 6.032694589785366,
            "min": 0.127,
            "med": 1.634,
            "max": 1405.016,
            "p(90)": 3.941,
            "p(95)": 5.351
        },
        "http_req_sending": {
            "p(90)": 0.004,
            "p(95)": 0.007,
            "avg": 0.0029014035975416276,
            "min": 0,
            "med": 0.002,
            "max": 6.485
        },
        "http_req_duration": {
            "avg": 6.032694589785366,
            "min": 0.127,
            "med": 1.634,
            "max": 1405.016,
            "p(90)": 3.941,
            "p(95)": 5.351
        },
        "http_req_waiting": {
            "min": 0.104,
            "med": 1.453,
            "max": 1405.011,
            "p(90)": 3.661,
            "p(95)": 5.041,
            "avg": 5.847508646041344
        }
    }
}