{
    "root_group": {
        "name": "",
        "path": "",
        "id": "d41d8cd98f00b204e9800998ecf8427e",
        "groups": {},
        "checks": {}
    },
    "metrics": {
        "data_received": {
            "count": 310169664,
            "rate": 5136237.859090142
        },
        "iterations": {
            "count": 2153956,
            "rate": 35668.318465903765
        },
        "http_req_duration": {
            "med": 1.493,
            "max": 1403.273,
            "p(90)": 3.498,
            "p(95)": 4.672,
            "avg": 5.552712318171406,
            "min": 0.13
        },
        "http_req_tls_handshaking": {
            "min": 0,
            "med": 0,
            "max": 0,
            "p(90)": 0,
            "p(95)": 0,
            "avg": 0
        },
        "http_req_waiting": {
            "max": 1403.14,
            "p(90)": 3.24,
            "p(95)": 4.377,
            "avg": 5.3810251351468885,
            "min": 0.102,
            "med": 1.328
        },
        "http_req_failed": {
            "passes": 0,
            "fails": 2153956,
            "value": 0
        },
        "vus_max": {
            "max": 200,
            "value": 200,
            "min": 200
        },
        "vus": {
            "value": 200,
            "min": 200,
            "max": 200
        },
        "http_req_receiving": {
            "avg": 0.16903989218007442,
            "min": 0.002,
            "med": 0.081,
            "max": 22.561,
            "p(90)": 0.441,
            "p(95)": 0.641
        },
        "http_reqs": {
            "count": 2153956,
            "rate": 35668.318465903765
        },
        "http_req_blocked": {
            "p(95)": 0.002,
            "avg": 0.0019907978622590453,
            "min": 0,
            "med": 0.001,
            "max": 34.382,
            "p(90)": 0.001
        },
        "http_req_duration{expected_response:true}": {
            "min": 0.13,
            "med": 1.493,
            "max": 1403.273,
            "p(90)": 3.498,
            "p(95)": 4.672,
            "avg": 5.552712318171406
        },
        "data_sent": {
            "rate": 8774406.342612326,
            "count": 529873176
        },
        "http_req_sending": {
            "p(95)": 0.006,
            "avg": 0.0026472908453997203,
            "min": 0,
            "med": 0.002,
            "max": 9.147,
            "p(90)": 0.004
        },
        "iteration_duration": {
            "min": 0.138416,
            "med": 1.511834,
            "max": 1403.301625,
            "p(90)": 3.521375,
            "p(95)": 4.698260249999996,
            "avg": 5.57325491744095
        },
        "http_req_connecting": {
            "p(95)": 0,
            "avg": 0.0011600696578760196,
            "min": 0,
            "med": 0,
            "max": 32.771,
            "p(90)": 0
        }
    }
}