{
    "root_group": {
        "id": "d41d8cd98f00b204e9800998ecf8427e",
        "groups": {},
        "checks": {},
        "name": "",
        "path": ""
    },
    "metrics": {
        "iterations": {
            "count": 450607,
            "rate": 7445.656269793741
        },
        "http_req_blocked": {
            "avg": 0.007320991462727882,
            "min": 0,
            "med": 0.001,
            "max": 39.009,
            "p(90)": 0.001,
            "p(95)": 0.002
        },
        "http_req_tls_handshaking": {
            "med": 0,
            "max": 0,
            "p(90)": 0,
            "p(95)": 0,
            "avg": 0,
            "min": 0
        },
        "http_req_failed": {
            "passes": 0,
            "fails": 450607,
            "value": 0
        },
        "vus_max": {
            "value": 200,
            "min": 200,
            "max": 200
        },
        "iteration_duration": {
            "p(90)": 38.3737418,
            "p(95)": 46.61325439999999,
            "avg": 26.666126556878282,
            "min": 1.031875,
            "med": 21.078167,
            "max": 651.319083
        },
        "http_req_receiving": {
            "min": 0.003,
            "med": 0.24,
            "max": 46.387,
            "p(90)": 1.223,
            "p(95)": 1.886,
            "avg": 0.5130226494483923
        },
        "data_sent": {
            "count": 275320877,
            "rate": 4549295.980843976
        },
        "http_req_connecting": {
            "p(90)": 0,
            "p(95)": 0,
            "avg": 0.006107812350895574,
            "min": 0,
            "med": 0,
            "max": 37.682
        },
        "http_req_sending": {
            "min": 0.001,
            "med": 0.002,
            "max": 1.058,
            "p(90)": 0.005,
            "p(95)": 0.008,
            "avg": 0.003001702148416812
        },
        "http_reqs": {
            "count": 450607,
            "rate": 7445.656269793741
        },
        "vus": {
            "value": 200,
            "min": 200,
            "max": 200
        },
        "data_received": {
            "rate": 1072174.5028502988,
            "count": 64887408
        },
        "http_req_waiting": {
            "p(95)": 46.051,
            "avg": 26.122957754762517,
            "min": 0.949,
            "med": 20.579,
            "max": 650.672,
            "p(90)": 37.855
        },
        "http_req_duration": {
            "max": 651.303,
            "p(90)": 38.337,
            "p(95)": 46.55439999999996,
            "avg": 26.638982106358796,
            "min": 1.021,
            "med": 21.055
        },
        "http_req_duration{expected_response:true}": {
            "avg": 26.638982106358796,
            "min": 1.021,
            "med": 21.055,
            "max": 651.303,
            "p(90)": 38.337,
            "p(95)": 46.55439999999996
        }
    }
}