{
    "metrics": {
        "http_req_tls_handshaking": {
            "min": 0,
            "med": 0,
            "max": 0,
            "p(90)": 0,
            "p(95)": 0,
            "avg": 0
        },
        "http_req_receiving": {
            "p(95)": 1.403,
            "avg": 0.40023065462813007,
            "min": 0.003,
            "med": 0.18,
            "max": 28.913,
            "p(90)": 0.836
        },
        "vus": {
            "value": 200,
            "min": 200,
            "max": 200
        },
        "iteration_duration": {
            "min": 0.900584,
            "med": 23.0068335,
            "max": 1066.506292,
            "p(90)": 37.524541500000005,
            "p(95)": 42.733062249999996,
            "avg": 25.689572293227982
        },
        "vus_max": {
            "max": 200,
            "value": 200,
            "min": 200
        },
        "http_reqs": {
            "count": 467166,
            "rate": 7769.9324540484895
        },
        "data_sent": {
            "count": 285438426,
            "rate": 4747428.729423627
        },
        "http_req_waiting": {
            "max": 1063.068,
            "p(90)": 37.157,
            "p(95)": 42.325,
            "avg": 25.259624227790564,
            "min": 0.847,
            "med": 22.639
        },
        "iterations": {
            "count": 467166,
            "rate": 7769.9324540484895
        },
        "http_req_duration": {
            "min": 0.887,
            "med": 22.986,
            "max": 1063.203,
            "p(90)": 37.494,
            "p(95)": 42.681,
            "avg": 25.662955504039658
        },
        "http_req_sending": {
            "avg": 0.003100621620561883,
            "min": 0.001,
            "med": 0.002,
            "max": 1.793,
            "p(90)": 0.006,
            "p(95)": 0.009
        },
        "http_req_failed": {
            "passes": 0,
            "fails": 467166,
            "value": 0
        },
        "data_received": {
            "count": 67271904,
            "rate": 1118870.2733829825
        },
        "http_req_connecting": {
            "avg": 0.004925591759674291,
            "min": 0,
            "med": 0,
            "max": 32.65,
            "p(90)": 0,
            "p(95)": 0
        },
        "http_req_duration{expected_response:true}": {
            "p(90)": 37.494,
            "p(95)": 42.681,
            "avg": 25.662955504039658,
            "min": 0.887,
            "med": 22.986,
            "max": 1063.203
        },
        "http_req_blocked": {
            "p(95)": 0.002,
            "avg": 0.005926552874238038,
            "min": 0,
            "med": 0.001,
            "max": 34.629,
            "p(90)": 0.001
        }
    },
    "root_group": {
        "name": "",
        "path": "",
        "id": "d41d8cd98f00b204e9800998ecf8427e",
        "groups": {},
        "checks": {}
    }
}