{
    "root_group": {
        "path": "",
        "id": "d41d8cd98f00b204e9800998ecf8427e",
        "groups": {},
        "checks": {},
        "name": ""
    },
    "metrics": {
        "iterations": {
            "count": 509524,
            "rate": 8439.588042281553
        },
        "http_req_connecting": {
            "max": 82.438,
            "p(90)": 0,
            "p(95)": 0,
            "avg": 0.004723220103469121,
            "min": 0,
            "med": 0
        },
        "http_req_waiting": {
            "avg": 23.047227376924948,
            "min": 0.752,
            "med": 15.651,
            "max": 1462.248,
            "p(90)": 31.133,
            "p(95)": 39.742849999999976
        },
        "http_req_failed": {
            "passes": 0,
            "fails": 509524,
            "value": 0
        },
        "vus": {
            "min": 200,
            "max": 200,
            "value": 200
        },
        "data_sent": {
            "count": 311319164,
            "rate": 5156588.29383403
        },
        "iteration_duration": {
            "p(90)": 31.674037400000003,
            "p(95)": 40.371260749999955,
            "avg": 23.55099449545242,
            "min": 0.781209,
            "med": 16.150083,
            "max": 1462.380959
        },
        "http_req_duration{expected_response:true}": {
            "med": 16.131,
            "max": 1462.361,
            "p(90)": 31.651700000000012,
            "p(95)": 40.27984999999998,
            "avg": 23.526629638642778,
            "min": 0.769
        },
        "http_req_tls_handshaking": {
            "med": 0,
            "max": 0,
            "p(90)": 0,
            "p(95)": 0,
            "avg": 0,
            "min": 0
        },
        "http_req_blocked": {
            "avg": 0.0056610247997134055,
            "min": 0,
            "med": 0.001,
            "max": 82.444,
            "p(90)": 0.001,
            "p(95)": 0.002
        },
        "http_req_receiving": {
            "max": 32.197,
            "p(90)": 1.164,
            "p(95)": 1.763,
            "avg": 0.4765359040987018,
            "min": 0.003,
            "med": 0.228
        },
        "vus_max": {
            "value": 200,
            "min": 200,
            "max": 200
        },
        "data_received": {
            "rate": 1215300.6780885437,
            "count": 73371456
        },
        "http_req_duration": {
            "med": 16.131,
            "max": 1462.361,
            "p(90)": 31.651700000000012,
            "p(95)": 40.27984999999998,
            "avg": 23.526629638642778,
            "min": 0.769
        },
        "http_req_sending": {
            "p(95)": 0.009,
            "avg": 0.002866357620032397,
            "min": 0.001,
            "med": 0.002,
            "max": 12.007,
            "p(90)": 0.004
        },
        "http_reqs": {
            "count": 509524,
            "rate": 8439.588042281553
        }
    }
}