{
    "metrics": {
        "http_req_tls_handshaking": {
            "p(90)": 0,
            "p(95)": 0,
            "avg": 0,
            "min": 0,
            "med": 0,
            "max": 0
        },
        "iteration_duration": {
            "avg": 22.379399932120645,
            "min": 0.787667,
            "med": 16.5745,
            "max": 2248.994334,
            "p(90)": 31.1477504,
            "p(95)": 37.9547416
        },
        "http_req_duration": {
            "p(90)": 31.114,
            "p(95)": 37.911,
            "avg": 22.354051695651837,
            "min": 0.775,
            "med": 16.556,
            "max": 2248.975
        },
        "data_received": {
            "count": 77309712,
            "rate": 1279794.6229057272
        },
        "vus": {
            "value": 200,
            "min": 200,
            "max": 200
        },
        "http_req_duration{expected_response:true}": {
            "med": 16.556,
            "max": 2248.975,
            "p(90)": 31.114,
            "p(95)": 37.911,
            "avg": 22.354051695651837,
            "min": 0.775
        },
        "http_reqs": {
            "count": 536873,
            "rate": 8887.46265906755
        },
        "http_req_receiving": {
            "min": 0.002,
            "med": 0.223,
            "max": 28.569,
            "p(90)": 1.056,
            "p(95)": 1.596,
            "avg": 0.4501571563479463
        },
        "data_sent": {
            "count": 328029403,
            "rate": 5430239.684690273
        },
        "iterations": {
            "rate": 8887.46265906755,
            "count": 536873
        },
        "http_req_waiting": {
            "p(95)": 37.408,
            "avg": 21.901124472640248,
            "min": 0.751,
            "med": 16.115,
            "max": 2248.793,
            "p(90)": 30.64
        },
        "http_req_failed": {
            "passes": 0,
            "fails": 536873,
            "value": 0
        },
        "http_req_connecting": {
            "max": 50.423,
            "p(90)": 0,
            "p(95)": 0,
            "avg": 0.006284670676305197,
            "min": 0,
            "med": 0
        },
        "http_req_sending": {
            "p(90)": 0.004,
            "p(95)": 0.008,
            "avg": 0.0027700666637892075,
            "min": 0.001,
            "med": 0.002,
            "max": 4.298
        },
        "vus_max": {
            "min": 200,
            "max": 200,
            "value": 200
        },
        "http_req_blocked": {
            "avg": 0.007179902882154449,
            "min": 0,
            "med": 0.001,
            "max": 52.053,
            "p(90)": 0.001,
            "p(95)": 0.002
        }
    },
    "root_group": {
        "name": "",
        "path": "",
        "id": "d41d8cd98f00b204e9800998ecf8427e",
        "groups": {},
        "checks": {}
    }
}