{
    "root_group": {
        "checks": {},
        "name": "",
        "path": "",
        "id": "d41d8cd98f00b204e9800998ecf8427e",
        "groups": {}
    },
    "metrics": {
        "http_req_failed": {
            "passes": 0,
            "fails": 2255109,
            "value": 0
        },
        "data_sent": {
            "rate": 3146733.659960748,
            "count": 189429156
        },
        "vus": {
            "value": 200,
            "min": 200,
            "max": 200
        },
        "http_req_duration{expected_response:true}": {
            "min": 0.129,
            "med": 1.435,
            "max": 1405.529,
            "p(90)": 3.328,
            "p(95)": 4.428,
            "avg": 5.306207439197141
        },
        "iteration_duration": {
            "med": 1.448667,
            "max": 1405.569125,
            "p(90)": 3.345708,
            "p(95)": 4.449274599999995,
            "avg": 5.321162925119244,
            "min": 0.134
        },
        "data_received": {
            "count": 324735696,
            "rate": 5394400.559932711
        },
        "iterations": {
            "count": 2255109,
            "rate": 37461.114999532714
        },
        "http_req_waiting": {
            "p(90)": 3.075,
            "p(95)": 4.145,
            "avg": 5.139366449692464,
            "min": 0.107,
            "med": 1.275,
            "max": 1405.297
        },
        "http_req_receiving": {
            "p(90)": 0.426,
            "p(95)": 0.611,
            "avg": 0.1641236618721567,
            "min": 0.002,
            "med": 0.082,
            "max": 19.001
        },
        "http_req_blocked": {
            "avg": 0.0013317595735284462,
            "min": 0,
            "med": 0.001,
            "max": 36.069,
            "p(90)": 0.001,
            "p(95)": 0.002
        },
        "http_req_connecting": {
            "med": 0,
            "max": 36.056,
            "p(90)": 0,
            "p(95)": 0,
            "avg": 0.0005134997909191974,
            "min": 0
        },
        "vus_max": {
            "value": 200,
            "min": 200,
            "max": 200
        },
        "http_req_sending": {
            "avg": 0.0027173276326071887,
            "min": 0,
            "med": 0.001,
            "max": 5.904,
            "p(90)": 0.003,
            "p(95)": 0.006
        },
        "http_reqs": {
            "count": 2255109,
            "rate": 37461.114999532714
        },
        "http_req_tls_handshaking": {
            "max": 0,
            "p(90)": 0,
            "p(95)": 0,
            "avg": 0,
            "min": 0,
            "med": 0
        },
        "http_req_duration": {
            "avg": 5.306207439197141,
            "min": 0.129,
            "med": 1.435,
            "max": 1405.529,
            "p(90)": 3.328,
            "p(95)": 4.428
        }
    }
}