{
    "metrics": {
        "http_req_failed": {
            "passes": 0,
            "fails": 2068992,
            "value": 0
        },
        "vus_max": {
            "value": 200,
            "min": 200,
            "max": 200
        },
        "http_req_tls_handshaking": {
            "avg": 0,
            "min": 0,
            "med": 0,
            "max": 0,
            "p(90)": 0,
            "p(95)": 0
        },
        "http_req_duration{expected_response:true}": {
            "med": 1.454,
            "max": 1404.081,
            "p(90)": 3.325,
            "p(95)": 4.456,
            "avg": 5.784549896761108,
            "min": 0.118
        },
        "http_req_connecting": {
            "med": 0,
            "max": 31.578,
            "p(90)": 0,
            "p(95)": 0,
            "avg": 0.000954853377876763,
            "min": 0
        },
        "http_req_receiving": {
            "max": 15.818,
            "p(90)": 0.461,
            "p(95)": 0.654,
            "avg": 0.17901001840546263,
            "min": 0.002,
            "med": 0.093
        },
        "iteration_duration": {
            "avg": 5.802120109359672,
            "min": 0.1255,
            "med": 1.469917,
            "max": 1404.093458,
            "p(90)": 3.347125,
            "p(95)": 4.48325
        },
        "http_req_waiting": {
            "avg": 5.602645161508346,
            "min": 0.107,
            "med": 1.281,
            "max": 1404.056,
            "p(90)": 3.043,
            "p(95)": 4.136
        },
        "data_sent": {
            "count": 173795328,
            "rate": 2883554.5566928373
        },
        "vus": {
            "value": 200,
            "min": 200,
            "max": 200
        },
        "http_reqs": {
            "count": 2068992,
            "rate": 34328.03043681949
        },
        "http_req_blocked": {
            "avg": 0.001846026954281914,
            "min": 0,
            "med": 0.001,
            "max": 33.522,
            "p(90)": 0.001,
            "p(95)": 0.002
        },
        "iterations": {
            "count": 2068992,
            "rate": 34328.03043681949
        },
        "http_req_duration": {
            "avg": 5.784549896761108,
            "min": 0.118,
            "med": 1.454,
            "max": 1404.081,
            "p(90)": 3.325,
            "p(95)": 4.456
        },
        "data_received": {
            "count": 297934848,
            "rate": 4943236.382902007
        },
        "http_req_sending": {
            "avg": 0.0028947168477207116,
            "min": 0,
            "med": 0.002,
            "max": 5.815,
            "p(90)": 0.004,
            "p(95)": 0.006
        }
    },
    "root_group": {
        "groups": {},
        "checks": {},
        "name": "",
        "path": "",
        "id": "d41d8cd98f00b204e9800998ecf8427e"
    }
}