{
    "metrics": {
        "iteration_duration": {
            "avg": 5.48218314281667,
            "min": 0.131083,
            "med": 1.484792,
            "max": 1404.374292,
            "p(90)": 3.523792,
            "p(95)": 4.71775
        },
        "http_req_duration": {
            "p(90)": 3.503,
            "p(95)": 4.691,
            "avg": 5.465236430020326,
            "min": 0.124,
            "med": 1.47,
            "max": 1404.364
        },
        "http_req_failed": {
            "passes": 0,
            "fails": 2187015,
            "value": 0
        },
        "http_req_tls_handshaking": {
            "med": 0,
            "max": 0,
            "p(90)": 0,
            "p(95)": 0,
            "avg": 0,
            "min": 0
        },
        "vus": {
            "value": 200,
            "min": 200,
            "max": 200
        },
        "http_reqs": {
            "count": 2187015,
            "rate": 36417.14802634898
        },
        "http_req_blocked": {
            "p(95)": 0.002,
            "avg": 0.0020773044538829792,
            "min": 0,
            "med": 0.001,
            "max": 40.966,
            "p(90)": 0.001
        },
        "iterations": {
            "count": 2187015,
            "rate": 36417.14802634898
        },
        "http_req_waiting": {
            "p(90)": 3.237,
            "p(95)": 4.397,
            "avg": 5.291782758234507,
            "min": 0.099,
            "med": 1.305,
            "max": 1404.357
        },
        "http_req_receiving": {
            "p(95)": 0.636,
            "avg": 0.1705599307737322,
            "min": 0.002,
            "med": 0.084,
            "max": 26.369,
            "p(90)": 0.441
        },
        "http_req_connecting": {
            "p(95)": 0,
            "avg": 0.0011732566991995937,
            "min": 0,
            "med": 0,
            "max": 36.287,
            "p(90)": 0
        },
        "data_received": {
            "count": 314930160,
            "rate": 5244069.315794254
        },
        "http_req_duration{expected_response:true}": {
            "med": 1.47,
            "max": 1404.364,
            "p(90)": 3.503,
            "p(95)": 4.691,
            "avg": 5.465236430020326,
            "min": 0.124
        },
        "http_req_sending": {
            "p(90)": 0.003,
            "p(95)": 0.006,
            "avg": 0.0028937410124120354,
            "min": 0,
            "med": 0.001,
            "max": 6.144
        },
        "vus_max": {
            "value": 200,
            "min": 200,
            "max": 200
        },
        "data_sent": {
            "count": 183709260,
            "rate": 3059040.4342133147
        }
    },
    "root_group": {
        "checks": {},
        "name": "",
        "path": "",
        "id": "d41d8cd98f00b204e9800998ecf8427e",
        "groups": {}
    }
}