{
    "root_group": {
        "name": "",
        "path": "",
        "id": "d41d8cd98f00b204e9800998ecf8427e",
        "groups": {},
        "checks": {}
    },
    "metrics": {
        "vus": {
            "value": 200,
            "min": 200,
            "max": 200
        },
        "http_req_blocked": {
            "p(90)": 0.001,
            "p(95)": 0.002,
            "avg": 0.002059399760179509,
            "min": 0,
            "med": 0.001,
            "max": 35.756
        },
        "http_reqs": {
            "count": 2106591,
            "rate": 34967.29126744357
        },
        "http_req_tls_handshaking": {
            "min": 0,
            "med": 0,
            "max": 0,
            "p(90)": 0,
            "p(95)": 0,
            "avg": 0
        },
        "http_req_failed": {
            "passes": 0,
            "fails": 2106591,
            "value": 0
        },
        "data_received": {
            "count": 303349104,
            "rate": 5035289.942511874
        },
        "iteration_duration": {
            "avg": 5.697023850904136,
            "min": 0.14075,
            "med": 1.38025,
            "max": 24615.04775,
            "p(90)": 3.161125,
            "p(95)": 4.1887085
        },
        "data_sent": {
            "count": 176953644,
            "rate": 2937252.46646526
        },
        "http_req_duration{expected_response:true}": {
            "max": 24615.157,
            "p(90)": 3.14,
            "p(95)": 4.163,
            "avg": 5.680127811711043,
            "min": 0.131,
            "med": 1.366
        },
        "http_req_receiving": {
            "min": 0.002,
            "med": 0.088,
            "max": 18.551,
            "p(90)": 0.433,
            "p(95)": 0.623,
            "avg": 0.16851465139668043
        },
        "http_req_duration": {
            "avg": 5.680127811711043,
            "min": 0.131,
            "med": 1.366,
            "max": 24615.157,
            "p(90)": 3.14,
            "p(95)": 4.163
        },
        "http_req_connecting": {
            "avg": 0.0011492567850142717,
            "min": 0,
            "med": 0,
            "max": 34.148,
            "p(90)": 0,
            "p(95)": 0
        },
        "http_req_sending": {
            "avg": 0.002769899805046967,
            "min": 0,
            "med": 0.001,
            "max": 5.721,
            "p(90)": 0.004,
            "p(95)": 0.006
        },
        "vus_max": {
            "value": 200,
            "min": 200,
            "max": 200
        },
        "http_req_waiting": {
            "avg": 5.508843260509741,
            "min": 0.103,
            "med": 1.203,
            "max": 24614.573,
            "p(90)": 2.872,
            "p(95)": 3.861
        },
        "iterations": {
            "count": 2106591,
            "rate": 34967.29126744357
        }
    }
}