{
    "root_group": {
        "name": "",
        "path": "",
        "id": "d41d8cd98f00b204e9800998ecf8427e",
        "groups": {},
        "checks": {}
    },
    "metrics": {
        "http_reqs": {
            "count": 1848944,
            "rate": 30734.586852638768
        },
        "http_req_duration": {
            "min": 0.168,
            "med": 1.907,
            "max": 1405.237,
            "p(90)": 4.545,
            "p(95)": 6.013,
            "avg": 6.470050711108652
        },
        "iterations": {
            "count": 1848944,
            "rate": 30734.586852638768
        },
        "vus": {
            "value": 200,
            "min": 200,
            "max": 200
        },
        "http_req_connecting": {
            "p(95)": 0,
            "avg": 0.0012919320433717842,
            "min": 0,
            "med": 0,
            "max": 33.984,
            "p(90)": 0
        },
        "http_req_duration{expected_response:true}": {
            "avg": 6.470050711108652,
            "min": 0.168,
            "med": 1.907,
            "max": 1405.237,
            "p(90)": 4.545,
            "p(95)": 6.013
        },
        "http_req_waiting": {
            "avg": 6.293750225534094,
            "min": 0.127,
            "med": 1.738,
            "max": 1405.231,
            "p(90)": 4.273,
            "p(95)": 5.716
        },
        "vus_max": {
            "min": 200,
            "max": 200,
            "value": 200
        },
        "data_received": {
            "count": 266247936,
            "rate": 4425780.506779983
        },
        "iteration_duration": {
            "med": 1.9273335,
            "max": 1405.295666,
            "p(90)": 4.569112700000002,
            "p(95)": 6.037118699999996,
            "avg": 6.491873660907743,
            "min": 0.177667
        },
        "http_req_blocked": {
            "p(90)": 0.001,
            "p(95)": 0.002,
            "avg": 0.002180975735430221,
            "min": 0,
            "med": 0.001,
            "max": 35.67
        },
        "http_req_failed": {
            "passes": 0,
            "fails": 1848944,
            "value": 0
        },
        "http_req_tls_handshaking": {
            "avg": 0,
            "min": 0,
            "med": 0,
            "max": 0,
            "p(90)": 0,
            "p(95)": 0
        },
        "http_req_sending": {
            "avg": 0.0028814252893181497,
            "min": 0,
            "med": 0.002,
            "max": 17.23,
            "p(90)": 0.004,
            "p(95)": 0.007
        },
        "http_req_receiving": {
            "min": 0.002,
            "med": 0.073,
            "max": 38.243,
            "p(90)": 0.459,
            "p(95)": 0.686,
            "avg": 0.17341906028523038
        },
        "data_sent": {
            "count": 1007674480,
            "rate": 16750349.834688129
        }
    }
}