{
    "root_group": {
        "name": "",
        "path": "",
        "id": "d41d8cd98f00b204e9800998ecf8427e",
        "groups": {},
        "checks": {}
    },
    "metrics": {
        "http_req_sending": {
            "p(95)": 0.007,
            "avg": 0.0029291809410408537,
            "min": 0,
            "med": 0.002,
            "max": 12.582,
            "p(90)": 0.004
        },
        "http_req_duration{expected_response:true}": {
            "med": 2.066,
            "max": 2490.391,
            "p(90)": 4.911,
            "p(95)": 6.471,
            "avg": 6.651877949103884,
            "min": 0.162
        },
        "vus": {
            "max": 200,
            "value": 200,
            "min": 200
        },
        "http_req_failed": {
            "passes": 0,
            "fails": 1798979,
            "value": 0
        },
        "iterations": {
            "count": 1798979,
            "rate": 29884.83158479833
        },
        "http_req_blocked": {
            "avg": 0.002378407418969595,
            "min": 0,
            "med": 0.001,
            "max": 45.395,
            "p(90)": 0.001,
            "p(95)": 0.002
        },
        "http_req_tls_handshaking": {
            "avg": 0,
            "min": 0,
            "med": 0,
            "max": 0,
            "p(90)": 0,
            "p(95)": 0
        },
        "http_req_duration": {
            "p(90)": 4.911,
            "p(95)": 6.471,
            "avg": 6.651877949103884,
            "min": 0.162,
            "med": 2.066,
            "max": 2490.391
        },
        "http_req_connecting": {
            "p(90)": 0,
            "p(95)": 0,
            "avg": 0.0014222917554901973,
            "min": 0,
            "med": 0,
            "max": 42.965
        },
        "http_reqs": {
            "count": 1798979,
            "rate": 29884.83158479833
        },
        "iteration_duration": {
            "max": 2490.40825,
            "p(90)": 4.93625,
            "p(95)": 6.498591299999993,
            "avg": 6.674524691655513,
            "min": 0.171167,
            "med": 2.087084
        },
        "data_received": {
            "count": 259052976,
            "rate": 4303415.748210959
        },
        "vus_max": {
            "value": 200,
            "min": 200,
            "max": 200
        },
        "http_req_waiting": {
            "p(90)": 4.624,
            "p(95)": 6.161,
            "avg": 6.461740981967957,
            "min": 0.131,
            "med": 1.881,
            "max": 2490.333
        },
        "http_req_receiving": {
            "med": 0.081,
            "max": 11.466,
            "p(90)": 0.502,
            "p(95)": 0.743,
            "avg": 0.18720778619435244,
            "min": 0.002
        },
        "data_sent": {
            "count": 980443555,
            "rate": 16287233.213715088
        }
    }
}