{
    "metrics": {
        "http_reqs": {
            "count": 1824018,
            "rate": 30345.96150978852
        },
        "iteration_duration": {
            "avg": 6.577585745639587,
            "min": 0.181042,
            "med": 2.079792,
            "max": 10540.568791,
            "p(90)": 5.03425,
            "p(95)": 6.713625
        },
        "vus": {
            "value": 200,
            "min": 200,
            "max": 200
        },
        "http_req_blocked": {
            "med": 0.001,
            "max": 44.858,
            "p(90)": 0.001,
            "p(95)": 0.002,
            "avg": 0.0015613946792639103,
            "min": 0
        },
        "iterations": {
            "count": 1824018,
            "rate": 30345.96150978852
        },
        "http_req_waiting": {
            "avg": 6.369117470331974,
            "min": 0.13,
            "med": 1.879,
            "max": 10540.313,
            "p(90)": 4.724,
            "p(95)": 6.375
        },
        "http_req_failed": {
            "passes": 0,
            "fails": 1824018,
            "value": 0
        },
        "http_req_receiving": {
            "med": 0.079,
            "max": 12.459,
            "p(90)": 0.487,
            "p(95)": 0.723,
            "avg": 0.18386551667805717,
            "min": 0.002
        },
        "vus_max": {
            "value": 200,
            "min": 200,
            "max": 200
        },
        "http_req_duration": {
            "max": 10540.496,
            "p(90)": 5.009,
            "p(95)": 6.687,
            "avg": 6.5559149536903405,
            "min": 0.171,
            "med": 2.059
        },
        "http_req_tls_handshaking": {
            "avg": 0,
            "min": 0,
            "med": 0,
            "max": 0,
            "p(90)": 0,
            "p(95)": 0
        },
        "data_sent": {
            "count": 994089810,
            "rate": 16538549.022834744
        },
        "http_req_connecting": {
            "p(95)": 0,
            "avg": 0.0005972468473447082,
            "min": 0,
            "med": 0,
            "max": 35.127,
            "p(90)": 0
        },
        "data_received": {
            "count": 262658592,
            "rate": 4369818.457409547
        },
        "http_req_duration{expected_response:true}": {
            "avg": 6.5559149536903405,
            "min": 0.171,
            "med": 2.059,
            "max": 10540.496,
            "p(90)": 5.009,
            "p(95)": 6.687
        },
        "http_req_sending": {
            "min": 0,
            "med": 0.002,
            "max": 11.573,
            "p(90)": 0.004,
            "p(95)": 0.007,
            "avg": 0.0029319666802333313
        }
    },
    "root_group": {
        "checks": {},
        "name": "",
        "path": "",
        "id": "d41d8cd98f00b204e9800998ecf8427e",
        "groups": {}
    }
}