{
    "root_group": {
        "name": "",
        "path": "",
        "id": "d41d8cd98f00b204e9800998ecf8427e",
        "groups": {},
        "checks": {}
    },
    "metrics": {
        "http_req_tls_handshaking": {
            "avg": 0,
            "min": 0,
            "med": 0,
            "max": 0,
            "p(90)": 0,
            "p(95)": 0
        },
        "http_req_duration{expected_response:true}": {
            "min": 0.15,
            "med": 1.85,
            "max": 4005.068,
            "p(90)": 4.359,
            "p(95)": 5.817,
            "avg": 6.327985089172492
        },
        "iterations": {
            "count": 1889097,
            "rate": 31392.244516310733
        },
        "vus": {
            "value": 200,
            "min": 200,
            "max": 200
        },
        "http_req_duration": {
            "p(90)": 4.359,
            "p(95)": 5.817,
            "avg": 6.327985089172492,
            "min": 0.15,
            "med": 1.85,
            "max": 4005.068
        },
        "iteration_duration": {
            "avg": 6.351298907975346,
            "min": 0.160416,
            "med": 1.86925,
            "max": 4008.90625,
            "p(90)": 4.3825834,
            "p(95)": 5.843966399999997
        },
        "http_req_sending": {
            "max": 4.475,
            "p(90)": 0.004,
            "p(95)": 0.007,
            "avg": 0.0027696587311992747,
            "min": 0,
            "med": 0.002
        },
        "http_req_failed": {
            "fails": 1889097,
            "passes": 0,
            "value": 0
        },
        "http_req_blocked": {
            "min": 0,
            "med": 0.001,
            "max": 89.236,
            "p(90)": 0.001,
            "p(95)": 0.002,
            "avg": 0.004104303802398193
        },
        "data_sent": {
            "rate": 17108773.26138935,
            "count": 1029557865
        },
        "vus_max": {
            "max": 200,
            "value": 200,
            "min": 200
        },
        "data_received": {
            "rate": 4520483.210348746,
            "count": 272029968
        },
        "http_req_receiving": {
            "p(90)": 0.474,
            "p(95)": 0.7,
            "avg": 0.1784441862964453,
            "min": 0.002,
            "med": 0.081,
            "max": 24.378
        },
        "http_req_waiting": {
            "avg": 6.146771244145081,
            "min": 0.121,
            "med": 1.677,
            "max": 4005.055,
            "p(90)": 4.078,
            "p(95)": 5.516
        },
        "http_req_connecting": {
            "p(95)": 0,
            "avg": 0.0031969967661798185,
            "min": 0,
            "med": 0,
            "max": 87.556,
            "p(90)": 0
        },
        "http_reqs": {
            "count": 1889097,
            "rate": 31392.244516310733
        }
    }
}