{
    "root_group": {
        "name": "",
        "path": "",
        "id": "d41d8cd98f00b204e9800998ecf8427e",
        "groups": {},
        "checks": {}
    },
    "metrics": {
        "http_req_waiting": {
            "avg": 44.60570463181886,
            "min": 0.265,
            "med": 18.148,
            "max": 4030.08,
            "p(90)": 89.219,
            "p(95)": 93.75349999999999
        },
        "http_req_receiving": {
            "avg": 1.9134577011303093,
            "min": 0.003,
            "med": 0.267,
            "max": 88.521,
            "p(90)": 2.229,
            "p(95)": 3.76
        },
        "vus_max": {
            "max": 200,
            "value": 200,
            "min": 200
        },
        "http_req_duration": {
            "max": 4030.096,
            "p(90)": 89.992,
            "p(95)": 94.52699999999997,
            "avg": 46.52407515399971,
            "min": 0.274,
            "med": 19.83
        },
        "data_received": {
            "count": 37098864,
            "rate": 617935.8010336367
        },
        "http_reqs": {
            "count": 257631,
            "rate": 4291.220840511366
        },
        "http_req_failed": {
            "passes": 0,
            "fails": 257631,
            "value": 0
        },
        "iteration_duration": {
            "min": 0.282833,
            "med": 19.882917,
            "max": 4035.174666,
            "p(90)": 90.039625,
            "p(95)": 94.59208349999999,
            "avg": 46.592946644801124
        },
        "http_req_sending": {
            "med": 0.003,
            "max": 4.562,
            "p(90)": 0.006,
            "p(95)": 0.013,
            "avg": 0.004912821050250941,
            "min": 0.001
        },
        "iterations": {
            "count": 257631,
            "rate": 4291.220840511366
        },
        "data_sent": {
            "count": 74455359,
            "rate": 1240162.8229077847
        },
        "http_req_blocked": {
            "max": 109.818,
            "p(90)": 0.002,
            "p(95)": 0.002,
            "avg": 0.03076298659727434,
            "min": 0,
            "med": 0.001
        },
        "http_req_duration{expected_response:true}": {
            "avg": 46.52407515399971,
            "min": 0.274,
            "med": 19.83,
            "max": 4030.096,
            "p(90)": 89.992,
            "p(95)": 94.52699999999997
        },
        "http_req_tls_handshaking": {
            "p(90)": 0,
            "p(95)": 0,
            "avg": 0,
            "min": 0,
            "med": 0,
            "max": 0
        },
        "vus": {
            "value": 200,
            "min": 200,
            "max": 200
        },
        "http_req_connecting": {
            "avg": 0.028678353924799418,
            "min": 0,
            "med": 0,
            "max": 108.195,
            "p(90)": 0,
            "p(95)": 0
        }
    }
}