{
    "root_group": {
        "path": "",
        "id": "d41d8cd98f00b204e9800998ecf8427e",
        "groups": {},
        "checks": {},
        "name": ""
    },
    "metrics": {
        "http_req_blocked": {
            "avg": 0.016167204107886295,
            "min": 0,
            "med": 0.001,
            "max": 114.251,
            "p(90)": 0.002,
            "p(95)": 0.002
        },
        "http_req_receiving": {
            "min": 0.002,
            "med": 0.225,
            "max": 83.854,
            "p(90)": 0.767,
            "p(95)": 1.112,
            "avg": 0.7804788194082095
        },
        "http_req_duration{expected_response:true}": {
            "p(95)": 82.973,
            "avg": 23.167757248687842,
            "min": 0.175,
            "med": 4.826,
            "max": 1477.277,
            "p(90)": 76.59
        },
        "http_req_waiting": {
            "p(90)": 75.99650000000001,
            "p(95)": 82.381,
            "avg": 22.38428172545628,
            "min": 0.152,
            "med": 4.449,
            "max": 1477.269
        },
        "vus": {
            "value": 200,
            "min": 200,
            "max": 200
        },
        "http_req_failed": {
            "passes": 0,
            "fails": 517266,
            "value": 0
        },
        "http_req_sending": {
            "avg": 0.0029967038235454322,
            "min": 0,
            "med": 0.002,
            "max": 1.992,
            "p(90)": 0.005,
            "p(95)": 0.008
        },
        "http_req_connecting": {
            "p(95)": 0,
            "avg": 0.015208627669322941,
            "min": 0,
            "med": 0,
            "max": 114.108,
            "p(90)": 0
        },
        "iteration_duration": {
            "min": 0.186541,
            "med": 4.847958,
            "max": 1477.285,
            "p(90)": 76.62575000000001,
            "p(95)": 83.02140599999998,
            "avg": 23.20455484676732
        },
        "iterations": {
            "rate": 8613.64732877036,
            "count": 517266
        },
        "data_sent": {
            "count": 149489874,
            "rate": 2489344.0780146336
        },
        "data_received": {
            "rate": 1240365.2153429317,
            "count": 74486304
        },
        "vus_max": {
            "value": 200,
            "min": 200,
            "max": 200
        },
        "http_req_duration": {
            "max": 1477.277,
            "p(90)": 76.59,
            "p(95)": 82.973,
            "avg": 23.167757248687842,
            "min": 0.175,
            "med": 4.826
        },
        "http_req_tls_handshaking": {
            "min": 0,
            "med": 0,
            "max": 0,
            "p(90)": 0,
            "p(95)": 0,
            "avg": 0
        },
        "http_reqs": {
            "count": 517266,
            "rate": 8613.64732877036
        }
    }
}