{
    "metrics": {
        "http_req_duration{expected_response:true}": {
            "avg": 45.26208907035236,
            "min": 0.263,
            "med": 18.53,
            "max": 1182.722,
            "p(90)": 89.5467,
            "p(95)": 93.996
        },
        "iterations": {
            "count": 265004,
            "rate": 4410.87840685072
        },
        "http_req_receiving": {
            "min": 0.003,
            "med": 0.295,
            "max": 87.939,
            "p(90)": 2.177,
            "p(95)": 3.673,
            "avg": 1.953664337141691
        },
        "http_reqs": {
            "count": 265004,
            "rate": 4410.87840685072
        },
        "http_req_duration": {
            "avg": 45.26208907035236,
            "min": 0.263,
            "med": 18.53,
            "max": 1182.722,
            "p(90)": 89.5467,
            "p(95)": 93.996
        },
        "http_req_connecting": {
            "p(95)": 0,
            "avg": 0.0007469849511705486,
            "min": 0,
            "med": 0,
            "max": 2.906,
            "p(90)": 0
        },
        "http_req_waiting": {
            "avg": 43.30307257248828,
            "min": 0.256,
            "med": 16.9595,
            "max": 1182.388,
            "p(90)": 88.792,
            "p(95)": 93.174
        },
        "data_received": {
            "count": 38160576,
            "rate": 635166.4905865036
        },
        "http_req_blocked": {
            "avg": 0.0025376183000847454,
            "min": 0,
            "med": 0.001,
            "max": 3.538,
            "p(90)": 0.002,
            "p(95)": 0.003
        },
        "http_req_sending": {
            "avg": 0.005352160722091688,
            "min": 0.001,
            "med": 0.003,
            "max": 11.114,
            "p(90)": 0.007,
            "p(95)": 0.013
        },
        "http_req_failed": {
            "passes": 0,
            "fails": 265004,
            "value": 0
        },
        "vus_max": {
            "value": 200,
            "min": 200,
            "max": 200
        },
        "http_req_tls_handshaking": {
            "avg": 0,
            "min": 0,
            "med": 0,
            "max": 0,
            "p(90)": 0,
            "p(95)": 0
        },
        "iteration_duration": {
            "p(90)": 89.5873662,
            "p(95)": 94.04132684999999,
            "avg": 45.30452584401767,
            "min": 0.273375,
            "med": 18.5772495,
            "max": 1183.930666
        },
        "vus": {
            "value": 200,
            "min": 200,
            "max": 200
        },
        "data_sent": {
            "count": 76586156,
            "rate": 1274743.8595798581
        }
    },
    "root_group": {
        "id": "d41d8cd98f00b204e9800998ecf8427e",
        "groups": {},
        "checks": {},
        "name": "",
        "path": ""
    }
}