{
    "root_group": {
        "name": "",
        "path": "",
        "id": "d41d8cd98f00b204e9800998ecf8427e",
        "groups": {},
        "checks": {}
    },
    "metrics": {
        "data_received": {
            "count": 65877408,
            "rate": 1092829.698400811
        },
        "http_req_duration": {
            "avg": 26.225245769232323,
            "min": 0.161,
            "med": 5.726,
            "max": 699.321,
            "p(90)": 81.1329,
            "p(95)": 87.62
        },
        "http_req_connecting": {
            "p(95)": 0,
            "avg": 0.01016601090316122,
            "min": 0,
            "med": 0,
            "max": 62.498,
            "p(90)": 0
        },
        "http_req_failed": {
            "passes": 0,
            "fails": 457482,
            "value": 0
        },
        "http_req_waiting": {
            "p(90)": 80.46180000000003,
            "p(95)": 86.84,
            "avg": 25.267869339122566,
            "min": 0.13,
            "med": 5.306,
            "max": 697.871
        },
        "data_sent": {
            "count": 132212298,
            "rate": 2193248.4919294054
        },
        "iterations": {
            "rate": 7589.09512778341,
            "count": 457482
        },
        "http_req_sending": {
            "med": 0.002,
            "max": 5.177,
            "p(90)": 0.005,
            "p(95)": 0.008,
            "avg": 0.003237403875982896,
            "min": 0
        },
        "http_reqs": {
            "count": 457482,
            "rate": 7589.09512778341
        },
        "http_req_duration{expected_response:true}": {
            "avg": 26.225245769232323,
            "min": 0.161,
            "med": 5.726,
            "max": 699.321,
            "p(90)": 81.1329,
            "p(95)": 87.62
        },
        "http_req_receiving": {
            "p(90)": 0.868,
            "p(95)": 1.312,
            "avg": 0.9541390262349473,
            "min": 0.002,
            "med": 0.242,
            "max": 92.374
        },
        "http_req_tls_handshaking": {
            "avg": 0,
            "min": 0,
            "med": 0,
            "max": 0,
            "p(90)": 0,
            "p(95)": 0
        },
        "vus": {
            "value": 200,
            "min": 200,
            "max": 200
        },
        "vus_max": {
            "max": 200,
            "value": 200,
            "min": 200
        },
        "http_req_blocked": {
            "avg": 0.011479094259585577,
            "min": 0,
            "med": 0.001,
            "max": 65.351,
            "p(90)": 0.002,
            "p(95)": 0.002
        },
        "iteration_duration": {
            "avg": 26.258785721782296,
            "min": 0.170709,
            "med": 5.7507295,
            "max": 699.35125,
            "p(90)": 81.1566086,
            "p(95)": 87.64737085
        }
    }
}