{
    "metrics": {
        "data_received": {
            "count": 69794064,
            "rate": 1159783.5028467297
        },
        "vus": {
            "value": 200,
            "min": 200,
            "max": 200
        },
        "vus_max": {
            "value": 200,
            "min": 200,
            "max": 200
        },
        "data_sent": {
            "count": 140072809,
            "rate": 2327621.0577965616
        },
        "http_req_failed": {
            "fails": 484681,
            "passes": 0,
            "value": 0
        },
        "http_req_duration": {
            "p(90)": 78.99,
            "p(95)": 85.673,
            "avg": 24.75162234335594,
            "min": 0.18,
            "med": 5.198,
            "max": 761.584
        },
        "http_req_sending": {
            "p(90)": 0.005,
            "p(95)": 0.008,
            "avg": 0.0030799866303631612,
            "min": 0,
            "med": 0.002,
            "max": 12.094
        },
        "http_req_waiting": {
            "avg": 23.925687637848775,
            "min": 0.15,
            "med": 4.805,
            "max": 688.896,
            "p(90)": 78.338,
            "p(95)": 84.991
        },
        "http_reqs": {
            "count": 484681,
            "rate": 8054.052103102289
        },
        "http_req_duration{expected_response:true}": {
            "avg": 24.75162234335594,
            "min": 0.18,
            "med": 5.198,
            "max": 761.584,
            "p(90)": 78.99,
            "p(95)": 85.673
        },
        "http_req_receiving": {
            "p(95)": 1.143,
            "avg": 0.8228547188769667,
            "min": 0.002,
            "med": 0.233,
            "max": 86.617,
            "p(90)": 0.797
        },
        "http_req_tls_handshaking": {
            "p(95)": 0,
            "avg": 0,
            "min": 0,
            "med": 0,
            "max": 0,
            "p(90)": 0
        },
        "iterations": {
            "count": 484681,
            "rate": 8054.052103102289
        },
        "http_req_blocked": {
            "max": 84.548,
            "p(90)": 0.002,
            "p(95)": 0.002,
            "avg": 0.012830271869668425,
            "min": 0,
            "med": 0.001
        },
        "iteration_duration": {
            "avg": 24.785013853089545,
            "min": 0.195167,
            "med": 5.219583,
            "max": 761.616916,
            "p(90)": 79.021875,
            "p(95)": 85.730333
        },
        "http_req_connecting": {
            "med": 0,
            "max": 83.454,
            "p(90)": 0,
            "p(95)": 0,
            "avg": 0.011844058256874113,
            "min": 0
        }
    },
    "root_group": {
        "name": "",
        "path": "",
        "id": "d41d8cd98f00b204e9800998ecf8427e",
        "groups": {},
        "checks": {}
    }
}