{
    "metrics": {
        "data_received": {
            "count": 25151472,
            "rate": 418560.44336386543
        },
        "http_req_duration{expected_response:true}": {
            "med": 87.199,
            "max": 2100.622,
            "p(90)": 103.25860000000002,
            "p(95)": 108.8279,
            "avg": 68.6521988858534,
            "min": 0.603
        },
        "http_req_tls_handshaking": {
            "avg": 0,
            "min": 0,
            "med": 0,
            "max": 0,
            "p(90)": 0,
            "p(95)": 0
        },
        "http_req_sending": {
            "p(95)": 0.02,
            "avg": 0.0066478704705638545,
            "min": 0.001,
            "med": 0.004,
            "max": 5.439,
            "p(90)": 0.01
        },
        "http_req_waiting": {
            "p(95)": 107.9059,
            "avg": 65.62920763412964,
            "min": 0.448,
            "med": 85.867,
            "max": 2100.022,
            "p(90)": 102.417
        },
        "iterations": {
            "count": 174663,
            "rate": 2906.6697455823987
        },
        "http_req_connecting": {
            "p(90)": 0,
            "p(95)": 0,
            "avg": 0.03285542444593304,
            "min": 0,
            "med": 0,
            "max": 81.523
        },
        "http_req_blocked": {
            "max": 82.701,
            "p(90)": 0.002,
            "p(95)": 0.004,
            "avg": 0.03569493252741369,
            "min": 0,
            "med": 0.001
        },
        "vus_max": {
            "value": 200,
            "min": 200,
            "max": 200
        },
        "http_reqs": {
            "count": 174663,
            "rate": 2906.6697455823987
        },
        "iteration_duration": {
            "max": 2100.649416,
            "p(90)": 103.3244078,
            "p(95)": 108.94504549999999,
            "avg": 68.73923155520028,
            "min": 0.631208,
            "med": 87.255666
        },
        "http_req_duration": {
            "avg": 68.6521988858534,
            "min": 0.603,
            "med": 87.199,
            "max": 2100.622,
            "p(90)": 103.25860000000002,
            "p(95)": 108.8279
        },
        "data_sent": {
            "rate": 840027.5564733132,
            "count": 50477607
        },
        "vus": {
            "min": 200,
            "max": 200,
            "value": 200
        },
        "http_req_receiving": {
            "max": 104.871,
            "p(90)": 2.624,
            "p(95)": 4.663899999999992,
            "avg": 3.016343381253945,
            "min": 0.004,
            "med": 0.341
        },
        "http_req_failed": {
            "passes": 0,
            "fails": 174663,
            "value": 0
        }
    },
    "root_group": {
        "name": "",
        "path": "",
        "id": "d41d8cd98f00b204e9800998ecf8427e",
        "groups": {},
        "checks": {}
    }
}