{
    "root_group": {
        "path": "",
        "id": "d41d8cd98f00b204e9800998ecf8427e",
        "groups": {},
        "checks": {},
        "name": ""
    },
    "metrics": {
        "http_req_duration": {
            "med": 190.856,
            "max": 4347.818,
            "p(90)": 212.10320000000002,
            "p(95)": 295.43899999999996,
            "avg": 166.10802478950114,
            "min": 1.116
        },
        "http_req_failed": {
            "passes": 0,
            "fails": 72329,
            "value": 0
        },
        "vus_max": {
            "value": 200,
            "min": 200,
            "max": 200
        },
        "http_req_connecting": {
            "max": 50.986,
            "p(90)": 0,
            "p(95)": 0,
            "avg": 0.04671694617649905,
            "min": 0,
            "med": 0
        },
        "http_reqs": {
            "count": 72329,
            "rate": 1202.5010105770014
        },
        "iteration_duration": {
            "avg": 166.21156517683195,
            "min": 1.261541,
            "med": 190.91375,
            "max": 4352.294042,
            "p(90)": 212.1483994,
            "p(95)": 295.4965082
        },
        "http_req_tls_handshaking": {
            "p(90)": 0,
            "p(95)": 0,
            "avg": 0,
            "min": 0,
            "med": 0,
            "max": 0
        },
        "http_req_sending": {
            "p(90)": 0.01,
            "p(95)": 0.018,
            "avg": 0.0070710365137069235,
            "min": 0.001,
            "med": 0.004,
            "max": 6.998
        },
        "vus": {
            "max": 200,
            "value": 200,
            "min": 200
        },
        "http_req_receiving": {
            "avg": 6.070121320631742,
            "min": 0.003,
            "med": 0.35,
            "max": 197.359,
            "p(90)": 4.082400000000003,
            "p(95)": 84.05459999999998
        },
        "iterations": {
            "count": 72329,
            "rate": 1202.5010105770014
        },
        "http_req_duration{expected_response:true}": {
            "med": 190.856,
            "max": 4347.818,
            "p(90)": 212.10320000000002,
            "p(95)": 295.43899999999996,
            "avg": 166.10802478950114,
            "min": 1.116
        },
        "data_sent": {
            "count": 20903081,
            "rate": 347522.79205675336
        },
        "http_req_blocked": {
            "avg": 0.050647236931361195,
            "min": 0,
            "med": 0.001,
            "max": 52.494,
            "p(90)": 0.003,
            "p(95)": 0.004
        },
        "http_req_waiting": {
            "min": 1.013,
            "med": 187.439,
            "max": 4347.794,
            "p(90)": 210.3496,
            "p(95)": 294.5894,
            "avg": 160.03083243235838
        },
        "data_received": {
            "count": 10415376,
            "rate": 173160.1455230882
        }
    }
}