{
    "metrics": {
        "http_req_waiting": {
            "max": 3496.844,
            "p(90)": 209.22,
            "p(95)": 291.0016,
            "avg": 152.33282190640938,
            "min": 1.292,
            "med": 115.795
        },
        "vus": {
            "value": 200,
            "min": 200,
            "max": 200
        },
        "http_req_receiving": {
            "avg": 6.241472547646835,
            "min": 0.004,
            "med": 0.395,
            "max": 189.061,
            "p(90)": 4.632,
            "p(95)": 82.73019999999998
        },
        "data_sent": {
            "rate": 364061.4591244452,
            "count": 21881057
        },
        "iteration_duration": {
            "avg": 158.71931288598975,
            "min": 1.932959,
            "med": 184.277375,
            "max": 3496.940333,
            "p(90)": 210.7046166,
            "p(95)": 292.29653279999997
        },
        "data_received": {
            "rate": 181400.86544609035,
            "count": 10902672
        },
        "http_req_sending": {
            "avg": 0.007137387238650292,
            "min": 0.001,
            "med": 0.004,
            "max": 11.799,
            "p(90)": 0.01,
            "p(95)": 0.02
        },
        "iterations": {
            "count": 75713,
            "rate": 1259.7282322645162
        },
        "http_req_connecting": {
            "p(95)": 0,
            "avg": 0.08009495066897362,
            "min": 0,
            "med": 0,
            "max": 86.941,
            "p(90)": 0
        },
        "http_req_blocked": {
            "p(90)": 0.003,
            "p(95)": 0.004,
            "avg": 0.08451405967291943,
            "min": 0,
            "med": 0.001,
            "max": 88.532
        },
        "vus_max": {
            "max": 200,
            "value": 200,
            "min": 200
        },
        "http_req_tls_handshaking": {
            "p(90)": 0,
            "p(95)": 0,
            "avg": 0,
            "min": 0,
            "med": 0,
            "max": 0
        },
        "http_req_duration": {
            "avg": 158.58143184129585,
            "min": 1.82,
            "med": 184.204,
            "max": 3496.894,
            "p(90)": 210.57340000000002,
            "p(95)": 292.1552
        },
        "http_req_failed": {
            "passes": 0,
            "fails": 75713,
            "value": 0
        },
        "http_reqs": {
            "count": 75713,
            "rate": 1259.7282322645162
        },
        "http_req_duration{expected_response:true}": {
            "avg": 158.58143184129585,
            "min": 1.82,
            "med": 184.204,
            "max": 3496.894,
            "p(90)": 210.57340000000002,
            "p(95)": 292.1552
        }
    },
    "root_group": {
        "path": "",
        "id": "d41d8cd98f00b204e9800998ecf8427e",
        "groups": {},
        "checks": {},
        "name": ""
    }
}