{
    "root_group": {
        "path": "",
        "id": "d41d8cd98f00b204e9800998ecf8427e",
        "groups": {},
        "checks": {},
        "name": ""
    },
    "metrics": {
        "http_req_receiving": {
            "p(90)": 0.703,
            "p(95)": 0.999,
            "avg": 0.5771171451186087,
            "min": 0.002,
            "med": 0.202,
            "max": 79.518
        },
        "http_req_waiting": {
            "max": 4043.673,
            "p(90)": 66.64280000000001,
            "p(95)": 73.49489999999997,
            "avg": 16.765606190573163,
            "min": 0.111,
            "med": 3.162
        },
        "data_sent": {
            "count": 170006418,
            "rate": 2825080.603984749
        },
        "http_req_connecting": {
            "med": 0,
            "max": 110.497,
            "p(90)": 0,
            "p(95)": 0,
            "avg": 0.010711860948684891,
            "min": 0
        },
        "iterations": {
            "count": 691083,
            "rate": 11484.067495872963
        },
        "http_req_duration": {
            "p(90)": 67.39580000000001,
            "p(95)": 74.10589999999996,
            "avg": 17.345721988531793,
            "min": 0.123,
            "med": 3.48,
            "max": 4044.229
        },
        "iteration_duration": {
            "avg": 17.37776468893456,
            "min": 0.132917,
            "med": 3.501125,
            "max": 4049.719208,
            "p(90)": 67.4310668,
            "p(95)": 74.1368289
        },
        "http_req_blocked": {
            "max": 113.144,
            "p(90)": 0.002,
            "p(95)": 0.002,
            "avg": 0.01190778821080498,
            "min": 0,
            "med": 0.001
        },
        "vus": {
            "min": 200,
            "max": 200,
            "value": 200
        },
        "vus_max": {
            "value": 200,
            "min": 200,
            "max": 200
        },
        "data_received": {
            "count": 99515952,
            "rate": 1653705.7194057065
        },
        "http_req_failed": {
            "passes": 0,
            "fails": 691083,
            "value": 0
        },
        "http_req_sending": {
            "avg": 0.0029986528390723768,
            "min": 0,
            "med": 0.002,
            "max": 10.921,
            "p(90)": 0.005,
            "p(95)": 0.008
        },
        "http_reqs": {
            "count": 691083,
            "rate": 11484.067495872963
        },
        "http_req_tls_handshaking": {
            "p(95)": 0,
            "avg": 0,
            "min": 0,
            "med": 0,
            "max": 0,
            "p(90)": 0
        },
        "http_req_duration{expected_response:true}": {
            "p(90)": 67.39580000000001,
            "p(95)": 74.10589999999996,
            "avg": 17.345721988531793,
            "min": 0.123,
            "med": 3.48,
            "max": 4044.229
        }
    }
}