{
    "root_group": {
        "path": "",
        "id": "d41d8cd98f00b204e9800998ecf8427e",
        "groups": {},
        "checks": {},
        "name": ""
    },
    "metrics": {
        "data_sent": {
            "count": 166608912,
            "rate": 2750900.1616339833
        },
        "iterations": {
            "rate": 11182.520982251965,
            "count": 677272
        },
        "http_req_blocked": {
            "avg": 0.011980117294209789,
            "min": 0,
            "med": 0.001,
            "max": 102.195,
            "p(90)": 0.002,
            "p(95)": 0.002
        },
        "http_req_tls_handshaking": {
            "avg": 0,
            "min": 0,
            "med": 0,
            "max": 0,
            "p(90)": 0,
            "p(95)": 0
        },
        "http_req_failed": {
            "passes": 0,
            "fails": 677272,
            "value": 0
        },
        "http_reqs": {
            "rate": 11182.520982251965,
            "count": 677272
        },
        "iteration_duration": {
            "avg": 17.75428847198497,
            "min": 0.12425,
            "med": 3.852292,
            "max": 3199.91325,
            "p(90)": 66.06645840000002,
            "p(95)": 73.1219455
        },
        "http_req_duration": {
            "max": 3199.887,
            "p(90)": 66.03290000000001,
            "p(95)": 73.08,
            "avg": 17.722359368170885,
            "min": 0.113,
            "med": 3.831
        },
        "http_req_connecting": {
            "med": 0,
            "max": 100.604,
            "p(90)": 0,
            "p(95)": 0,
            "avg": 0.010963194994034892,
            "min": 0
        },
        "http_req_waiting": {
            "avg": 17.126520358143125,
            "min": 0.095,
            "med": 3.487,
            "max": 3199.606,
            "p(90)": 65.32790000000001,
            "p(95)": 72.45844999999997
        },
        "http_req_receiving": {
            "avg": 0.5929831175657999,
            "min": 0.002,
            "med": 0.203,
            "max": 91.971,
            "p(90)": 0.721,
            "p(95)": 1.071
        },
        "http_req_duration{expected_response:true}": {
            "avg": 17.722359368170885,
            "min": 0.113,
            "med": 3.831,
            "max": 3199.887,
            "p(90)": 66.03290000000001,
            "p(95)": 73.08
        },
        "http_req_sending": {
            "avg": 0.0028558924626809865,
            "min": 0,
            "med": 0.002,
            "max": 13.256,
            "p(90)": 0.005,
            "p(95)": 0.008
        },
        "data_received": {
            "rate": 1610283.0214442827,
            "count": 97527168
        },
        "vus_max": {
            "min": 200,
            "max": 200,
            "value": 200
        },
        "vus": {
            "value": 200,
            "min": 200,
            "max": 200
        }
    }
}