{
    "root_group": {
        "checks": {},
        "name": "",
        "path": "",
        "id": "d41d8cd98f00b204e9800998ecf8427e",
        "groups": {}
    },
    "metrics": {
        "data_sent": {
            "count": 174670824,
            "rate": 2897188.7648654385
        },
        "http_req_receiving": {
            "min": 0.002,
            "med": 0.191,
            "max": 77.528,
            "p(90)": 0.648,
            "p(95)": 0.898,
            "avg": 0.5269577082547333
        },
        "http_req_waiting": {
            "p(95)": 74.126,
            "avg": 16.35845696182211,
            "min": 0.099,
            "med": 2.894,
            "max": 1408.732,
            "p(90)": 66.67570000000002
        },
        "http_req_blocked": {
            "p(95)": 0.002,
            "avg": 0.0040520559290266375,
            "min": 0,
            "med": 0.001,
            "max": 33.01,
            "p(90)": 0.002
        },
        "http_req_connecting": {
            "max": 32.999,
            "p(90)": 0,
            "p(95)": 0,
            "avg": 0.003157314194613291,
            "min": 0,
            "med": 0
        },
        "iterations": {
            "count": 710044,
            "rate": 11777.190101079017
        },
        "http_req_duration": {
            "med": 3.189,
            "max": 1408.911,
            "p(90)": 67.413,
            "p(95)": 74.68084999999996,
            "avg": 16.888396845829252,
            "min": 0.129
        },
        "http_req_failed": {
            "passes": 0,
            "fails": 710044,
            "value": 0
        },
        "iteration_duration": {
            "med": 3.2091044999999996,
            "max": 1408.92225,
            "p(90)": 67.43721670000001,
            "p(95)": 74.7015287,
            "avg": 16.912367379714006,
            "min": 0.138583
        },
        "vus": {
            "value": 200,
            "min": 200,
            "max": 200
        },
        "http_req_duration{expected_response:true}": {
            "med": 3.189,
            "max": 1408.911,
            "p(90)": 67.413,
            "p(95)": 74.68084999999996,
            "avg": 16.888396845829252,
            "min": 0.129
        },
        "http_req_tls_handshaking": {
            "avg": 0,
            "min": 0,
            "med": 0,
            "max": 0,
            "p(90)": 0,
            "p(95)": 0
        },
        "http_req_sending": {
            "avg": 0.002982175752467265,
            "min": 0,
            "med": 0.002,
            "max": 11.394,
            "p(90)": 0.005,
            "p(95)": 0.007
        },
        "vus_max": {
            "value": 200,
            "min": 200,
            "max": 200
        },
        "data_received": {
            "count": 102246336,
            "rate": 1695915.3745553785
        },
        "http_reqs": {
            "count": 710044,
            "rate": 11777.190101079017
        }
    }
}