{
    "metrics": {
        "vus": {
            "value": 200,
            "min": 200,
            "max": 200
        },
        "http_req_tls_handshaking": {
            "avg": 0,
            "min": 0,
            "med": 0,
            "max": 0,
            "p(90)": 0,
            "p(95)": 0
        },
        "http_req_sending": {
            "max": 2.467,
            "p(90)": 0.005,
            "p(95)": 0.008,
            "avg": 0.0028811835373561763,
            "min": 0,
            "med": 0.002
        },
        "data_sent": {
            "count": 170654382,
            "rate": 2824230.7780656125
        },
        "http_req_connecting": {
            "p(90)": 0,
            "p(95)": 0,
            "avg": 0.0032558060419450585,
            "min": 0,
            "med": 0,
            "max": 33.421
        },
        "http_req_waiting": {
            "avg": 16.67532291698158,
            "min": 0.101,
            "med": 3.4,
            "max": 1415.085,
            "p(90)": 66.511,
            "p(95)": 73.027
        },
        "http_req_receiving": {
            "med": 0.208,
            "max": 77.962,
            "p(90)": 0.73,
            "p(95)": 1.067,
            "avg": 0.6049037748822756,
            "min": 0.002
        },
        "http_req_blocked": {
            "avg": 0.004392315598533691,
            "min": 0,
            "med": 0.001,
            "max": 35.567,
            "p(90)": 0.002,
            "p(95)": 0.002
        },
        "http_req_failed": {
            "passes": 0,
            "fails": 693717,
            "value": 0
        },
        "data_received": {
            "count": 99895248,
            "rate": 1653208.2603310903
        },
        "iteration_duration": {
            "min": 0.132959,
            "med": 3.755209,
            "max": 1415.33975,
            "p(90)": 67.2905752,
            "p(95)": 73.6296662,
            "avg": 17.307349497986824
        },
        "iterations": {
            "rate": 11480.612918965906,
            "count": 693717
        },
        "vus_max": {
            "value": 200,
            "min": 200,
            "max": 200
        },
        "http_reqs": {
            "count": 693717,
            "rate": 11480.612918965906
        },
        "http_req_duration{expected_response:true}": {
            "avg": 17.28310787540227,
            "min": 0.125,
            "med": 3.734,
            "max": 1415.319,
            "p(90)": 67.266,
            "p(95)": 73.61
        },
        "http_req_duration": {
            "avg": 17.28310787540227,
            "min": 0.125,
            "med": 3.734,
            "max": 1415.319,
            "p(90)": 67.266,
            "p(95)": 73.61
        }
    },
    "root_group": {
        "id": "d41d8cd98f00b204e9800998ecf8427e",
        "groups": {},
        "checks": {},
        "name": "",
        "path": ""
    }
}