{
    "metrics": {
        "vus_max": {
            "max": 200,
            "value": 200,
            "min": 200
        },
        "http_reqs": {
            "count": 29794,
            "rate": 495.26408909474156
        },
        "data_sent": {
            "count": 18204134,
            "rate": 302606.3584368871
        },
        "http_req_receiving": {
            "avg": 13.289093643015173,
            "min": 0.005,
            "med": 0.422,
            "max": 300.126,
            "p(90)": 89.25850000000001,
            "p(95)": 97.46605
        },
        "data_received": {
            "count": 4290336,
            "rate": 71318.02882964279
        },
        "iteration_duration": {
            "avg": 403.68110000415993,
            "min": 5.375209,
            "med": 399.5977705,
            "max": 999.800125,
            "p(90)": 596.250083,
            "p(95)": 606.04035625
        },
        "http_req_blocked": {
            "med": 0.001,
            "max": 34.629,
            "p(90)": 0.004,
            "p(95)": 0.007,
            "avg": 0.08688504396868901,
            "min": 0
        },
        "http_req_waiting": {
            "p(95)": 604.90305,
            "avg": 390.22861619789217,
            "min": 4.403,
            "med": 397.7695,
            "max": 996.399,
            "p(90)": 595.5384
        },
        "vus": {
            "value": 200,
            "min": 200,
            "max": 200
        },
        "http_req_duration": {
            "avg": 403.5263386587911,
            "min": 4.605,
            "med": 399.527,
            "max": 999.76,
            "p(90)": 596.2011,
            "p(95)": 605.9843
        },
        "http_req_tls_handshaking": {
            "p(95)": 0,
            "avg": 0,
            "min": 0,
            "med": 0,
            "max": 0,
            "p(90)": 0
        },
        "http_req_failed": {
            "passes": 0,
            "fails": 29794,
            "value": 0
        },
        "iterations": {
            "count": 29794,
            "rate": 495.26408909474156
        },
        "http_req_connecting": {
            "min": 0,
            "med": 0,
            "max": 33.308,
            "p(90)": 0,
            "p(95)": 0,
            "avg": 0.07898868899778479
        },
        "http_req_sending": {
            "avg": 0.008628817882792761,
            "min": 0.001,
            "med": 0.004,
            "max": 1.465,
            "p(90)": 0.014,
            "p(95)": 0.025
        },
        "http_req_duration{expected_response:true}": {
            "avg": 403.5263386587911,
            "min": 4.605,
            "med": 399.527,
            "max": 999.76,
            "p(90)": 596.2011,
            "p(95)": 605.9843
        }
    },
    "root_group": {
        "checks": {},
        "name": "",
        "path": "",
        "id": "d41d8cd98f00b204e9800998ecf8427e",
        "groups": {}
    }
}