{
    "root_group": {
        "name": "",
        "path": "",
        "id": "d41d8cd98f00b204e9800998ecf8427e",
        "groups": {},
        "checks": {}
    },
    "metrics": {
        "data_sent": {
            "count": 19230614,
            "rate": 319532.47992139787
        },
        "http_reqs": {
            "count": 31474,
            "rate": 522.9664155833026
        },
        "http_req_duration{expected_response:true}": {
            "avg": 382.06025138209355,
            "min": 16.026,
            "med": 394.14750000000004,
            "max": 1109.306,
            "p(90)": 590.0989000000001,
            "p(95)": 603.26105
        },
        "http_req_waiting": {
            "max": 1104.802,
            "p(90)": 588.4553,
            "p(95)": 602.1854,
            "avg": 368.8707405795263,
            "min": 4.078,
            "med": 390.7785
        },
        "vus": {
            "value": 200,
            "min": 200,
            "max": 200
        },
        "http_req_failed": {
            "passes": 0,
            "fails": 31474,
            "value": 0
        },
        "data_received": {
            "count": 4532256,
            "rate": 75307.16384399557
        },
        "http_req_connecting": {
            "max": 85.254,
            "p(90)": 0,
            "p(95)": 0,
            "avg": 0.1850884857342568,
            "min": 0,
            "med": 0
        },
        "http_req_blocked": {
            "max": 86.622,
            "p(90)": 0.004,
            "p(95)": 0.007,
            "avg": 0.19257580860412352,
            "min": 0,
            "med": 0.001
        },
        "iterations": {
            "count": 31474,
            "rate": 522.9664155833026
        },
        "vus_max": {
            "value": 200,
            "min": 200,
            "max": 200
        },
        "http_req_tls_handshaking": {
            "avg": 0,
            "min": 0,
            "med": 0,
            "max": 0,
            "p(90)": 0,
            "p(95)": 0
        },
        "http_req_sending": {
            "p(95)": 0.024,
            "avg": 0.008534917709853696,
            "min": 0.001,
            "med": 0.005,
            "max": 3.243,
            "p(90)": 0.014
        },
        "http_req_duration": {
            "avg": 382.06025138209355,
            "min": 16.026,
            "med": 394.14750000000004,
            "max": 1109.306,
            "p(90)": 590.0989000000001,
            "p(95)": 603.26105
        },
        "http_req_receiving": {
            "p(95)": 95.7307,
            "avg": 13.180975884857256,
            "min": 0.004,
            "med": 0.471,
            "max": 299.113,
            "p(90)": 86.27440000000001
        },
        "iteration_duration": {
            "p(90)": 590.1272962,
            "p(95)": 603.3014668999999,
            "avg": 382.26264584082236,
            "min": 16.811125,
            "med": 394.218333,
            "max": 1109.319125
        }
    }
}