{
    "root_group": {
        "path": "",
        "id": "d41d8cd98f00b204e9800998ecf8427e",
        "groups": {},
        "checks": {},
        "name": ""
    },
    "metrics": {
        "http_req_tls_handshaking": {
            "avg": 0,
            "min": 0,
            "med": 0,
            "max": 0,
            "p(90)": 0,
            "p(95)": 0
        },
        "http_reqs": {
            "rate": 657.8942106509178,
            "count": 39483
        },
        "http_req_duration": {
            "med": 299.477,
            "max": 1511.794,
            "p(90)": 407.5064,
            "p(95)": 494.7179,
            "avg": 303.89069090494576,
            "min": 8.571
        },
        "http_req_receiving": {
            "avg": 10.103426031456397,
            "min": 0.004,
            "med": 0.434,
            "max": 290.889,
            "p(90)": 12.83100000000003,
            "p(95)": 92.1514
        },
        "http_req_connecting": {
            "avg": 0.0047292252361775975,
            "min": 0,
            "med": 0,
            "max": 1.514,
            "p(90)": 0,
            "p(95)": 0
        },
        "http_req_sending": {
            "avg": 0.007353468581412767,
            "min": 0.001,
            "med": 0.004,
            "max": 2.03,
            "p(90)": 0.011,
            "p(95)": 0.019
        },
        "http_req_duration{expected_response:true}": {
            "med": 299.477,
            "max": 1511.794,
            "p(90)": 407.5064,
            "p(95)": 494.7179,
            "avg": 303.89069090494576,
            "min": 8.571
        },
        "http_req_blocked": {
            "avg": 0.008442646202152428,
            "min": 0,
            "med": 0.001,
            "max": 3.297,
            "p(90)": 0.003,
            "p(95)": 0.004
        },
        "data_sent": {
            "count": 24124113,
            "rate": 401973.36270771077
        },
        "http_req_waiting": {
            "max": 1511.337,
            "p(90)": 406.473,
            "p(95)": 494.0359,
            "avg": 293.7799114049076,
            "min": 3.746,
            "med": 298.145
        },
        "data_received": {
            "count": 5685552,
            "rate": 94736.76633373217
        },
        "iteration_duration": {
            "avg": 303.95083562530573,
            "min": 8.609,
            "med": 299.524542,
            "max": 1512.520125,
            "p(90)": 407.537825,
            "p(95)": 494.7531541
        },
        "vus": {
            "value": 200,
            "min": 200,
            "max": 200
        },
        "vus_max": {
            "value": 200,
            "min": 200,
            "max": 200
        },
        "http_req_failed": {
            "passes": 0,
            "fails": 39483,
            "value": 0
        },
        "iterations": {
            "count": 39483,
            "rate": 657.8942106509178
        }
    }
}