{
    "metrics": {
        "iterations": {
            "count": 37712,
            "rate": 627.4324716901294
        },
        "vus_max": {
            "value": 200,
            "min": 200,
            "max": 200
        },
        "iteration_duration": {
            "avg": 318.5879665435955,
            "min": 1.973708,
            "med": 302.2215005,
            "max": 1610.821542,
            "p(90)": 487.05481280000004,
            "p(95)": 499.7957436
        },
        "http_req_failed": {
            "passes": 0,
            "fails": 37712,
            "value": 0
        },
        "http_req_duration{expected_response:true}": {
            "med": 302.135,
            "max": 1539.426,
            "p(90)": 486.8397,
            "p(95)": 499.59715,
            "avg": 318.3793921298289,
            "min": 1.943
        },
        "http_reqs": {
            "count": 37712,
            "rate": 627.4324716901294
        },
        "data_sent": {
            "count": 23042032,
            "rate": 383361.2402026691
        },
        "http_req_waiting": {
            "p(90)": 484.8039,
            "p(95)": 498.737,
            "avg": 307.8740417373793,
            "min": 1.899,
            "med": 300.704,
            "max": 1539.338
        },
        "http_req_receiving": {
            "avg": 10.496999973483057,
            "min": 0.005,
            "med": 0.457,
            "max": 290.301,
            "p(90)": 19.601400000000105,
            "p(95)": 92.90690000000001
        },
        "http_req_blocked": {
            "avg": 0.1462525721257692,
            "min": 0,
            "med": 0.001,
            "max": 71.344,
            "p(90)": 0.003,
            "p(95)": 0.006
        },
        "http_req_duration": {
            "avg": 318.3793921298289,
            "min": 1.943,
            "med": 302.135,
            "max": 1539.426,
            "p(90)": 486.8397,
            "p(95)": 499.59715
        },
        "http_req_tls_handshaking": {
            "med": 0,
            "max": 0,
            "p(90)": 0,
            "p(95)": 0,
            "avg": 0,
            "min": 0
        },
        "http_req_sending": {
            "p(90)": 0.014,
            "p(95)": 0.025,
            "avg": 0.008350418964784138,
            "min": 0.001,
            "med": 0.004,
            "max": 2.213
        },
        "http_req_connecting": {
            "avg": 0.13843720831565545,
            "min": 0,
            "med": 0,
            "max": 69.848,
            "p(90)": 0,
            "p(95)": 0
        },
        "data_received": {
            "count": 5430528,
            "rate": 90350.27592337863
        },
        "vus": {
            "value": 200,
            "min": 200,
            "max": 200
        }
    },
    "root_group": {
        "groups": {},
        "checks": {},
        "name": "",
        "path": "",
        "id": "d41d8cd98f00b204e9800998ecf8427e"
    }
}