{
    "root_group": {
        "name": "",
        "path": "",
        "id": "d41d8cd98f00b204e9800998ecf8427e",
        "groups": {},
        "checks": {}
    },
    "metrics": {
        "iteration_duration": {
            "avg": 17.558015733711652,
            "min": 0.112875,
            "med": 3.694833,
            "max": 1409.831041,
            "p(90)": 66.33106240000001,
            "p(95)": 74.24144385
        },
        "http_req_connecting": {
            "avg": 0.0025325681647359534,
            "min": 0,
            "med": 0,
            "max": 31.518,
            "p(90)": 0,
            "p(95)": 0
        },
        "data_sent": {
            "count": 57444072,
            "rate": 955178.0707991186
        },
        "http_req_sending": {
            "avg": 0.0028804415536327864,
            "min": 0,
            "med": 0.002,
            "max": 3.085,
            "p(90)": 0.005,
            "p(95)": 0.007
        },
        "http_req_receiving": {
            "avg": 0.5860380853920681,
            "min": 0.002,
            "med": 0.199,
            "max": 102.764,
            "p(90)": 0.715,
            "p(95)": 1.0671499999999696
        },
        "http_req_tls_handshaking": {
            "avg": 0,
            "min": 0,
            "med": 0,
            "max": 0,
            "p(90)": 0,
            "p(95)": 0
        },
        "vus": {
            "value": 200,
            "min": 200,
            "max": 200
        },
        "vus_max": {
            "value": 200,
            "min": 200,
            "max": 200
        },
        "http_req_waiting": {
            "max": 1409.55,
            "p(90)": 65.58030000000001,
            "p(95)": 73.49614999999997,
            "avg": 16.95055266297965,
            "min": 0.093,
            "med": 3.335
        },
        "iterations": {
            "rate": 11371.167509513318,
            "count": 683858
        },
        "data_received": {
            "count": 98475552,
            "rate": 1637448.1213699176
        },
        "http_req_blocked": {
            "med": 0.001,
            "max": 35.754,
            "p(90)": 0.002,
            "p(95)": 0.002,
            "avg": 0.0039835799245855515,
            "min": 0
        },
        "http_reqs": {
            "rate": 11371.167509513318,
            "count": 683858
        },
        "http_req_duration{expected_response:true}": {
            "avg": 17.539471189925003,
            "min": 0.106,
            "med": 3.679,
            "max": 1409.812,
            "p(90)": 66.314,
            "p(95)": 74.224
        },
        "http_req_duration": {
            "p(95)": 74.224,
            "avg": 17.539471189925003,
            "min": 0.106,
            "med": 3.679,
            "max": 1409.812,
            "p(90)": 66.314
        },
        "http_req_failed": {
            "passes": 0,
            "fails": 683858,
            "value": 0
        }
    }
}