{
    "metrics": {
        "vus_max": {
            "value": 200,
            "min": 200,
            "max": 200
        },
        "iterations": {
            "rate": 10918.670660238999,
            "count": 660633
        },
        "http_req_tls_handshaking": {
            "max": 0,
            "p(90)": 0,
            "p(95)": 0,
            "avg": 0,
            "min": 0,
            "med": 0
        },
        "http_req_sending": {
            "max": 5.646,
            "p(90)": 0.005,
            "p(95)": 0.007,
            "avg": 0.0029940466189014065,
            "min": 0,
            "med": 0.002
        },
        "vus": {
            "value": 200,
            "min": 200,
            "max": 200
        },
        "http_req_waiting": {
            "p(90)": 65.13380000000001,
            "p(95)": 73.16479999999994,
            "avg": 17.592027973171348,
            "min": 0.091,
            "med": 3.475,
            "max": 4021.702
        },
        "http_reqs": {
            "count": 660633,
            "rate": 10918.670660238999
        },
        "http_req_blocked": {
            "avg": 0.00460617619777659,
            "min": 0,
            "med": 0.001,
            "max": 38.302,
            "p(90)": 0.002,
            "p(95)": 0.002
        },
        "http_req_receiving": {
            "max": 138.328,
            "p(90)": 0.704,
            "p(95)": 1.059,
            "avg": 0.5599692870323862,
            "min": 0.002,
            "med": 0.198
        },
        "data_received": {
            "count": 95131152,
            "rate": 1572288.575074416
        },
        "http_req_duration": {
            "p(95)": 73.746,
            "avg": 18.154991306821966,
            "min": 0.114,
            "med": 3.824,
            "max": 4022.064,
            "p(90)": 65.875
        },
        "http_req_duration{expected_response:true}": {
            "avg": 18.154991306821966,
            "min": 0.114,
            "med": 3.824,
            "max": 4022.064,
            "p(90)": 65.875,
            "p(95)": 73.746
        },
        "http_req_failed": {
            "passes": 0,
            "fails": 660633,
            "value": 0
        },
        "iteration_duration": {
            "med": 3.840167,
            "max": 4025.430291,
            "p(90)": 65.89698320000001,
            "p(95)": 73.76539999999999,
            "avg": 18.175103859818122,
            "min": 0.119417
        },
        "http_req_connecting": {
            "p(90)": 0,
            "p(95)": 0,
            "avg": 0.0035737860506514212,
            "min": 0,
            "med": 0,
            "max": 36.759
        },
        "data_sent": {
            "count": 55493172,
            "rate": 917168.3354600759
        }
    },
    "root_group": {
        "name": "",
        "path": "",
        "id": "d41d8cd98f00b204e9800998ecf8427e",
        "groups": {},
        "checks": {}
    }
}