{
    "root_group": {
        "groups": {},
        "checks": {},
        "name": "",
        "path": "",
        "id": "d41d8cd98f00b204e9800998ecf8427e"
    },
    "metrics": {
        "vus_max": {
            "value": 200,
            "min": 200,
            "max": 200
        },
        "http_req_failed": {
            "passes": 0,
            "fails": 643914,
            "value": 0
        },
        "http_req_blocked": {
            "avg": 0.010155745953776591,
            "min": 0,
            "med": 0.001,
            "max": 96.7,
            "p(90)": 0.002,
            "p(95)": 0.002
        },
        "http_req_waiting": {
            "avg": 17.988984887733533,
            "min": 0.099,
            "med": 3.686,
            "max": 3498.383,
            "p(90)": 64.769,
            "p(95)": 73.03
        },
        "http_req_duration": {
            "avg": 18.60754840553282,
            "min": 0.126,
            "med": 4.049,
            "max": 3498.605,
            "p(90)": 65.494,
            "p(95)": 73.717
        },
        "vus": {
            "max": 200,
            "value": 200,
            "min": 200
        },
        "http_req_connecting": {
            "p(90)": 0,
            "p(95)": 0,
            "avg": 0.009185252999624173,
            "min": 0,
            "med": 0,
            "max": 96.687
        },
        "http_req_receiving": {
            "min": 0.002,
            "med": 0.201,
            "max": 96.402,
            "p(90)": 0.727,
            "p(95)": 1.125,
            "avg": 0.6155945794003839
        },
        "data_sent": {
            "count": 54088776,
            "rate": 899608.7287073438
        },
        "iteration_duration": {
            "p(95)": 73.76131259999998,
            "avg": 18.632937769393642,
            "min": 0.134375,
            "med": 4.065583,
            "max": 3498.628084,
            "p(90)": 65.5165294
        },
        "http_req_duration{expected_response:true}": {
            "p(90)": 65.494,
            "p(95)": 73.717,
            "avg": 18.60754840553282,
            "min": 0.126,
            "med": 4.049,
            "max": 3498.605
        },
        "http_req_sending": {
            "min": 0,
            "med": 0.002,
            "max": 6.549,
            "p(90)": 0.005,
            "p(95)": 0.007,
            "avg": 0.0029689383985827726
        },
        "data_received": {
            "count": 92723616,
            "rate": 1542186.3920697323
        },
        "iterations": {
            "count": 643914,
            "rate": 10709.627722706475
        },
        "http_reqs": {
            "count": 643914,
            "rate": 10709.627722706475
        },
        "http_req_tls_handshaking": {
            "p(90)": 0,
            "p(95)": 0,
            "avg": 0,
            "min": 0,
            "med": 0,
            "max": 0
        }
    }
}