{
    "root_group": {
        "groups": {},
        "checks": {},
        "name": "",
        "path": "",
        "id": "d41d8cd98f00b204e9800998ecf8427e"
    },
    "metrics": {
        "vus": {
            "value": 200,
            "min": 200,
            "max": 200
        },
        "http_reqs": {
            "count": 691854,
            "rate": 11476.921551278003
        },
        "http_req_receiving": {
            "avg": 0.6122978200603761,
            "min": 0.002,
            "med": 0.198,
            "max": 97.213,
            "p(90)": 0.723,
            "p(95)": 1.106
        },
        "vus_max": {
            "value": 200,
            "min": 200,
            "max": 200
        },
        "http_req_sending": {
            "min": 0,
            "med": 0.002,
            "max": 1.907,
            "p(90)": 0.004,
            "p(95)": 0.007,
            "avg": 0.0029127388148127847
        },
        "iterations": {
            "count": 691854,
            "rate": 11476.921551278003
        },
        "iteration_duration": {
            "avg": 17.361547946705485,
            "min": 0.125125,
            "med": 3.9590205000000003,
            "max": 5398.024417,
            "p(90)": 64.6919457,
            "p(95)": 72.53321249999999
        },
        "http_req_tls_handshaking": {
            "avg": 0,
            "min": 0,
            "med": 0,
            "max": 0,
            "p(90)": 0,
            "p(95)": 0
        },
        "data_sent": {
            "count": 58115736,
            "rate": 964061.4103073523
        },
        "http_req_failed": {
            "fails": 691854,
            "passes": 0,
            "value": 0
        },
        "http_req_duration": {
            "med": 3.944,
            "max": 5402.992,
            "p(90)": 64.699,
            "p(95)": 72.532,
            "avg": 17.348410030150813,
            "min": 0.117
        },
        "http_req_blocked": {
            "med": 0.001,
            "max": 33.342,
            "p(90)": 0.002,
            "p(95)": 0.002,
            "avg": 0.004366956034175826,
            "min": 0
        },
        "data_received": {
            "count": 99626976,
            "rate": 1652676.7033840325
        },
        "http_req_duration{expected_response:true}": {
            "min": 0.117,
            "med": 3.944,
            "max": 5402.992,
            "p(90)": 64.699,
            "p(95)": 72.532,
            "avg": 17.348410030150813
        },
        "http_req_connecting": {
            "p(90)": 0,
            "p(95)": 0,
            "avg": 0.003359854824861893,
            "min": 0,
            "med": 0,
            "max": 32.011
        },
        "http_req_waiting": {
            "avg": 16.73319947127651,
            "min": 0.092,
            "med": 3.581,
            "max": 5402.979,
            "p(90)": 63.952,
            "p(95)": 71.84
        }
    }
}