{
    "root_group": {
        "name": "",
        "path": "",
        "id": "d41d8cd98f00b204e9800998ecf8427e",
        "groups": {},
        "checks": {}
    },
    "metrics": {
        "data_received": {
            "count": 80919504,
            "rate": 1346062.3616948626
        },
        "http_reqs": {
            "count": 561941,
            "rate": 9347.655289547658
        },
        "http_req_failed": {
            "passes": 0,
            "fails": 561941,
            "value": 0
        },
        "vus": {
            "value": 200,
            "min": 200,
            "max": 200
        },
        "vus_max": {
            "value": 200,
            "min": 200,
            "max": 200
        },
        "http_req_connecting": {
            "p(95)": 0,
            "avg": 0.004345724907063198,
            "min": 0,
            "med": 0,
            "max": 34.218,
            "p(90)": 0
        },
        "http_req_duration{expected_response:true}": {
            "p(95)": 80.568,
            "avg": 21.337483730498324,
            "min": 0.135,
            "med": 4.52,
            "max": 2503.635,
            "p(90)": 74.634
        },
        "http_req_sending": {
            "avg": 0.00318550168076002,
            "min": 0,
            "med": 0.002,
            "max": 1.194,
            "p(90)": 0.005,
            "p(95)": 0.009
        },
        "http_req_waiting": {
            "max": 2503.238,
            "p(90)": 74.024,
            "p(95)": 79.933,
            "avg": 20.6251411927589,
            "min": 0.11,
            "med": 4.154
        },
        "http_req_tls_handshaking": {
            "avg": 0,
            "min": 0,
            "med": 0,
            "max": 0,
            "p(90)": 0,
            "p(95)": 0
        },
        "iterations": {
            "count": 561941,
            "rate": 9347.655289547658
        },
        "data_sent": {
            "count": 306257845,
            "rate": 5094472.132803474
        },
        "http_req_receiving": {
            "avg": 0.7091570360589549,
            "min": 0.002,
            "med": 0.22,
            "max": 82.883,
            "p(90)": 0.758,
            "p(95)": 1.079
        },
        "http_req_duration": {
            "avg": 21.337483730498324,
            "min": 0.135,
            "med": 4.52,
            "max": 2503.635,
            "p(90)": 74.634,
            "p(95)": 80.568
        },
        "http_req_blocked": {
            "p(95)": 0.002,
            "avg": 0.005534002680094882,
            "min": 0,
            "med": 0.001,
            "max": 35.831,
            "p(90)": 0.002
        },
        "iteration_duration": {
            "avg": 21.364094798462425,
            "min": 0.144167,
            "med": 4.54225,
            "max": 2503.67925,
            "p(90)": 74.662959,
            "p(95)": 80.608625
        }
    }
}