{
    "root_group": {
        "path": "",
        "id": "d41d8cd98f00b204e9800998ecf8427e",
        "groups": {},
        "checks": {},
        "name": ""
    },
    "metrics": {
        "http_req_receiving": {
            "avg": 0.7804492898734545,
            "min": 0.002,
            "med": 0.235,
            "max": 83.37,
            "p(90)": 0.802,
            "p(95)": 1.166
        },
        "http_reqs": {
            "count": 530328,
            "rate": 8824.096554978714
        },
        "http_req_duration{expected_response:true}": {
            "p(95)": 82.36,
            "avg": 22.59685633042295,
            "min": 0.143,
            "med": 5.155,
            "max": 1406.472,
            "p(90)": 76.593
        },
        "data_received": {
            "count": 76367232,
            "rate": 1270669.903916935
        },
        "http_req_duration": {
            "min": 0.143,
            "med": 5.155,
            "max": 1406.472,
            "p(90)": 76.593,
            "p(95)": 82.36,
            "avg": 22.59685633042295
        },
        "http_req_tls_handshaking": {
            "avg": 0,
            "min": 0,
            "med": 0,
            "max": 0,
            "p(90)": 0,
            "p(95)": 0
        },
        "vus": {
            "value": 200,
            "min": 200,
            "max": 200
        },
        "http_req_sending": {
            "p(90)": 0.005,
            "p(95)": 0.008,
            "avg": 0.0031742035117683473,
            "min": 0.001,
            "med": 0.002,
            "max": 1.539
        },
        "http_req_failed": {
            "passes": 0,
            "fails": 530328,
            "value": 0
        },
        "http_req_connecting": {
            "avg": 0.004537729480623312,
            "min": 0,
            "med": 0,
            "max": 34.362,
            "p(90)": 0,
            "p(95)": 0
        },
        "iterations": {
            "count": 530328,
            "rate": 8824.096554978714
        },
        "iteration_duration": {
            "p(90)": 76.6237543,
            "p(95)": 82.4052024,
            "avg": 22.623309781188688,
            "min": 0.1515,
            "med": 5.177353999999999,
            "max": 1406.494875
        },
        "http_req_blocked": {
            "avg": 0.005623723431635272,
            "min": 0,
            "med": 0.001,
            "max": 36.194,
            "p(90)": 0.002,
            "p(95)": 0.002
        },
        "http_req_waiting": {
            "avg": 21.813232837036235,
            "min": 0.12,
            "med": 4.763,
            "max": 1406.312,
            "p(90)": 75.934,
            "p(95)": 81.751
        },
        "vus_max": {
            "min": 200,
            "max": 200,
            "value": 200
        },
        "data_sent": {
            "count": 289028760,
            "rate": 4809132.6224634
        }
    }
}