{
    "metrics": {
        "vus_max": {
            "min": 200,
            "max": 200,
            "value": 200
        },
        "vus": {
            "value": 200,
            "min": 200,
            "max": 200
        },
        "data_sent": {
            "count": 291526495,
            "rate": 4831780.964364006
        },
        "http_req_tls_handshaking": {
            "p(95)": 0,
            "avg": 0,
            "min": 0,
            "med": 0,
            "max": 0,
            "p(90)": 0
        },
        "iteration_duration": {
            "min": 0.158625,
            "med": 5.014917,
            "max": 9585.158542,
            "p(90)": 75.390333,
            "p(95)": 81.6216875,
            "avg": 22.434472290818466
        },
        "http_req_failed": {
            "passes": 0,
            "fails": 534911,
            "value": 0
        },
        "http_reqs": {
            "count": 534911,
            "rate": 8865.65314562203
        },
        "http_req_connecting": {
            "min": 0,
            "med": 0,
            "max": 42.147,
            "p(90)": 0,
            "p(95)": 0,
            "avg": 0.0058236603846247344
        },
        "iterations": {
            "count": 534911,
            "rate": 8865.65314562203
        },
        "http_req_sending": {
            "max": 1.995,
            "p(90)": 0.005,
            "p(95)": 0.008,
            "avg": 0.0031265051569118875,
            "min": 0,
            "med": 0.002
        },
        "http_req_waiting": {
            "max": 9585.137,
            "p(90)": 74.714,
            "p(95)": 80.94,
            "avg": 21.633887519607118,
            "min": 0.135,
            "med": 4.6
        },
        "data_received": {
            "count": 77027184,
            "rate": 1276654.0529695721
        },
        "http_req_duration": {
            "avg": 22.406854521592702,
            "min": 0.148,
            "med": 4.994,
            "max": 9585.146,
            "p(90)": 75.36,
            "p(95)": 81.57549999999998
        },
        "http_req_duration{expected_response:true}": {
            "p(90)": 75.36,
            "p(95)": 81.57549999999998,
            "avg": 22.406854521592702,
            "min": 0.148,
            "med": 4.994,
            "max": 9585.146
        },
        "http_req_receiving": {
            "avg": 0.76984049683032,
            "min": 0.002,
            "med": 0.23,
            "max": 84.51,
            "p(90)": 0.803,
            "p(95)": 1.18
        },
        "http_req_blocked": {
            "p(95)": 0.002,
            "avg": 0.006788045114145278,
            "min": 0,
            "med": 0.001,
            "max": 42.16,
            "p(90)": 0.002
        }
    },
    "root_group": {
        "name": "",
        "path": "",
        "id": "d41d8cd98f00b204e9800998ecf8427e",
        "groups": {},
        "checks": {}
    }
}