{
    "metrics": {
        "http_req_failed": {
            "passes": 0,
            "fails": 530387,
            "value": 0
        },
        "vus_max": {
            "min": 200,
            "max": 200,
            "value": 200
        },
        "vus": {
            "value": 200,
            "min": 200,
            "max": 200
        },
        "http_reqs": {
            "count": 530387,
            "rate": 8812.587980578202
        },
        "data_sent": {
            "count": 289060915,
            "rate": 4802860.449415119
        },
        "data_received": {
            "count": 76375728,
            "rate": 1269012.669203261
        },
        "http_req_connecting": {
            "p(90)": 0,
            "p(95)": 0,
            "avg": 0.0065443232960083865,
            "min": 0,
            "med": 0,
            "max": 53.719
        },
        "http_req_duration": {
            "avg": 22.614684982851816,
            "min": 0.16,
            "med": 5.148,
            "max": 3006.643,
            "p(90)": 75.747,
            "p(95)": 81.92669999999998
        },
        "http_req_duration{expected_response:true}": {
            "avg": 22.614684982851816,
            "min": 0.16,
            "med": 5.148,
            "max": 3006.643,
            "p(90)": 75.747,
            "p(95)": 81.92669999999998
        },
        "iteration_duration": {
            "p(90)": 75.771375,
            "p(95)": 81.9515749,
            "avg": 22.64353966620832,
            "min": 0.176916,
            "med": 5.171167,
            "max": 3006.713625
        },
        "http_req_receiving": {
            "max": 85.835,
            "p(90)": 0.814,
            "p(95)": 1.217,
            "avg": 0.8130844044066039,
            "min": 0.002,
            "med": 0.229
        },
        "http_req_tls_handshaking": {
            "min": 0,
            "med": 0,
            "max": 0,
            "p(90)": 0,
            "p(95)": 0,
            "avg": 0
        },
        "http_req_sending": {
            "max": 1.978,
            "p(90)": 0.005,
            "p(95)": 0.009,
            "avg": 0.0031351560275594678,
            "min": 0,
            "med": 0.002
        },
        "iterations": {
            "count": 530387,
            "rate": 8812.587980578202
        },
        "http_req_blocked": {
            "max": 55.187,
            "p(90)": 0.002,
            "p(95)": 0.002,
            "avg": 0.007671091109042401,
            "min": 0,
            "med": 0.001
        },
        "http_req_waiting": {
            "min": 0.134,
            "med": 4.756,
            "max": 3006.358,
            "p(90)": 75.064,
            "p(95)": 81.215,
            "avg": 21.798465422417976
        }
    },
    "root_group": {
        "name": "",
        "path": "",
        "id": "d41d8cd98f00b204e9800998ecf8427e",
        "groups": {},
        "checks": {}
    }
}