{
    "root_group": {
        "name": "",
        "path": "",
        "id": "d41d8cd98f00b204e9800998ecf8427e",
        "groups": {},
        "checks": {}
    },
    "metrics": {
        "data_received": {
            "count": 6678137,
            "rate": 111028.1105172221
        },
        "http_req_duration": {
            "avg": 339.9209918236859,
            "min": 7.87,
            "med": 302.0755,
            "max": 3849.919,
            "p(90)": 513.7965,
            "p(95)": 604.61625
        },
        "http_req_sending": {
            "avg": 0.007552509477731254,
            "min": 0.001,
            "med": 0.004,
            "max": 7.055,
            "p(90)": 0.01,
            "p(95)": 0.016
        },
        "http_req_waiting": {
            "p(90)": 510.265,
            "p(95)": 603.1935,
            "avg": 331.6402328693462,
            "min": 3.875,
            "med": 299.735,
            "max": 3849.326
        },
        "http_req_blocked": {
            "p(90)": 0.003,
            "p(95)": 0.005,
            "avg": 0.03558926045376617,
            "min": 0,
            "med": 0.001,
            "max": 49.132
        },
        "http_req_failed": {
            "passes": 0,
            "fails": 35346,
            "value": 0
        },
        "vus_max": {
            "value": 200,
            "min": 200,
            "max": 200
        },
        "http_reqs": {
            "count": 35346,
            "rate": 587.6488599053497
        },
        "http_req_tls_handshaking": {
            "avg": 0,
            "min": 0,
            "med": 0,
            "max": 0,
            "p(90)": 0,
            "p(95)": 0
        },
        "iteration_duration": {
            "avg": 340.0121802148173,
            "min": 7.940125,
            "med": 302.1205205,
            "max": 3855.220042,
            "p(90)": 513.8430005,
            "p(95)": 604.68394775
        },
        "http_req_receiving": {
            "med": 0.438,
            "max": 397.18,
            "p(90)": 4.694,
            "p(95)": 89.40174999999999,
            "avg": 8.273206444859307,
            "min": 0.006
        },
        "http_req_duration{expected_response:true}": {
            "avg": 339.9209918236859,
            "min": 7.87,
            "med": 302.0755,
            "max": 3849.919,
            "p(90)": 513.7965,
            "p(95)": 604.61625
        },
        "iterations": {
            "count": 35346,
            "rate": 587.6488599053497
        },
        "data_sent": {
            "count": 11204682,
            "rate": 186284.68858999587
        },
        "vus": {
            "max": 200,
            "value": 200,
            "min": 200
        },
        "http_req_connecting": {
            "min": 0,
            "med": 0,
            "max": 49.12,
            "p(90)": 0,
            "p(95)": 0,
            "avg": 0.03187826062355005
        }
    }
}