{
    "metrics": {
        "http_req_duration{expected_response:true}": {
            "avg": 19.442189251893026,
            "min": 0.197,
            "med": 4.649,
            "max": 4008.708,
            "p(90)": 68.881,
            "p(95)": 75.732
        },
        "http_req_waiting": {
            "avg": 18.674420313156194,
            "min": 0.163,
            "med": 4.202,
            "max": 4008.366,
            "p(90)": 67.997,
            "p(95)": 74.861
        },
        "vus": {
            "value": 200,
            "min": 200,
            "max": 200
        },
        "http_req_sending": {
            "max": 6.249,
            "p(90)": 0.004,
            "p(95)": 0.005,
            "avg": 0.00282510638916897,
            "min": 0,
            "med": 0.002
        },
        "data_received": {
            "count": 116459685,
            "rate": 1937102.4332257977
        },
        "iteration_duration": {
            "med": 4.6665,
            "max": 4013.316833,
            "p(90)": 68.90627540000001,
            "p(95)": 75.7742918,
            "avg": 19.468398560769558,
            "min": 0.2075
        },
        "http_reqs": {
            "count": 616369,
            "rate": 10252.21637569217
        },
        "iterations": {
            "count": 616369,
            "rate": 10252.21637569217
        },
        "http_req_failed": {
            "passes": 0,
            "fails": 616369,
            "value": 0
        },
        "http_req_connecting": {
            "med": 0,
            "max": 77.275,
            "p(90)": 0,
            "p(95)": 0,
            "avg": 0.008686024118669167,
            "min": 0
        },
        "http_req_duration": {
            "p(90)": 68.881,
            "p(95)": 75.732,
            "avg": 19.442189251893026,
            "min": 0.197,
            "med": 4.649,
            "max": 4008.708
        },
        "http_req_receiving": {
            "avg": 0.7649438323473025,
            "min": 0.002,
            "med": 0.269,
            "max": 92.582,
            "p(90)": 0.94,
            "p(95)": 1.473
        },
        "data_sent": {
            "count": 168885106,
            "rate": 2809107.2869396545
        },
        "http_req_blocked": {
            "min": 0,
            "med": 0.001,
            "max": 77.29,
            "p(90)": 0.001,
            "p(95)": 0.002,
            "avg": 0.009544073436646159
        },
        "http_req_tls_handshaking": {
            "med": 0,
            "max": 0,
            "p(90)": 0,
            "p(95)": 0,
            "avg": 0,
            "min": 0
        },
        "vus_max": {
            "value": 200,
            "min": 200,
            "max": 200
        }
    },
    "root_group": {
        "path": "",
        "id": "d41d8cd98f00b204e9800998ecf8427e",
        "groups": {},
        "checks": {},
        "name": ""
    }
}