{
    "root_group": {
        "groups": {},
        "checks": {},
        "name": "",
        "path": "",
        "id": "d41d8cd98f00b204e9800998ecf8427e"
    },
    "metrics": {
        "http_reqs": {
            "count": 16506,
            "rate": 274.3531056776549
        },
        "data_sent": {
            "count": 10398780,
            "rate": 172842.4565769226
        },
        "http_req_blocked": {
            "p(95)": 0.006,
            "avg": 0.08584229976974825,
            "min": 0,
            "med": 0.002,
            "max": 56.26,
            "p(90)": 0.004
        },
        "data_received": {
            "count": 3118644,
            "rate": 51836.28177044617
        },
        "http_req_duration{expected_response:true}": {
            "med": 702.637,
            "max": 2391.669,
            "p(90)": 1102.3480000000002,
            "p(95)": 1205.8015,
            "avg": 728.5385489518949,
            "min": 11.277
        },
        "http_req_receiving": {
            "p(90)": 6.173500000000002,
            "p(95)": 95.72499999999998,
            "avg": 13.034944262692315,
            "min": 0.003,
            "med": 0.489,
            "max": 701.144
        },
        "http_req_connecting": {
            "min": 0,
            "med": 0,
            "max": 56.221,
            "p(90)": 0,
            "p(95)": 0,
            "avg": 0.08193311523082518
        },
        "vus": {
            "value": 200,
            "min": 200,
            "max": 200
        },
        "vus_max": {
            "min": 200,
            "max": 200,
            "value": 200
        },
        "http_req_duration": {
            "min": 11.277,
            "med": 702.637,
            "max": 2391.669,
            "p(90)": 1102.3480000000002,
            "p(95)": 1205.8015,
            "avg": 728.5385489518949
        },
        "http_req_tls_handshaking": {
            "p(95)": 0,
            "avg": 0,
            "min": 0,
            "med": 0,
            "max": 0,
            "p(90)": 0
        },
        "http_req_sending": {
            "med": 0.005,
            "max": 4.187,
            "p(90)": 0.014,
            "p(95)": 0.019,
            "avg": 0.00855985702168909,
            "min": 0.001
        },
        "iterations": {
            "count": 16506,
            "rate": 274.3531056776549
        },
        "http_req_failed": {
            "fails": 16506,
            "passes": 0,
            "value": 0
        },
        "http_req_waiting": {
            "p(95)": 1202.8839999999998,
            "avg": 715.4950448321831,
            "min": 11.198,
            "med": 700.7545,
            "max": 2391.292,
            "p(90)": 1100.432
        },
        "iteration_duration": {
            "max": 2447.927083,
            "p(90)": 1102.404021,
            "p(95)": 1205.8700525,
            "avg": 728.6905834357786,
            "min": 12.036334,
            "med": 702.6935415
        }
    }
}