{
    "root_group": {
        "name": "",
        "path": "",
        "id": "d41d8cd98f00b204e9800998ecf8427e",
        "groups": {},
        "checks": {}
    },
    "metrics": {
        "iteration_duration": {
            "min": 0.064125,
            "med": 0.663875,
            "max": 1401.003458,
            "p(90)": 2.396583,
            "p(95)": 4.310133799999993,
            "avg": 6.151495966826413
        },
        "iterations": {
            "count": 1952789,
            "rate": 32270.875534375773
        },
        "http_req_tls_handshaking": {
            "min": 0,
            "med": 0,
            "max": 0,
            "p(90)": 0,
            "p(95)": 0,
            "avg": 0
        },
        "http_reqs": {
            "count": 1952789,
            "rate": 32270.875534375773
        },
        "http_req_waiting": {
            "avg": 6.123991798396879,
            "min": 0.053,
            "med": 0.641,
            "max": 1400.982,
            "p(90)": 2.359,
            "p(95)": 4.254
        },
        "http_req_failed": {
            "passes": 1952789,
            "fails": 0,
            "value": 1
        },
        "http_req_sending": {
            "avg": 0.0026141457167915562,
            "min": 0,
            "med": 0.001,
            "max": 5.076,
            "p(90)": 0.003,
            "p(95)": 0.004
        },
        "http_req_receiving": {
            "p(95)": 0.011,
            "avg": 0.00691789486741025,
            "min": 0.001,
            "med": 0.004,
            "max": 6.788,
            "p(90)": 0.009
        },
        "vus_max": {
            "value": 200,
            "min": 200,
            "max": 200
        },
        "http_req_connecting": {
            "max": 52.569,
            "p(90)": 0,
            "p(95)": 0,
            "avg": 0.0018113411126342892,
            "min": 0,
            "med": 0
        },
        "vus": {
            "value": 200,
            "min": 200,
            "max": 200
        },
        "http_req_duration": {
            "p(90)": 2.373,
            "p(95)": 4.274,
            "avg": 6.133523838980854,
            "min": 0.058,
            "med": 0.649,
            "max": 1400.987
        },
        "http_req_blocked": {
            "med": 0.001,
            "max": 53.804,
            "p(90)": 0.001,
            "p(95)": 0.002,
            "avg": 0.002653712715620138,
            "min": 0
        },
        "data_sent": {
            "count": 164034276,
            "rate": 2710753.544887565
        },
        "data_received": {
            "count": 93733872,
            "rate": 1549002.025650037
        }
    }
}