{
    "root_group": {
        "name": "",
        "path": "",
        "id": "d41d8cd98f00b204e9800998ecf8427e",
        "groups": {},
        "checks": {}
    },
    "metrics": {
        "http_req_duration": {
            "med": 8.956,
            "max": 1420.994,
            "p(90)": 85.62280000000001,
            "p(95)": 94.88339999999998,
            "avg": 33.84490705396824,
            "min": 0.271
        },
        "iteration_duration": {
            "p(90)": 85.6594328,
            "p(95)": 94.92322519999999,
            "avg": 33.89471527689688,
            "min": 0.28375,
            "med": 8.994083,
            "max": 1421.028292
        },
        "http_req_receiving": {
            "p(95)": 2.442,
            "avg": 1.2954571325394888,
            "min": 0.003,
            "med": 0.252,
            "max": 115.457,
            "p(90)": 1.184
        },
        "http_req_blocked": {
            "max": 77.34,
            "p(90)": 0.002,
            "p(95)": 0.002,
            "avg": 0.016046883508008286,
            "min": 0,
            "med": 0.001
        },
        "http_reqs": {
            "count": 354453,
            "rate": 5898.830643484333
        },
        "http_req_connecting": {
            "med": 0,
            "max": 75.807,
            "p(90)": 0,
            "p(95)": 0,
            "avg": 0.014292397017376073,
            "min": 0
        },
        "data_sent": {
            "rate": 3380029.958716523,
            "count": 203101569
        },
        "http_req_tls_handshaking": {
            "avg": 0,
            "min": 0,
            "med": 0,
            "max": 0,
            "p(90)": 0,
            "p(95)": 0
        },
        "vus": {
            "value": 200,
            "min": 200,
            "max": 200
        },
        "iterations": {
            "count": 354453,
            "rate": 5898.830643484333
        },
        "http_req_sending": {
            "med": 0.003,
            "max": 10.998,
            "p(90)": 0.007,
            "p(95)": 0.01,
            "avg": 0.005982420800479708,
            "min": 0.001
        },
        "http_req_waiting": {
            "max": 1420.61,
            "p(90)": 84.468,
            "p(95)": 93.56739999999998,
            "avg": 32.543467500627195,
            "min": 0.227,
            "med": 8.462
        },
        "data_received": {
            "count": 66970174,
            "rate": 1114522.1357716757
        },
        "http_req_duration{expected_response:true}": {
            "med": 8.956,
            "max": 1420.994,
            "p(90)": 85.62280000000001,
            "p(95)": 94.88339999999998,
            "avg": 33.84490705396824,
            "min": 0.271
        },
        "http_req_failed": {
            "passes": 0,
            "fails": 354453,
            "value": 0
        },
        "vus_max": {
            "max": 200,
            "value": 200,
            "min": 200
        }
    }
}