{
    "root_group": {
        "checks": {},
        "name": "",
        "path": "",
        "id": "d41d8cd98f00b204e9800998ecf8427e",
        "groups": {}
    },
    "metrics": {
        "http_req_tls_handshaking": {
            "avg": 0,
            "min": 0,
            "med": 0,
            "max": 0,
            "p(90)": 0,
            "p(95)": 0
        },
        "http_req_waiting": {
            "p(90)": 23.574,
            "p(95)": 28.597,
            "avg": 18.27858297959232,
            "min": 0.738,
            "med": 12.743,
            "max": 4878.972
        },
        "vus_max": {
            "min": 200,
            "max": 200,
            "value": 200
        },
        "http_req_receiving": {
            "p(95)": 1.347,
            "avg": 0.42306359828455403,
            "min": 0.003,
            "med": 0.22,
            "max": 51.185,
            "p(90)": 0.882
        },
        "http_req_blocked": {
            "avg": 0.0016283763959557065,
            "min": 0,
            "med": 0.001,
            "max": 4.111,
            "p(90)": 0.002,
            "p(95)": 0.002
        },
        "data_sent": {
            "rate": 3377275.1975332494,
            "count": 203124724
        },
        "data_received": {
            "count": 121072357,
            "rate": 2013022.641217182
        },
        "iteration_duration": {
            "avg": 18.727924037528282,
            "min": 0.793208,
            "med": 13.1800835,
            "max": 4878.970541,
            "p(90)": 24.0995747,
            "p(95)": 29.140241699999997
        },
        "http_req_duration": {
            "max": 4878.987,
            "p(90)": 24.078,
            "p(95)": 29.11844999999997,
            "avg": 18.704934653823976,
            "min": 0.781,
            "med": 13.157
        },
        "http_req_duration{expected_response:true}": {
            "max": 4878.987,
            "p(90)": 24.078,
            "p(95)": 29.11844999999997,
            "avg": 18.704934653823976,
            "min": 0.781,
            "med": 13.157
        },
        "vus": {
            "min": 200,
            "max": 200,
            "value": 200
        },
        "http_req_sending": {
            "med": 0.002,
            "max": 1.923,
            "p(90)": 0.006,
            "p(95)": 0.009,
            "avg": 0.003288075945872027,
            "min": 0
        },
        "iterations": {
            "count": 640772,
            "rate": 10653.864976445582
        },
        "http_req_connecting": {
            "p(90)": 0,
            "p(95)": 0,
            "avg": 0.0006629643617386527,
            "min": 0,
            "med": 0,
            "max": 3.476
        },
        "http_reqs": {
            "count": 640772,
            "rate": 10653.864976445582
        },
        "http_req_failed": {
            "passes": 0,
            "fails": 640772,
            "value": 0
        }
    }
}