{
    "root_group": {
        "groups": {},
        "checks": {},
        "name": "",
        "path": "",
        "id": "d41d8cd98f00b204e9800998ecf8427e"
    },
    "metrics": {
        "http_req_blocked": {
            "med": 0.005587,
            "max": 7.590272,
            "p(90)": 0.006639,
            "p(95)": 0.007979,
            "avg": 0.0071701893776610175,
            "min": 0.003087
        },
        "data_sent": {
            "count": 196651901,
            "rate": 3276966.093622689
        },
        "vus": {
            "min": 200,
            "max": 200,
            "value": 200
        },
        "http_req_duration": {
            "max": 53.800348,
            "p(90)": 26.803247,
            "p(95)": 29.39972280000001,
            "avg": 19.180239028475988,
            "min": 2.727318,
            "med": 18.778821
        },
        "http_req_duration{expected_response:true}": {
            "p(95)": 29.39972280000001,
            "avg": 19.180239028475988,
            "min": 2.727318,
            "med": 18.778821,
            "max": 53.800348,
            "p(90)": 26.803247
        },
        "vus_max": {
            "min": 200,
            "max": 200,
            "value": 200
        },
        "http_req_receiving": {
            "avg": 0.4831067789081263,
            "min": 0.023593,
            "med": 0.063763,
            "max": 24.247703,
            "p(90)": 1.090441800000001,
            "p(95)": 2.2128988000000027
        },
        "data_received": {
            "rate": 1954024.9940140115,
            "count": 117261735
        },
        "iteration_duration": {
            "avg": 19.31841359267208,
            "min": 2.831839,
            "med": 18.911664,
            "max": 54.005027,
            "p(90)": 26.9556912,
            "p(95)": 29.564448400000003
        },
        "http_reqs": {
            "count": 620353,
            "rate": 10337.432471995866
        },
        "http_req_tls_handshaking": {
            "min": 0,
            "med": 0,
            "max": 0,
            "p(90)": 0,
            "p(95)": 0,
            "avg": 0
        },
        "http_req_failed": {
            "passes": 0,
            "fails": 620353,
            "value": 0
        },
        "http_req_waiting": {
            "min": 2.412706,
            "med": 18.307972,
            "max": 53.415017,
            "p(90)": 26.159023400000002,
            "p(95)": 28.682204600000006,
            "avg": 18.668017072470537
        },
        "http_req_sending": {
            "max": 15.307416,
            "p(90)": 0.020386,
            "p(95)": 0.027609,
            "avg": 0.02911517709755654,
            "min": 0.00936,
            "med": 0.017283
        },
        "iterations": {
            "count": 620353,
            "rate": 10337.432471995866
        },
        "http_req_connecting": {
            "avg": 0.00018499334572412803,
            "min": 0,
            "med": 0,
            "max": 3.242093,
            "p(90)": 0,
            "p(95)": 0
        }
    }
}