{
    "root_group": {
        "path": "",
        "id": "d41d8cd98f00b204e9800998ecf8427e",
        "groups": {},
        "checks": {},
        "name": ""
    },
    "metrics": {
        "http_req_duration": {
            "max": 3292.278515,
            "p(90)": 881.9433454000001,
            "p(95)": 997.6526495,
            "avg": 576.2822426031611,
            "min": 10.90233,
            "med": 510.491541
        },
        "iterations": {
            "rate": 346.7031119665238,
            "count": 20847
        },
        "vus": {
            "value": 200,
            "min": 200,
            "max": 200
        },
        "vus_max": {
            "min": 200,
            "max": 200,
            "value": 200
        },
        "http_reqs": {
            "rate": 346.7031119665238,
            "count": 20847
        },
        "http_req_duration{expected_response:true}": {
            "p(90)": 881.9433454000001,
            "p(95)": 997.6526495,
            "avg": 576.2822426031611,
            "min": 10.90233,
            "med": 510.491541,
            "max": 3292.278515
        },
        "data_received": {
            "count": 3001968,
            "rate": 49925.24812317943
        },
        "http_req_connecting": {
            "p(95)": 0,
            "avg": 0.0032747277785772524,
            "min": 0,
            "med": 0,
            "max": 2.224787,
            "p(90)": 0
        },
        "http_req_failed": {
            "passes": 0,
            "fails": 20847,
            "value": 0
        },
        "http_req_blocked": {
            "avg": 0.010719363265697746,
            "min": 0.001357,
            "med": 0.004891,
            "max": 5.245419,
            "p(90)": 0.009004400000000001,
            "p(95)": 0.01723170000000001
        },
        "http_req_receiving": {
            "p(90)": 86.96403840000004,
            "p(95)": 100.82291690000001,
            "avg": 18.176421640092272,
            "min": 0.02155,
            "med": 1.180514,
            "max": 1102.260716
        },
        "http_req_tls_handshaking": {
            "med": 0,
            "max": 0,
            "p(90)": 0,
            "p(95)": 0,
            "avg": 0,
            "min": 0
        },
        "http_req_sending": {
            "p(95)": 0.044814400000000074,
            "avg": 0.022890308533601942,
            "min": 0.00516,
            "med": 0.016193,
            "max": 3.628762,
            "p(90)": 0.031548400000000025
        },
        "http_req_waiting": {
            "avg": 558.0829306545312,
            "min": 10.708267,
            "med": 504.926122,
            "max": 3206.753547,
            "p(90)": 810.4558440000001,
            "p(95)": 994.6153027
        },
        "data_sent": {
            "count": 6024783,
            "rate": 100197.1993583254
        },
        "iteration_duration": {
            "p(90)": 882.0697084000001,
            "p(95)": 997.7854578,
            "avg": 576.4406644766619,
            "min": 11.017222,
            "med": 510.634984,
            "max": 3292.60618
        }
    }
}