{
    "root_group": {
        "checks": {},
        "name": "",
        "path": "",
        "id": "d41d8cd98f00b204e9800998ecf8427e",
        "groups": {}
    },
    "metrics": {
        "http_req_waiting": {
            "avg": 5.45929797556639,
            "min": 0.128,
            "med": 1.939,
            "max": 3517.594,
            "p(90)": 3.989,
            "p(95)": 5.02
        },
        "iterations": {
            "count": 2117432,
            "rate": 35177.74468942287
        },
        "http_req_connecting": {
            "avg": 0.0011003016861934642,
            "min": 0,
            "med": 0,
            "max": 32.96,
            "p(90)": 0,
            "p(95)": 0
        },
        "http_reqs": {
            "rate": 35177.74468942287,
            "count": 2117432
        },
        "http_req_duration": {
            "med": 2.124,
            "max": 3517.623,
            "p(90)": 4.267,
            "p(95)": 5.331,
            "avg": 5.649816765780115,
            "min": 0.16
        },
        "http_req_blocked": {
            "avg": 0.0019009030751382867,
            "min": 0,
            "med": 0.001,
            "max": 34.671,
            "p(90)": 0.001,
            "p(95)": 0.002
        },
        "http_req_sending": {
            "avg": 0.002743591765968457,
            "min": 0,
            "med": 0.002,
            "max": 5.392,
            "p(90)": 0.004,
            "p(95)": 0.005
        },
        "iteration_duration": {
            "p(90)": 4.286917,
            "p(95)": 5.351875,
            "avg": 5.668370857014273,
            "min": 0.168042,
            "med": 2.140875,
            "max": 3517.619584
        },
        "vus_max": {
            "value": 200,
            "min": 200,
            "max": 200
        },
        "http_req_tls_handshaking": {
            "avg": 0,
            "min": 0,
            "med": 0,
            "max": 0,
            "p(90)": 0,
            "p(95)": 0
        },
        "vus": {
            "value": 200,
            "min": 200,
            "max": 200
        },
        "http_req_duration{expected_response:true}": {
            "avg": 5.649816765780115,
            "min": 0.16,
            "med": 2.124,
            "max": 3517.623,
            "p(90)": 4.267,
            "p(95)": 5.331
        },
        "data_received": {
            "count": 400135463,
            "rate": 6647610.482224701
        },
        "http_req_failed": {
            "passes": 0,
            "fails": 2117432,
            "value": 0
        },
        "http_req_receiving": {
            "p(95)": 0.624,
            "avg": 0.18777519844823323,
            "min": 0.002,
            "med": 0.116,
            "max": 9.72,
            "p(90)": 0.449
        },
        "data_sent": {
            "count": 580176368,
            "rate": 9638702.044901866
        }
    }
}