{
    "metrics": {
        "http_req_tls_handshaking": {
            "max": 0,
            "p(90)": 0,
            "p(95)": 0,
            "avg": 0,
            "min": 0,
            "med": 0
        },
        "data_received": {
            "count": 14091984,
            "rate": 234663.48928113625
        },
        "http_req_connecting": {
            "avg": 0.0010597160053545328,
            "min": 0,
            "med": 0,
            "max": 4.578868,
            "p(90)": 0,
            "p(95)": 0
        },
        "http_req_waiting": {
            "avg": 115.44994497712084,
            "min": 0.299978,
            "med": 102.677072,
            "max": 529.46307,
            "p(90)": 196.012214,
            "p(95)": 205.065625
        },
        "http_reqs": {
            "rate": 1629.607564452335,
            "count": 97861
        },
        "http_req_duration{expected_response:true}": {
            "avg": 122.52265757228255,
            "min": 0.38924,
            "med": 105.310442,
            "max": 532.492305,
            "p(90)": 198.184992,
            "p(95)": 209.047446
        },
        "http_req_blocked": {
            "max": 13.87007,
            "p(90)": 0.00788,
            "p(95)": 0.010121,
            "avg": 0.008375594966329742,
            "min": 0.001139,
            "med": 0.004429
        },
        "iterations": {
            "count": 97861,
            "rate": 1629.607564452335
        },
        "vus_max": {
            "max": 200,
            "value": 200,
            "min": 200
        },
        "http_req_sending": {
            "avg": 0.023664011332399953,
            "min": 0.00431,
            "med": 0.013755,
            "max": 18.796382,
            "p(90)": 0.025834,
            "p(95)": 0.037553
        },
        "http_req_receiving": {
            "max": 285.444576,
            "p(90)": 6.794876,
            "p(95)": 74.86807,
            "avg": 7.049048583828216,
            "min": 0.013825,
            "med": 1.109737
        },
        "vus": {
            "value": 200,
            "min": 200,
            "max": 200
        },
        "data_sent": {
            "count": 24073806,
            "rate": 400883.46085527446
        },
        "iteration_duration": {
            "p(95)": 209.192429,
            "avg": 122.67224100971819,
            "min": 0.456867,
            "med": 105.453867,
            "max": 532.826338,
            "p(90)": 198.354803
        },
        "http_req_failed": {
            "passes": 0,
            "fails": 97861,
            "value": 0
        },
        "http_req_duration": {
            "p(95)": 209.047446,
            "avg": 122.52265757228255,
            "min": 0.38924,
            "med": 105.310442,
            "max": 532.492305,
            "p(90)": 198.184992
        }
    },
    "root_group": {
        "groups": {},
        "checks": {},
        "name": "",
        "path": "",
        "id": "d41d8cd98f00b204e9800998ecf8427e"
    }
}