{
    "metrics": {
        "http_req_sending": {
            "avg": 0.028430951540275855,
            "min": 0.005904,
            "med": 0.017206,
            "max": 3.238316,
            "p(90)": 0.034274,
            "p(95)": 0.04729
        },
        "http_req_blocked": {
            "p(90)": 0.012067,
            "p(95)": 0.021463,
            "avg": 0.015836103566578528,
            "min": 0.001577,
            "med": 0.005172,
            "max": 4.180826
        },
        "http_req_failed": {
            "fails": 13991,
            "passes": 0,
            "value": 0
        },
        "vus_max": {
            "value": 200,
            "min": 200,
            "max": 200
        },
        "http_req_connecting": {
            "min": 0,
            "med": 0,
            "max": 3.820448,
            "p(90)": 0,
            "p(95)": 0,
            "avg": 0.00598905860910585
        },
        "http_req_duration{expected_response:true}": {
            "max": 2261.148217,
            "p(90)": 1206.475396,
            "p(95)": 1389.006032,
            "avg": 859.7144723385112,
            "min": 63.987609,
            "med": 814.794229
        },
        "vus": {
            "value": 25,
            "min": 25,
            "max": 200
        },
        "data_sent": {
            "count": 8548501,
            "rate": 141878.11901413437
        },
        "http_req_waiting": {
            "avg": 839.3718508617686,
            "min": 56.198987,
            "med": 807.885282,
            "max": 2258.579344,
            "p(90)": 1204.434282,
            "p(95)": 1378.4173274999998
        },
        "http_req_receiving": {
            "avg": 20.314190525194785,
            "min": 0.01802,
            "med": 1.303337,
            "max": 1195.932533,
            "p(90)": 89.672751,
            "p(95)": 106.491251
        },
        "iterations": {
            "count": 13991,
            "rate": 232.2064140984196
        },
        "http_req_duration": {
            "med": 814.794229,
            "max": 2261.148217,
            "p(90)": 1206.475396,
            "p(95)": 1389.006032,
            "avg": 859.7144723385112,
            "min": 63.987609
        },
        "http_reqs": {
            "count": 13991,
            "rate": 232.2064140984196
        },
        "http_req_tls_handshaking": {
            "p(95)": 0,
            "avg": 0,
            "min": 0,
            "med": 0,
            "max": 0,
            "p(90)": 0
        },
        "data_received": {
            "count": 2014704,
            "rate": 33437.723630172426
        },
        "iteration_duration": {
            "max": 2261.528088,
            "p(90)": 1206.651376,
            "p(95)": 1389.1451615,
            "avg": 859.8836752889697,
            "min": 65.182314,
            "med": 814.943118
        }
    },
    "root_group": {
        "id": "d41d8cd98f00b204e9800998ecf8427e",
        "groups": {},
        "checks": {},
        "name": "",
        "path": ""
    }
}