{
    "metrics": {
        "http_req_blocked": {
            "p(95)": 0.002,
            "avg": 0.013184417238158715,
            "min": 0,
            "med": 0.001,
            "max": 59.89,
            "p(90)": 0.002
        },
        "iterations": {
            "count": 366007,
            "rate": 6080.805750498048
        },
        "vus_max": {
            "value": 200,
            "min": 200,
            "max": 200
        },
        "iteration_duration": {
            "avg": 32.795609062037194,
            "min": 1.492125,
            "med": 28.413209,
            "max": 3191.796167,
            "p(90)": 48.2892502,
            "p(95)": 56.097408200000004
        },
        "http_req_duration{expected_response:true}": {
            "min": 1.442,
            "med": 28.378,
            "max": 3191.788,
            "p(90)": 48.25,
            "p(95)": 56.057,
            "avg": 32.74662331048382
        },
        "http_req_receiving": {
            "max": 47.263,
            "p(90)": 1.295,
            "p(95)": 2.037,
            "avg": 0.6902442712844401,
            "min": 0.003,
            "med": 0.352
        },
        "vus": {
            "value": 200,
            "min": 200,
            "max": 200
        },
        "http_req_duration": {
            "max": 3191.788,
            "p(90)": 48.25,
            "p(95)": 56.057,
            "avg": 32.74662331048382,
            "min": 1.442,
            "med": 28.378
        },
        "http_req_failed": {
            "passes": 0,
            "fails": 366007,
            "value": 0
        },
        "data_sent": {
            "count": 230584410,
            "rate": 3830907.62281377
        },
        "http_req_connecting": {
            "avg": 0.011517957306827463,
            "min": 0,
            "med": 0,
            "max": 59.876,
            "p(90)": 0,
            "p(95)": 0
        },
        "data_received": {
            "rate": 1148933.097347203,
            "count": 69154907
        },
        "http_req_tls_handshaking": {
            "avg": 0,
            "min": 0,
            "med": 0,
            "max": 0,
            "p(90)": 0,
            "p(95)": 0
        },
        "http_req_waiting": {
            "med": 27.714,
            "max": 3190.304,
            "p(90)": 47.479400000000005,
            "p(95)": 55.218,
            "avg": 32.05058221290817,
            "min": 1.393
        },
        "http_reqs": {
            "count": 366007,
            "rate": 6080.805750498048
        },
        "http_req_sending": {
            "p(90)": 0.007,
            "p(95)": 0.01,
            "avg": 0.005796826290204458,
            "min": 0.001,
            "med": 0.004,
            "max": 4.201
        }
    },
    "root_group": {
        "checks": {},
        "name": "",
        "path": "",
        "id": "d41d8cd98f00b204e9800998ecf8427e",
        "groups": {}
    }
}