{
    "metrics": {
        "http_req_blocked": {
            "avg": 0.00791899231529574,
            "min": 0.002724,
            "med": 0.005671,
            "max": 18.940786,
            "p(90)": 0.006708,
            "p(95)": 0.008299
        },
        "http_req_tls_handshaking": {
            "min": 0,
            "med": 0,
            "max": 0,
            "p(90)": 0,
            "p(95)": 0,
            "avg": 0
        },
        "iteration_duration": {
            "p(90)": 11.45568,
            "p(95)": 12.9695048,
            "avg": 8.039712626273051,
            "min": 1.062055,
            "med": 7.629213,
            "max": 72.656488
        },
        "http_reqs": {
            "count": 1486199,
            "rate": 24767.618387384566
        },
        "http_req_sending": {
            "p(90)": 0.018934,
            "p(95)": 0.02580009999999986,
            "avg": 0.03304571887546701,
            "min": 0.007965,
            "med": 0.016018,
            "max": 18.154946
        },
        "data_received": {
            "count": 281031507,
            "rate": 4683411.252603181
        },
        "http_req_duration{expected_response:true}": {
            "med": 7.517016,
            "max": 71.30981,
            "p(90)": 11.284180399999999,
            "p(95)": 12.746437799999999,
            "avg": 7.909176189954055,
            "min": 0.955964
        },
        "iterations": {
            "count": 1486199,
            "rate": 24767.618387384566
        },
        "http_req_duration": {
            "p(95)": 12.746437799999999,
            "avg": 7.909176189954055,
            "min": 0.955964,
            "med": 7.517016,
            "max": 71.30981,
            "p(90)": 11.284180399999999
        },
        "http_req_failed": {
            "fails": 1486199,
            "passes": 0,
            "value": 0
        },
        "http_req_receiving": {
            "avg": 0.41270094504707117,
            "min": 0.020335,
            "med": 0.055454,
            "max": 24.301942,
            "p(90)": 1.2333699999999996,
            "p(95)": 2.0347539999999986
        },
        "http_req_connecting": {
            "avg": 0.000051609650524593286,
            "min": 0,
            "med": 0,
            "max": 3.140553,
            "p(90)": 0,
            "p(95)": 0
        },
        "data_sent": {
            "count": 124840716,
            "rate": 2080479.9445403037
        },
        "vus_max": {
            "value": 200,
            "min": 200,
            "max": 200
        },
        "http_req_waiting": {
            "max": 70.123031,
            "p(90)": 10.685867199999999,
            "p(95)": 11.993981199999995,
            "avg": 7.463429526031281,
            "min": 0.832586,
            "med": 7.121361
        },
        "vus": {
            "value": 200,
            "min": 200,
            "max": 200
        }
    },
    "root_group": {
        "name": "",
        "path": "",
        "id": "d41d8cd98f00b204e9800998ecf8427e",
        "groups": {},
        "checks": {}
    }
}