{
    "root_group": {
        "name": "",
        "path": "",
        "id": "d41d8cd98f00b204e9800998ecf8427e",
        "groups": {},
        "checks": {}
    },
    "metrics": {
        "http_req_duration": {
            "avg": 93.45946408004497,
            "min": 0.477323,
            "med": 96.395972,
            "max": 395.324484,
            "p(90)": 172.7365877,
            "p(95)": 191.06784935
        },
        "http_req_waiting": {
            "avg": 87.70232067785591,
            "min": 0.424347,
            "med": 93.50652,
            "max": 387.203696,
            "p(90)": 120.8575019,
            "p(95)": 187.88512880000002
        },
        "data_received": {
            "count": 18484992,
            "rate": 307627.7858467604
        },
        "http_req_duration{expected_response:true}": {
            "avg": 93.45946408004497,
            "min": 0.477323,
            "med": 96.395972,
            "max": 395.324484,
            "p(90)": 172.7365877,
            "p(95)": 191.06784935
        },
        "iterations": {
            "count": 128368,
            "rate": 2136.3040683802806
        },
        "vus": {
            "value": 200,
            "min": 200,
            "max": 200
        },
        "http_req_receiving": {
            "avg": 5.731109490542806,
            "min": 0.013004,
            "med": 1.0265724999999999,
            "max": 279.883255,
            "p(90)": 5.215073700000003,
            "p(95)": 61.192818499999966
        },
        "data_sent": {
            "count": 10782912,
            "rate": 179449.54174394356
        },
        "http_req_connecting": {
            "p(95)": 0,
            "avg": 0.0005047757774523247,
            "min": 0,
            "med": 0,
            "max": 3.876333,
            "p(90)": 0
        },
        "http_req_tls_handshaking": {
            "med": 0,
            "max": 0,
            "p(90)": 0,
            "p(95)": 0,
            "avg": 0,
            "min": 0
        },
        "http_req_blocked": {
            "avg": 0.007302334460301551,
            "min": 0.001084,
            "med": 0.004178,
            "max": 14.582484,
            "p(90)": 0.007456,
            "p(95)": 0.009502
        },
        "http_reqs": {
            "count": 128368,
            "rate": 2136.3040683802806
        },
        "http_req_sending": {
            "min": 0.003598,
            "med": 0.012522,
            "max": 12.409311,
            "p(90)": 0.024398,
            "p(95)": 0.040223549999999955,
            "avg": 0.02603391164464679
        },
        "vus_max": {
            "value": 200,
            "min": 200,
            "max": 200
        },
        "http_req_failed": {
            "passes": 0,
            "fails": 128368,
            "value": 0
        },
        "iteration_duration": {
            "p(95)": 191.20461304999995,
            "avg": 93.57412721495253,
            "min": 0.526274,
            "med": 96.51228800000001,
            "max": 395.415319,
            "p(90)": 172.86744620000002
        }
    }
}