{
    "metrics": {
        "data_received": {
            "count": 305147052,
            "rate": 5072616.3642672105
        },
        "http_req_receiving": {
            "avg": 0.22538040762346273,
            "min": 0.002,
            "med": 0.126,
            "max": 20.863,
            "p(90)": 0.547,
            "p(95)": 0.78
        },
        "iteration_duration": {
            "p(95)": 7.972167,
            "avg": 7.4388058057865925,
            "min": 0.253417,
            "med": 3.215583,
            "max": 1406.4005,
            "p(90)": 6.429241800000002
        },
        "iterations": {
            "count": 1614873,
            "rate": 26844.864311562425
        },
        "http_req_sending": {
            "p(90)": 0.005,
            "p(95)": 0.006,
            "avg": 0.003061374485849781,
            "min": 0,
            "med": 0.002,
            "max": 3.096
        },
        "http_req_duration": {
            "avg": 7.41746941462267,
            "min": 0.244,
            "med": 3.197,
            "max": 1406.398,
            "p(90)": 6.408,
            "p(95)": 7.949
        },
        "http_req_failed": {
            "passes": 0,
            "fails": 1614873,
            "value": 0
        },
        "vus_max": {
            "min": 200,
            "max": 200,
            "value": 200
        },
        "http_req_blocked": {
            "p(90)": 0.001,
            "p(95)": 0.002,
            "avg": 0.0032303815843099525,
            "min": 0,
            "med": 0.001,
            "max": 93.38
        },
        "http_req_connecting": {
            "min": 0,
            "med": 0,
            "max": 93.223,
            "p(90)": 0,
            "p(95)": 0,
            "avg": 0.0024411925891385886
        },
        "http_req_tls_handshaking": {
            "max": 0,
            "p(90)": 0,
            "p(95)": 0,
            "avg": 0,
            "min": 0,
            "med": 0
        },
        "data_sent": {
            "count": 925322229,
            "rate": 15382107.25052527
        },
        "http_req_waiting": {
            "avg": 7.18902763251351,
            "min": 0.204,
            "med": 2.973,
            "max": 1406.277,
            "p(90)": 6.078,
            "p(95)": 7.579
        },
        "vus": {
            "value": 200,
            "min": 200,
            "max": 200
        },
        "http_req_duration{expected_response:true}": {
            "med": 3.197,
            "max": 1406.398,
            "p(90)": 6.408,
            "p(95)": 7.949,
            "avg": 7.41746941462267,
            "min": 0.244
        },
        "http_reqs": {
            "count": 1614873,
            "rate": 26844.864311562425
        }
    },
    "root_group": {
        "name": "",
        "path": "",
        "id": "d41d8cd98f00b204e9800998ecf8427e",
        "groups": {},
        "checks": {}
    }
}