{
    "root_group": {
        "groups": {},
        "checks": {},
        "name": "",
        "path": "",
        "id": "d41d8cd98f00b204e9800998ecf8427e"
    },
    "metrics": {
        "http_req_duration": {
            "med": 8.391295,
            "max": 73.584551,
            "p(90)": 12.4213961,
            "p(95)": 13.894164000000002,
            "avg": 8.776801362385367,
            "min": 1.31007
        },
        "vus": {
            "min": 200,
            "max": 200,
            "value": 200
        },
        "http_req_connecting": {
            "med": 0,
            "max": 7.052851,
            "p(90)": 0,
            "p(95)": 0,
            "avg": 0.00042317098809737427,
            "min": 0
        },
        "http_req_sending": {
            "min": 0.009358,
            "med": 0.017599,
            "max": 18.053873,
            "p(90)": 0.020636,
            "p(95)": 0.028187050000000047,
            "avg": 0.034825451138674475
        },
        "http_req_receiving": {
            "med": 0.055769,
            "max": 20.096136,
            "p(90)": 1.2109786000000007,
            "p(95)": 2.0563187000000007,
            "avg": 0.4063670978721836,
            "min": 0.021457
        },
        "vus_max": {
            "value": 200,
            "min": 200,
            "max": 200
        },
        "data_received": {
            "count": 252900590,
            "rate": 4214610.180815632
        },
        "iteration_duration": {
            "avg": 8.939059225462623,
            "min": 1.409484,
            "med": 8.534584500000001,
            "max": 73.698112,
            "p(90)": 12.629339600000003,
            "p(95)": 14.150745650000001
        },
        "http_reqs": {
            "rate": 22289.886350381883,
            "count": 1337520
        },
        "http_req_failed": {
            "passes": 0,
            "fails": 1337520,
            "value": 0
        },
        "http_req_blocked": {
            "avg": 0.007975028824990323,
            "min": 0.002944,
            "med": 0.005712,
            "max": 12.970986,
            "p(90)": 0.006747,
            "p(95)": 0.008172
        },
        "http_req_waiting": {
            "med": 7.9941755,
            "max": 65.037492,
            "p(90)": 11.829240800000001,
            "p(95)": 13.172052500000001,
            "avg": 8.335608813374552,
            "min": 0.956827
        },
        "http_req_tls_handshaking": {
            "min": 0,
            "med": 0,
            "max": 0,
            "p(90)": 0,
            "p(95)": 0,
            "avg": 0
        },
        "http_req_duration{expected_response:true}": {
            "min": 1.31007,
            "med": 8.391295,
            "max": 73.584551,
            "p(90)": 12.4213961,
            "p(95)": 13.894164000000002,
            "avg": 8.776801362385367
        },
        "data_sent": {
            "count": 766398960,
            "rate": 12772104.878768818
        },
        "iterations": {
            "count": 1337520,
            "rate": 22289.886350381883
        }
    }
}