{
    "root_group": {
        "path": "",
        "id": "d41d8cd98f00b204e9800998ecf8427e",
        "groups": {},
        "checks": {},
        "name": ""
    },
    "metrics": {
        "http_reqs": {
            "rate": 1336.578942807975,
            "count": 80316
        },
        "http_req_duration": {
            "min": 0.789928,
            "med": 116.48746299999999,
            "max": 1284.030976,
            "p(90)": 208.7486655,
            "p(95)": 290.47080725,
            "avg": 149.29069730993962
        },
        "http_req_duration{expected_response:true}": {
            "med": 116.48746299999999,
            "max": 1284.030976,
            "p(90)": 208.7486655,
            "p(95)": 290.47080725,
            "avg": 149.29069730993962,
            "min": 0.789928
        },
        "iterations": {
            "rate": 1336.578942807975,
            "count": 80316
        },
        "http_req_blocked": {
            "p(95)": 0.01233,
            "avg": 0.009707067794710826,
            "min": 0.001279,
            "med": 0.004529,
            "max": 6.453286,
            "p(90)": 0.008255
        },
        "http_req_waiting": {
            "max": 1208.138463,
            "p(90)": 205.4417345,
            "p(95)": 285.94402525,
            "avg": 141.47532632067038,
            "min": 0.709935,
            "med": 112.72778199999999
        },
        "http_req_receiving": {
            "med": 1.1546125,
            "max": 294.870415,
            "p(90)": 8.4167105,
            "p(95)": 75.56873775,
            "avg": 7.792830345472956,
            "min": 0.016394
        },
        "vus_max": {
            "value": 200,
            "min": 200,
            "max": 200
        },
        "iteration_duration": {
            "avg": 149.44583902074433,
            "min": 0.909104,
            "med": 116.622488,
            "max": 1286.769437,
            "p(90)": 208.9210365,
            "p(95)": 290.6784885
        },
        "http_req_connecting": {
            "med": 0,
            "max": 3.176294,
            "p(90)": 0,
            "p(95)": 0,
            "avg": 0.002762213120673341,
            "min": 0
        },
        "http_req_sending": {
            "med": 0.0151875,
            "max": 5.978378,
            "p(90)": 0.029042,
            "p(95)": 0.039692,
            "avg": 0.022540643794511556,
            "min": 0.004414
        },
        "data_sent": {
            "count": 43772220,
            "rate": 728435.5238303463
        },
        "vus": {
            "value": 200,
            "min": 200,
            "max": 200
        },
        "http_req_failed": {
            "passes": 0,
            "fails": 80316,
            "value": 0
        },
        "http_req_tls_handshaking": {
            "max": 0,
            "p(90)": 0,
            "p(95)": 0,
            "avg": 0,
            "min": 0,
            "med": 0
        },
        "data_received": {
            "count": 11565504,
            "rate": 192467.36776434837
        }
    }
}