{
    "metrics": {
        "iterations": {
            "count": 1057939,
            "rate": 17630.25019330706
        },
        "iteration_duration": {
            "max": 65.66787,
            "p(90)": 16.7204232,
            "p(95)": 18.7639361,
            "avg": 11.30305423301641,
            "min": 1.504412,
            "med": 10.828204
        },
        "http_req_duration{expected_response:true}": {
            "avg": 11.120201066402085,
            "min": 1.367007,
            "med": 10.650473,
            "max": 64.963475,
            "p(90)": 16.529532,
            "p(95)": 18.5647071
        },
        "vus": {
            "value": 200,
            "min": 200,
            "max": 200
        },
        "vus_max": {
            "value": 200,
            "min": 200,
            "max": 200
        },
        "http_req_blocked": {
            "avg": 0.008224577059735836,
            "min": 0.003147,
            "med": 0.006282,
            "max": 23.149259,
            "p(90)": 0.009477,
            "p(95)": 0.011605
        },
        "http_req_waiting": {
            "avg": 10.787897584595644,
            "min": 1.089527,
            "med": 10.33341,
            "max": 64.076561,
            "p(90)": 16.106451000000003,
            "p(95)": 18.100927199999994
        },
        "http_req_failed": {
            "passes": 0,
            "fails": 1057939,
            "value": 0
        },
        "http_req_duration": {
            "avg": 11.120201066402085,
            "min": 1.367007,
            "med": 10.650473,
            "max": 64.963475,
            "p(90)": 16.529532,
            "p(95)": 18.5647071
        },
        "data_sent": {
            "count": 305744371,
            "rate": 5095142.30586574
        },
        "http_req_tls_handshaking": {
            "p(90)": 0,
            "p(95)": 0,
            "avg": 0,
            "min": 0,
            "med": 0,
            "max": 0
        },
        "http_reqs": {
            "count": 1057939,
            "rate": 17630.25019330706
        },
        "http_req_connecting": {
            "p(90)": 0,
            "p(95)": 0,
            "avg": 0.00007493237795373838,
            "min": 0,
            "med": 0,
            "max": 3.971967
        },
        "http_req_sending": {
            "avg": 0.028853551120622694,
            "min": 0.010234,
            "med": 0.020813,
            "max": 21.701883,
            "p(90)": 0.032507,
            "p(95)": 0.038388
        },
        "http_req_receiving": {
            "p(95)": 1.6195464999999991,
            "avg": 0.30344993068504555,
            "min": 0.022008,
            "med": 0.067083,
            "max": 24.985982,
            "p(90)": 0.8006564000000002
        },
        "data_received": {
            "rate": 2538756.0278362166,
            "count": 152343216
        }
    },
    "root_group": {
        "name": "",
        "path": "",
        "id": "d41d8cd98f00b204e9800998ecf8427e",
        "groups": {},
        "checks": {}
    }
}