{
    "metrics": {
        "http_req_tls_handshaking": {
            "avg": 0,
            "min": 0,
            "med": 0,
            "max": 0,
            "p(90)": 0,
            "p(95)": 0
        },
        "iterations": {
            "count": 1664475,
            "rate": 27738.975268107035
        },
        "http_req_connecting": {
            "avg": 0.00004293295423481878,
            "min": 0,
            "med": 0,
            "max": 4.986001,
            "p(90)": 0,
            "p(95)": 0
        },
        "vus_max": {
            "value": 200,
            "min": 200,
            "max": 200
        },
        "http_req_sending": {
            "p(95)": 0.023349,
            "avg": 0.021937996837440542,
            "min": 0.009024,
            "med": 0.016458,
            "max": 21.563719,
            "p(90)": 0.019311
        },
        "data_sent": {
            "count": 481033275,
            "rate": 8016563.852482934
        },
        "data_received": {
            "count": 239684400,
            "rate": 3994412.4386074133
        },
        "http_req_blocked": {
            "min": 0.003048,
            "med": 0.005586,
            "max": 18.53077,
            "p(90)": 0.006507,
            "p(95)": 0.008222,
            "avg": 0.006774225466889446
        },
        "http_req_waiting": {
            "avg": 6.789729765368526,
            "min": 0.908858,
            "med": 6.477706,
            "max": 37.151662,
            "p(90)": 10.0625126,
            "p(95)": 11.306272599999993
        },
        "http_req_failed": {
            "passes": 0,
            "fails": 1664475,
            "value": 0
        },
        "vus": {
            "value": 200,
            "min": 200,
            "max": 200
        },
        "http_req_duration{expected_response:true}": {
            "p(90)": 10.374759800000001,
            "p(95)": 11.651375099999997,
            "avg": 7.0451179756338815,
            "min": 0.959154,
            "med": 6.721974,
            "max": 37.32348
        },
        "http_reqs": {
            "rate": 27738.975268107035,
            "count": 1664475
        },
        "iteration_duration": {
            "p(90)": 10.518191400000001,
            "p(95)": 11.801185299999998,
            "avg": 7.181319116114523,
            "min": 1.066826,
            "med": 6.853639,
            "max": 39.942197
        },
        "http_req_duration": {
            "avg": 7.0451179756338815,
            "min": 0.959154,
            "med": 6.721974,
            "max": 37.32348,
            "p(90)": 10.374759800000001,
            "p(95)": 11.651375099999997
        },
        "http_req_receiving": {
            "p(95)": 1.310437499999999,
            "avg": 0.23345021342768332,
            "min": 0.018614,
            "med": 0.047755,
            "max": 20.700486,
            "p(90)": 0.6585346000000001
        }
    },
    "root_group": {
        "id": "d41d8cd98f00b204e9800998ecf8427e",
        "groups": {},
        "checks": {},
        "name": "",
        "path": ""
    }
}