{
    "root_group": {
        "path": "",
        "id": "d41d8cd98f00b204e9800998ecf8427e",
        "groups": {},
        "checks": {},
        "name": ""
    },
    "metrics": {
        "http_reqs": {
            "count": 1754582,
            "rate": 29240.735417975706
        },
        "http_req_duration{expected_response:true}": {
            "avg": 6.668998101676624,
            "min": 0.813297,
            "med": 6.34429,
            "max": 40.775271,
            "p(90)": 9.836058600000001,
            "p(95)": 11.074240649999998
        },
        "data_received": {
            "count": 252659808,
            "rate": 4210665.900188501
        },
        "iterations": {
            "count": 1754582,
            "rate": 29240.735417975706
        },
        "http_req_waiting": {
            "max": 36.26945,
            "p(90)": 9.5395169,
            "p(95)": 10.7520405,
            "avg": 6.424463517342811,
            "min": 0.70703,
            "med": 6.1104785
        },
        "iteration_duration": {
            "p(95)": 11.23140435,
            "avg": 6.8092280887133825,
            "min": 0.946291,
            "med": 6.4792950000000005,
            "max": 40.984537,
            "p(90)": 9.985445799999999
        },
        "vus": {
            "value": 200,
            "min": 200,
            "max": 200
        },
        "http_req_connecting": {
            "p(95)": 0,
            "avg": 0.000029583955608800276,
            "min": 0,
            "med": 0,
            "max": 1.590037,
            "p(90)": 0
        },
        "http_req_blocked": {
            "avg": 0.006826192208743299,
            "min": 0.002893,
            "med": 0.005583,
            "max": 19.929056,
            "p(90)": 0.006505,
            "p(95)": 0.008171
        },
        "http_req_receiving": {
            "med": 0.047076,
            "max": 22.836584,
            "p(90)": 0.5763959000000002,
            "p(95)": 1.2754016499999996,
            "avg": 0.22288125917339824,
            "min": 0.01868
        },
        "http_req_tls_handshaking": {
            "avg": 0,
            "min": 0,
            "med": 0,
            "max": 0,
            "p(90)": 0,
            "p(95)": 0
        },
        "data_sent": {
            "count": 507074198,
            "rate": 8450572.535794979
        },
        "vus_max": {
            "min": 200,
            "max": 200,
            "value": 200
        },
        "http_req_duration": {
            "min": 0.813297,
            "med": 6.34429,
            "max": 40.775271,
            "p(90)": 9.836058600000001,
            "p(95)": 11.074240649999998,
            "avg": 6.668998101676624
        },
        "http_req_sending": {
            "p(90)": 0.019233,
            "p(95)": 0.023269,
            "avg": 0.021653325160635856,
            "min": 0.008816,
            "med": 0.016379,
            "max": 22.177937
        },
        "http_req_failed": {
            "passes": 0,
            "fails": 1754582,
            "value": 0
        }
    }
}