{
    "metrics": {
        "http_req_duration": {
            "med": 17.441356,
            "max": 73.117509,
            "p(90)": 25.156676800000003,
            "p(95)": 27.632733150000004,
            "avg": 17.756099428412753,
            "min": 2.107728
        },
        "http_req_connecting": {
            "avg": 0.00035608154368726286,
            "min": 0,
            "med": 0,
            "max": 4.498831,
            "p(90)": 0,
            "p(95)": 0
        },
        "http_reqs": {
            "rate": 11166.117015026815,
            "count": 670058
        },
        "http_req_duration{expected_response:true}": {
            "p(95)": 27.632733150000004,
            "avg": 17.756099428412753,
            "min": 2.107728,
            "med": 17.441356,
            "max": 73.117509,
            "p(90)": 25.156676800000003
        },
        "data_sent": {
            "count": 193646762,
            "rate": 3227007.81734275
        },
        "data_received": {
            "count": 96488352,
            "rate": 1607920.8501638616
        },
        "iterations": {
            "count": 670058,
            "rate": 11166.117015026815
        },
        "http_req_failed": {
            "passes": 0,
            "fails": 670058,
            "value": 0
        },
        "http_req_tls_handshaking": {
            "med": 0,
            "max": 0,
            "p(90)": 0,
            "p(95)": 0,
            "avg": 0,
            "min": 0
        },
        "http_req_sending": {
            "min": 0.008873,
            "med": 0.016285,
            "max": 25.022796,
            "p(90)": 0.019616,
            "p(95)": 0.025605150000000024,
            "avg": 0.021174676328018484
        },
        "http_req_waiting": {
            "med": 17.169643999999998,
            "max": 72.981626,
            "p(90)": 24.817884799999998,
            "p(95)": 27.27632635,
            "avg": 17.466564277773625,
            "min": 2.036951
        },
        "vus": {
            "value": 200,
            "min": 200,
            "max": 200
        },
        "http_req_blocked": {
            "min": 0.002872,
            "med": 0.005397,
            "max": 22.020887,
            "p(90)": 0.006257,
            "p(95)": 0.007952,
            "avg": 0.006802929441929565
        },
        "vus_max": {
            "min": 200,
            "max": 200,
            "value": 200
        },
        "http_req_receiving": {
            "avg": 0.2683604743111741,
            "min": 0.018791,
            "med": 0.054004,
            "max": 24.46574,
            "p(90)": 0.7001661000000003,
            "p(95)": 1.0767156500000008
        },
        "iteration_duration": {
            "p(95)": 27.77331935000001,
            "avg": 17.88486042188612,
            "min": 2.22272,
            "med": 17.567232,
            "max": 81.405822,
            "p(90)": 25.2885231
        }
    },
    "root_group": {
        "path": "",
        "id": "d41d8cd98f00b204e9800998ecf8427e",
        "groups": {},
        "checks": {},
        "name": ""
    }
}