{
    "metrics": {
        "http_req_sending": {
            "avg": 0.022998104629484185,
            "min": 0.009194,
            "med": 0.017352,
            "max": 22.787587,
            "p(90)": 0.020359,
            "p(95)": 0.025324
        },
        "http_req_waiting": {
            "p(95)": 15.987947049999995,
            "avg": 9.686351090092764,
            "min": 1.108099,
            "med": 9.307423499999999,
            "max": 65.446079,
            "p(90)": 14.305131600000001
        },
        "http_req_failed": {
            "passes": 0,
            "fails": 1184408,
            "value": 0
        },
        "iterations": {
            "count": 1184408,
            "rate": 19738.261059593613
        },
        "vus_max": {
            "value": 200,
            "min": 200,
            "max": 200
        },
        "data_sent": {
            "count": 342293912,
            "rate": 5704357.446222554
        },
        "http_req_blocked": {
            "p(90)": 0.00653,
            "p(95)": 0.008261,
            "avg": 0.00674096401155746,
            "min": 0.002926,
            "med": 0.005562,
            "max": 19.028489
        },
        "http_req_duration": {
            "min": 1.15702,
            "med": 9.573965999999999,
            "max": 65.571045,
            "p(90)": 14.649634200000003,
            "p(95)": 16.357983599999997,
            "avg": 9.966090358343731
        },
        "http_req_duration{expected_response:true}": {
            "med": 9.573965999999999,
            "max": 65.571045,
            "p(90)": 14.649634200000003,
            "p(95)": 16.357983599999997,
            "avg": 9.966090358343731,
            "min": 1.15702
        },
        "iteration_duration": {
            "avg": 10.104071076015112,
            "min": 1.252473,
            "med": 9.70851,
            "max": 68.393626,
            "p(90)": 14.7915752,
            "p(95)": 16.506323499999997
        },
        "data_received": {
            "count": 170554752,
            "rate": 2842309.5925814803
        },
        "http_req_connecting": {
            "min": 0,
            "med": 0,
            "max": 2.606616,
            "p(90)": 0,
            "p(95)": 0,
            "avg": 0.00006294339957176917
        },
        "http_reqs": {
            "count": 1184408,
            "rate": 19738.261059593613
        },
        "http_req_tls_handshaking": {
            "avg": 0,
            "min": 0,
            "med": 0,
            "max": 0,
            "p(90)": 0,
            "p(95)": 0
        },
        "http_req_receiving": {
            "med": 0.052763,
            "max": 25.673016,
            "p(90)": 0.7297203000000001,
            "p(95)": 1.2776088999999995,
            "avg": 0.2567411636218418,
            "min": 0.020354
        },
        "vus": {
            "min": 200,
            "max": 200,
            "value": 200
        }
    },
    "root_group": {
        "name": "",
        "path": "",
        "id": "d41d8cd98f00b204e9800998ecf8427e",
        "groups": {},
        "checks": {}
    }
}