{
    "root_group": {
        "groups": {},
        "checks": {},
        "name": "",
        "path": "",
        "id": "d41d8cd98f00b204e9800998ecf8427e"
    },
    "metrics": {
        "http_req_receiving": {
            "min": 0.018911,
            "med": 0.047359,
            "max": 21.783111,
            "p(90)": 0.60027,
            "p(95)": 1.2646216999999995,
            "avg": 0.2253416129366899
        },
        "http_reqs": {
            "rate": 26865.25602377527,
            "count": 1612067
        },
        "http_req_duration": {
            "med": 6.932037,
            "max": 37.240976,
            "p(90)": 10.7295852,
            "p(95)": 12.054636099999998,
            "avg": 7.276023631449499,
            "min": 1.012194
        },
        "http_req_duration{expected_response:true}": {
            "avg": 7.276023631449499,
            "min": 1.012194,
            "med": 6.932037,
            "max": 37.240976,
            "p(90)": 10.7295852,
            "p(95)": 12.054636099999998
        },
        "http_req_tls_handshaking": {
            "avg": 0,
            "min": 0,
            "med": 0,
            "max": 0,
            "p(90)": 0,
            "p(95)": 0
        },
        "vus_max": {
            "value": 200,
            "min": 200,
            "max": 200
        },
        "data_sent": {
            "count": 465887363,
            "rate": 7764058.990871053
        },
        "iteration_duration": {
            "p(95)": 12.2097407,
            "avg": 7.414449284563273,
            "min": 1.109736,
            "med": 7.065565,
            "max": 39.645703,
            "p(90)": 10.876960600000004
        },
        "http_req_sending": {
            "min": 0.00842,
            "med": 0.016353,
            "max": 20.795002,
            "p(90)": 0.019295,
            "p(95)": 0.023515,
            "avg": 0.022078808509200052
        },
        "iterations": {
            "count": 1612067,
            "rate": 26865.25602377527
        },
        "vus": {
            "value": 200,
            "min": 200,
            "max": 200
        },
        "http_req_blocked": {
            "avg": 0.006778774684923858,
            "min": 0.002906,
            "med": 0.005506,
            "max": 20.118936,
            "p(90)": 0.006468,
            "p(95)": 0.008162699999999953
        },
        "http_req_failed": {
            "passes": 0,
            "fails": 1612067,
            "value": 0
        },
        "http_req_connecting": {
            "med": 0,
            "max": 2.13265,
            "p(90)": 0,
            "p(95)": 0,
            "avg": 0.000046037903511454563,
            "min": 0
        },
        "data_received": {
            "count": 232137648,
            "rate": 3868596.867423639
        },
        "http_req_waiting": {
            "max": 36.676105,
            "p(90)": 10.426331600000001,
            "p(95)": 11.727220099999998,
            "avg": 7.028603210003748,
            "min": 0.868849,
            "med": 6.696803
        }
    }
}