{
    "root_group": {
        "id": "d41d8cd98f00b204e9800998ecf8427e",
        "groups": {},
        "checks": {},
        "name": "",
        "path": ""
    },
    "metrics": {
        "http_reqs": {
            "count": 659921,
            "rate": 10996.684083932625
        },
        "http_req_duration{expected_response:true}": {
            "avg": 18.028130183352303,
            "min": 2.119321,
            "med": 17.606106,
            "max": 64.132764,
            "p(90)": 25.766421,
            "p(95)": 28.464505
        },
        "iteration_duration": {
            "avg": 18.16150358285124,
            "min": 2.228374,
            "med": 17.73901,
            "max": 64.28676,
            "p(90)": 25.90502,
            "p(95)": 28.610873
        },
        "vus": {
            "value": 200,
            "min": 200,
            "max": 200
        },
        "data_sent": {
            "count": 190717169,
            "rate": 3178041.700256529
        },
        "http_req_blocked": {
            "avg": 0.0067864967761296574,
            "min": 0.002932,
            "med": 0.005629,
            "max": 8.12255,
            "p(90)": 0.006511,
            "p(95)": 0.008435
        },
        "http_req_receiving": {
            "max": 23.877677,
            "p(90)": 0.736737,
            "p(95)": 1.118915,
            "avg": 0.2834863961807597,
            "min": 0.01969,
            "med": 0.059017
        },
        "vus_max": {
            "max": 200,
            "value": 200,
            "min": 200
        },
        "http_req_connecting": {
            "avg": 0.00007301929927976223,
            "min": 0,
            "med": 0,
            "max": 1.056318,
            "p(90)": 0,
            "p(95)": 0
        },
        "iterations": {
            "count": 659921,
            "rate": 10996.684083932625
        },
        "http_req_duration": {
            "avg": 18.028130183352303,
            "min": 2.119321,
            "med": 17.606106,
            "max": 64.132764,
            "p(90)": 25.766421,
            "p(95)": 28.464505
        },
        "http_req_tls_handshaking": {
            "avg": 0,
            "min": 0,
            "med": 0,
            "max": 0,
            "p(90)": 0,
            "p(95)": 0
        },
        "http_req_sending": {
            "avg": 0.021974997029947912,
            "min": 0.008854,
            "med": 0.016809,
            "max": 17.406795,
            "p(90)": 0.020395,
            "p(95)": 0.027751
        },
        "http_req_failed": {
            "passes": 0,
            "fails": 659921,
            "value": 0
        },
        "http_req_waiting": {
            "avg": 17.722668790141416,
            "min": 2.060216,
            "med": 17.319067,
            "max": 63.130415,
            "p(90)": 25.404933,
            "p(95)": 28.072657
        },
        "data_received": {
            "count": 95028624,
            "rate": 1583522.5080862981
        }
    }
}