{
    "metrics": {
        "vus_max": {
            "value": 200,
            "min": 200,
            "max": 200
        },
        "http_req_receiving": {
            "max": 25.36883,
            "p(90)": 0.471309,
            "p(95)": 1.224770849999995,
            "avg": 0.2125964050122274,
            "min": 0.017862,
            "med": 0.045954
        },
        "http_req_duration{expected_response:true}": {
            "med": 5.4116275,
            "max": 67.84287,
            "p(90)": 8.7963591,
            "p(95)": 10.053901849999995,
            "avg": 5.763805357107671,
            "min": 0.72827
        },
        "http_req_connecting": {
            "avg": 0.00004012805065670685,
            "min": 0,
            "med": 0,
            "max": 2.416406,
            "p(90)": 0,
            "p(95)": 0
        },
        "vus": {
            "value": 200,
            "min": 200,
            "max": 200
        },
        "data_received": {
            "count": 291088800,
            "rate": 4851016.1580433585
        },
        "iteration_duration": {
            "avg": 5.904829602007527,
            "min": 0.829358,
            "med": 5.5456685,
            "max": 68.41302,
            "p(90)": 8.948468000000002,
            "p(95)": 10.216367
        },
        "http_req_failed": {
            "passes": 0,
            "fails": 2021450,
            "value": 0
        },
        "http_req_duration": {
            "avg": 5.763805357107671,
            "min": 0.72827,
            "med": 5.4116275,
            "max": 67.84287,
            "p(90)": 8.7963591,
            "p(95)": 10.053901849999995
        },
        "http_req_sending": {
            "p(90)": 0.019094,
            "p(95)": 0.02271,
            "avg": 0.022297064973657545,
            "min": 0.008329,
            "med": 0.016074,
            "max": 22.419246
        },
        "data_sent": {
            "count": 497276700,
            "rate": 8287152.6033240715
        },
        "http_req_waiting": {
            "avg": 5.528911887122128,
            "min": 0.635157,
            "med": 5.1888065,
            "max": 67.397966,
            "p(90)": 8.500477,
            "p(95)": 9.72768265
        },
        "http_reqs": {
            "count": 2021450,
            "rate": 33687.61220863443
        },
        "http_req_blocked": {
            "avg": 0.006942718658883899,
            "min": 0.002896,
            "med": 0.005489,
            "max": 23.132153,
            "p(90)": 0.006477,
            "p(95)": 0.008083
        },
        "http_req_tls_handshaking": {
            "p(95)": 0,
            "avg": 0,
            "min": 0,
            "med": 0,
            "max": 0,
            "p(90)": 0
        },
        "iterations": {
            "count": 2021450,
            "rate": 33687.61220863443
        }
    },
    "root_group": {
        "checks": {},
        "name": "",
        "path": "",
        "id": "d41d8cd98f00b204e9800998ecf8427e",
        "groups": {}
    }
}