{
    "root_group": {
        "groups": {},
        "checks": {},
        "name": "",
        "path": "",
        "id": "d41d8cd98f00b204e9800998ecf8427e"
    },
    "metrics": {
        "http_req_waiting": {
            "p(90)": 8.190879300000004,
            "p(95)": 9.270906649999997,
            "avg": 5.484969541763834,
            "min": 0.584615,
            "med": 5.1918215,
            "max": 63.260696
        },
        "http_req_tls_handshaking": {
            "med": 0,
            "max": 0,
            "p(90)": 0,
            "p(95)": 0,
            "avg": 0,
            "min": 0
        },
        "http_req_failed": {
            "passes": 0,
            "fails": 2035580,
            "value": 0
        },
        "data_received": {
            "count": 293123520,
            "rate": 4885098.338175518
        },
        "iterations": {
            "count": 2035580,
            "rate": 33924.294015107764
        },
        "iteration_duration": {
            "p(90)": 8.630813400000001,
            "p(95)": 9.746019949999997,
            "avg": 5.864373661858712,
            "min": 0.860898,
            "med": 5.553079,
            "max": 64.324899
        },
        "data_sent": {
            "count": 500752680,
            "rate": 8345376.327716511
        },
        "http_req_sending": {
            "min": 0.007682,
            "med": 0.016257,
            "max": 24.307566,
            "p(90)": 0.019121,
            "p(95)": 0.022745,
            "avg": 0.022081669402331767
        },
        "vus": {
            "value": 200,
            "min": 200,
            "max": 200
        },
        "http_req_duration": {
            "med": 5.4212795,
            "max": 63.370771,
            "p(90)": 8.485187000000002,
            "p(95)": 9.590728099999994,
            "avg": 5.7259456992782685,
            "min": 0.784404
        },
        "http_req_receiving": {
            "avg": 0.21889448811149742,
            "min": 0.018305,
            "med": 0.046686,
            "max": 28.191964,
            "p(90)": 0.5472033000000003,
            "p(95)": 1.2733319499999964
        },
        "http_req_blocked": {
            "avg": 0.006904653709999334,
            "min": 0.00287,
            "med": 0.005551,
            "max": 27.44641,
            "p(90)": 0.006467,
            "p(95)": 0.008114
        },
        "http_req_connecting": {
            "avg": 0.000057379792000314446,
            "min": 0,
            "med": 0,
            "max": 3.366453,
            "p(90)": 0,
            "p(95)": 0
        },
        "http_req_duration{expected_response:true}": {
            "p(90)": 8.485187000000002,
            "p(95)": 9.590728099999994,
            "avg": 5.7259456992782685,
            "min": 0.784404,
            "med": 5.4212795,
            "max": 63.370771
        },
        "http_reqs": {
            "count": 2035580,
            "rate": 33924.294015107764
        },
        "vus_max": {
            "value": 200,
            "min": 200,
            "max": 200
        }
    }
}