{
    "root_group": {
        "path": "",
        "id": "d41d8cd98f00b204e9800998ecf8427e",
        "groups": {},
        "checks": {},
        "name": ""
    },
    "metrics": {
        "http_req_sending": {
            "p(90)": 0.019348,
            "p(95)": 0.023902,
            "avg": 0.02294369922303625,
            "min": 0.008728,
            "med": 0.01653,
            "max": 24.986875
        },
        "http_req_failed": {
            "fails": 1851312,
            "passes": 0,
            "value": 0
        },
        "http_req_duration": {
            "avg": 6.302967722021159,
            "min": 0.827444,
            "med": 5.9729155,
            "max": 35.877471,
            "p(90)": 9.359173300000004,
            "p(95)": 10.566721849999999
        },
        "http_req_receiving": {
            "avg": 0.23717457685468288,
            "min": 0.018352,
            "med": 0.048211,
            "max": 22.080708,
            "p(90)": 0.6359346000000006,
            "p(95)": 1.3627787999999998
        },
        "iteration_duration": {
            "max": 39.031038,
            "p(90)": 9.510649100000002,
            "p(95)": 10.727187599999999,
            "avg": 6.445640033476696,
            "min": 0.940696,
            "med": 6.110977500000001
        },
        "http_reqs": {
            "count": 1851312,
            "rate": 30853.046313386443
        },
        "vus_max": {
            "value": 200,
            "min": 200,
            "max": 200
        },
        "http_req_duration{expected_response:true}": {
            "med": 5.9729155,
            "max": 35.877471,
            "p(90)": 9.359173300000004,
            "p(95)": 10.566721849999999,
            "avg": 6.302967722021159,
            "min": 0.827444
        },
        "http_req_tls_handshaking": {
            "avg": 0,
            "min": 0,
            "med": 0,
            "max": 0,
            "p(90)": 0,
            "p(95)": 0
        },
        "data_received": {
            "count": 266588928,
            "rate": 4442838.669127648
        },
        "vus": {
            "value": 200,
            "min": 200,
            "max": 200
        },
        "http_req_blocked": {
            "p(90)": 0.006628,
            "p(95)": 0.008412,
            "avg": 0.006958073739597196,
            "min": 0.002924,
            "med": 0.005687,
            "max": 19.325051
        },
        "iterations": {
            "count": 1851312,
            "rate": 30853.046313386443
        },
        "data_sent": {
            "count": 455422752,
            "rate": 7589849.393093064
        },
        "http_req_waiting": {
            "avg": 6.042849445942981,
            "min": 0.655533,
            "med": 5.7243395,
            "max": 33.01045,
            "p(90)": 9.0449784,
            "p(95)": 10.2168608
        },
        "http_req_connecting": {
            "p(95)": 0,
            "avg": 0.000030088013257624847,
            "min": 0,
            "med": 0,
            "max": 2.179591,
            "p(90)": 0
        }
    }
}