{
    "root_group": {
        "groups": {},
        "checks": {},
        "name": "",
        "path": "",
        "id": "d41d8cd98f00b204e9800998ecf8427e"
    },
    "metrics": {
        "http_req_tls_handshaking": {
            "p(90)": 0,
            "p(95)": 0,
            "avg": 0,
            "min": 0,
            "med": 0,
            "max": 0
        },
        "iteration_duration": {
            "min": 0.901187,
            "med": 5.568471,
            "max": 39.258511,
            "p(90)": 8.636486,
            "p(95)": 9.747973199999999,
            "avg": 5.875588519051393
        },
        "http_req_blocked": {
            "p(95)": 0.008195,
            "avg": 0.006781679003488866,
            "min": 0.002919,
            "med": 0.005567,
            "max": 19.631519,
            "p(90)": 0.006514
        },
        "http_req_waiting": {
            "min": 0.64082,
            "med": 5.196107,
            "max": 36.654291,
            "p(90)": 8.1836076,
            "p(95)": 9.252765799999999,
            "avg": 5.484754640934466
        },
        "data_received": {
            "count": 292447440,
            "rate": 4873805.89270041
        },
        "iterations": {
            "count": 2030885,
            "rate": 33845.874254863964
        },
        "http_req_duration": {
            "max": 38.776827,
            "p(90)": 8.488777,
            "p(95)": 9.590086399999999,
            "avg": 5.734981583344123,
            "min": 0.801495,
            "med": 5.434378
        },
        "http_req_duration{expected_response:true}": {
            "med": 5.434378,
            "max": 38.776827,
            "p(90)": 8.488777,
            "p(95)": 9.590086399999999,
            "avg": 5.734981583344123,
            "min": 0.801495
        },
        "vus_max": {
            "value": 200,
            "min": 200,
            "max": 200
        },
        "http_req_failed": {
            "passes": 0,
            "fails": 2030885,
            "value": 0
        },
        "data_sent": {
            "count": 499597710,
            "rate": 8326085.066696535
        },
        "http_req_receiving": {
            "min": 0.018136,
            "med": 0.047185,
            "max": 24.111024,
            "p(90)": 0.6231344000000009,
            "p(95)": 1.3204913999999977,
            "avg": 0.22818253430056168
        },
        "http_req_sending": {
            "p(90)": 0.019187,
            "p(95)": 0.022787,
            "avg": 0.022044408109764886,
            "min": 0.008677,
            "med": 0.01629,
            "max": 21.953282
        },
        "vus": {
            "max": 200,
            "value": 200,
            "min": 200
        },
        "http_reqs": {
            "count": 2030885,
            "rate": 33845.874254863964
        },
        "http_req_connecting": {
            "avg": 0.000023184210824345056,
            "min": 0,
            "med": 0,
            "max": 2.256247,
            "p(90)": 0,
            "p(95)": 0
        }
    }
}