{
    "root_group": {
        "id": "d41d8cd98f00b204e9800998ecf8427e",
        "groups": {},
        "checks": {},
        "name": "",
        "path": ""
    },
    "metrics": {
        "http_req_tls_handshaking": {
            "avg": 0,
            "min": 0,
            "med": 0,
            "max": 0,
            "p(90)": 0,
            "p(95)": 0
        },
        "http_req_duration": {
            "p(90)": 11.540681900000001,
            "p(95)": 12.973568100000001,
            "avg": 8.095840607797532,
            "min": 1.16639,
            "med": 7.7018615,
            "max": 58.035755
        },
        "http_req_duration{expected_response:true}": {
            "avg": 8.095840607797532,
            "min": 1.16639,
            "med": 7.7018615,
            "max": 58.035755,
            "p(90)": 11.540681900000001,
            "p(95)": 12.973568100000001
        },
        "http_req_receiving": {
            "avg": 0.40803164355773597,
            "min": 0.020878,
            "med": 0.055443,
            "max": 46.196692,
            "p(90)": 1.2201629000000018,
            "p(95)": 2.0322697500000007
        },
        "http_req_sending": {
            "avg": 0.03545719327999027,
            "min": 0.009022,
            "med": 0.01708,
            "max": 21.946026,
            "p(90)": 0.020303,
            "p(95)": 0.028414
        },
        "http_req_waiting": {
            "avg": 7.652351770960027,
            "min": 0.82468,
            "med": 7.304317,
            "max": 57.97205,
            "p(90)": 10.9515638,
            "p(95)": 12.258277350000002
        },
        "http_req_failed": {
            "passes": 0,
            "fails": 1447320,
            "value": 0
        },
        "iterations": {
            "rate": 24119.211658739492,
            "count": 1447320
        },
        "vus_max": {
            "value": 200,
            "min": 200,
            "max": 200
        },
        "data_sent": {
            "count": 396565680,
            "rate": 6608663.994494622
        },
        "http_req_blocked": {
            "p(90)": 0.006756,
            "p(95)": 0.008262,
            "avg": 0.0077923253765588415,
            "min": 0.003064,
            "med": 0.00569,
            "max": 14.542943
        },
        "http_req_connecting": {
            "max": 4.472105,
            "p(90)": 0,
            "p(95)": 0,
            "avg": 0.00005975882044053835,
            "min": 0,
            "med": 0
        },
        "vus": {
            "value": 200,
            "min": 200,
            "max": 200
        },
        "data_received": {
            "count": 273676008,
            "rate": 4560739.548179313
        },
        "iteration_duration": {
            "p(95)": 13.236499200000003,
            "avg": 8.257805154008246,
            "min": 1.321672,
            "med": 7.8445585,
            "max": 58.147718,
            "p(90)": 11.7487413
        },
        "http_reqs": {
            "rate": 24119.211658739492,
            "count": 1447320
        }
    }
}