{
    "metrics": {
        "http_req_tls_handshaking": {
            "avg": 0,
            "min": 0,
            "med": 0,
            "max": 0,
            "p(90)": 0,
            "p(95)": 0
        },
        "data_sent": {
            "rate": 4647066.882216338,
            "count": 278890950
        },
        "http_req_failed": {
            "passes": 0,
            "fails": 456450,
            "value": 0
        },
        "vus_max": {
            "value": 200,
            "min": 166,
            "max": 200
        },
        "iterations": {
            "count": 456450,
            "rate": 7605.674111647034
        },
        "http_reqs": {
            "rate": 7605.674111647034,
            "count": 456450
        },
        "http_req_duration{expected_response:true}": {
            "p(95)": 39.11394159999999,
            "avg": 26.135952013549975,
            "min": 2.956724,
            "med": 25.8318235,
            "max": 118.758749,
            "p(90)": 35.9436854
        },
        "http_req_connecting": {
            "min": 0,
            "med": 0,
            "max": 2.359825,
            "p(90)": 0,
            "p(95)": 0,
            "avg": 0.00010811817723737538
        },
        "http_req_blocked": {
            "p(90)": 0.006149,
            "p(95)": 0.010843549999999988,
            "avg": 0.00654664404425471,
            "min": 0.003009,
            "med": 0.005218,
            "max": 10.301812
        },
        "http_req_sending": {
            "avg": 0.02045534110636455,
            "min": 0.009534,
            "med": 0.016372,
            "max": 19.549628,
            "p(90)": 0.022887100000000035,
            "p(95)": 0.028847
        },
        "http_req_duration": {
            "avg": 26.135952013549975,
            "min": 2.956724,
            "med": 25.8318235,
            "max": 118.758749,
            "p(90)": 35.9436854,
            "p(95)": 39.11394159999999
        },
        "http_req_receiving": {
            "med": 0.0633565,
            "max": 23.660902,
            "p(90)": 0.6902465000000002,
            "p(95)": 1.0214834,
            "avg": 0.2801244556052055,
            "min": 0.020516
        },
        "vus": {
            "value": 200,
            "min": 0,
            "max": 200
        },
        "data_received": {
            "count": 65728800,
            "rate": 1095217.0720771728
        },
        "iteration_duration": {
            "min": 3.077784,
            "med": 25.962993,
            "max": 119.210092,
            "p(90)": 36.085208900000005,
            "p(95)": 39.25380595,
            "avg": 26.27004938802876
        },
        "http_req_waiting": {
            "avg": 25.83537221683849,
            "min": 2.69199,
            "med": 25.5469915,
            "max": 118.561837,
            "p(90)": 35.6176936,
            "p(95)": 38.778704499999996
        }
    },
    "root_group": {
        "name": "",
        "path": "",
        "id": "d41d8cd98f00b204e9800998ecf8427e",
        "groups": {},
        "checks": {}
    }
}