{
    "root_group": {
        "name": "",
        "path": "",
        "id": "d41d8cd98f00b204e9800998ecf8427e",
        "groups": {},
        "checks": {}
    },
    "metrics": {
        "http_req_duration{expected_response:true}": {
            "avg": 30.368040559843294,
            "min": 3.270041,
            "med": 30.2242715,
            "max": 213.73834,
            "p(90)": 41.7872269,
            "p(95)": 45.3184268
        },
        "vus_max": {
            "value": 200,
            "min": 161,
            "max": 200
        },
        "http_req_connecting": {
            "p(95)": 0,
            "avg": 0.00012911487631052853,
            "min": 0,
            "med": 0,
            "max": 1.118184,
            "p(90)": 0
        },
        "iterations": {
            "count": 393162,
            "rate": 6551.1787714137035
        },
        "http_req_receiving": {
            "max": 20.548301,
            "p(90)": 0.47962070000000007,
            "p(95)": 0.65694495,
            "avg": 0.22079920623559313,
            "min": 0.019691,
            "med": 0.0963395
        },
        "http_req_failed": {
            "passes": 0,
            "fails": 393162,
            "value": 0
        },
        "iteration_duration": {
            "avg": 30.502842009469916,
            "min": 3.345311,
            "med": 30.358392000000002,
            "max": 215.966803,
            "p(90)": 41.922899,
            "p(95)": 45.4615737
        },
        "http_req_waiting": {
            "min": 3.164793,
            "med": 29.996423,
            "max": 213.602507,
            "p(90)": 41.527142600000005,
            "p(95)": 45.04728260000001,
            "avg": 30.127484773093155
        },
        "data_received": {
            "count": 56615328,
            "rate": 943369.7430835733
        },
        "http_req_tls_handshaking": {
            "min": 0,
            "med": 0,
            "max": 0,
            "p(90)": 0,
            "p(95)": 0,
            "avg": 0
        },
        "http_req_sending": {
            "max": 12.983204,
            "p(90)": 0.02414,
            "p(95)": 0.030520950000000012,
            "avg": 0.019756580513884896,
            "min": 0.009805,
            "med": 0.017032
        },
        "http_req_duration": {
            "avg": 30.368040559843294,
            "min": 3.270041,
            "med": 30.2242715,
            "max": 213.73834,
            "p(90)": 41.7872269,
            "p(95)": 45.3184268
        },
        "http_reqs": {
            "count": 393162,
            "rate": 6551.1787714137035
        },
        "vus": {
            "value": 200,
            "min": 0,
            "max": 200
        },
        "http_req_blocked": {
            "max": 9.929962,
            "p(90)": 0.006271,
            "p(95)": 0.009788950000000013,
            "avg": 0.006460763636872273,
            "min": 0.003146,
            "med": 0.005325
        },
        "data_sent": {
            "count": 240221982,
            "rate": 4002770.229333773
        }
    }
}