{
    "root_group": {
        "name": "",
        "path": "",
        "id": "d41d8cd98f00b204e9800998ecf8427e",
        "groups": {},
        "checks": {}
    },
    "metrics": {
        "iterations": {
            "count": 441441,
            "rate": 7355.885567620551
        },
        "data_received": {
            "count": 83439051,
            "rate": 1390374.0500471299
        },
        "vus": {
            "value": 200,
            "min": 200,
            "max": 200
        },
        "http_req_duration": {
            "avg": 27.028590677138787,
            "min": 3.623413,
            "med": 26.692331,
            "max": 80.508706,
            "p(90)": 37.409541,
            "p(95)": 40.774503
        },
        "http_req_connecting": {
            "avg": 0.0004657491782593821,
            "min": 0,
            "med": 0,
            "max": 4.318397,
            "p(90)": 0,
            "p(95)": 0
        },
        "http_req_sending": {
            "avg": 0.02732127588058289,
            "min": 0.009966,
            "med": 0.017191,
            "max": 17.13828,
            "p(90)": 0.020734,
            "p(95)": 0.027725
        },
        "http_req_receiving": {
            "avg": 0.5257151005864982,
            "min": 0.0238,
            "med": 0.085057,
            "max": 34.369939,
            "p(90)": 1.000121,
            "p(95)": 1.830938
        },
        "data_sent": {
            "count": 278107830,
            "rate": 4634207.907600947
        },
        "iteration_duration": {
            "min": 3.738498,
            "med": 26.822307,
            "max": 88.966639,
            "p(90)": 37.554032,
            "p(95)": 40.931186,
            "avg": 27.160344561977787
        },
        "http_req_duration{expected_response:true}": {
            "avg": 27.028590677138787,
            "min": 3.623413,
            "med": 26.692331,
            "max": 80.508706,
            "p(90)": 37.409541,
            "p(95)": 40.774503
        },
        "http_reqs": {
            "count": 441441,
            "rate": 7355.885567620551
        },
        "http_req_tls_handshaking": {
            "avg": 0,
            "min": 0,
            "med": 0,
            "max": 0,
            "p(90)": 0,
            "p(95)": 0
        },
        "vus_max": {
            "value": 200,
            "min": 200,
            "max": 200
        },
        "http_req_waiting": {
            "max": 79.346905,
            "p(90)": 36.748493,
            "p(95)": 40.017375,
            "avg": 26.475554300672503,
            "min": 3.536409,
            "med": 26.191169
        },
        "http_req_failed": {
            "passes": 0,
            "fails": 441441,
            "value": 0
        },
        "http_req_blocked": {
            "avg": 0.008167354264783402,
            "min": 0.003096,
            "med": 0.005371,
            "max": 16.849512,
            "p(90)": 0.006509,
            "p(95)": 0.007593
        }
    }
}