{
    "root_group": {
        "name": "",
        "path": "",
        "id": "d41d8cd98f00b204e9800998ecf8427e",
        "groups": {},
        "checks": {}
    },
    "metrics": {
        "http_req_duration": {
            "avg": 25.30277252891547,
            "min": 2.858321,
            "med": 24.976992,
            "max": 151.180454,
            "p(90)": 34.9591432,
            "p(95)": 38.10035779999999
        },
        "http_req_tls_handshaking": {
            "max": 0,
            "p(90)": 0,
            "p(95)": 0,
            "avg": 0,
            "min": 0,
            "med": 0
        },
        "http_req_sending": {
            "avg": 0.02075964699779579,
            "min": 0.009584,
            "med": 0.016488,
            "max": 20.264957,
            "p(90)": 0.023474,
            "p(95)": 0.029026
        },
        "http_req_connecting": {
            "avg": 0.0001127943255038328,
            "min": 0,
            "med": 0,
            "max": 1.001003,
            "p(90)": 0,
            "p(95)": 0
        },
        "http_req_receiving": {
            "max": 25.967812,
            "p(90)": 0.695978,
            "p(95)": 1.025954599999998,
            "avg": 0.28025748854641547,
            "min": 0.021274,
            "med": 0.062939
        },
        "iteration_duration": {
            "med": 25.1108,
            "max": 151.738109,
            "p(90)": 35.0973978,
            "p(95)": 38.243675799999984,
            "avg": 25.438781382205438,
            "min": 2.989143
        },
        "iterations": {
            "count": 471337,
            "rate": 7854.016111645905
        },
        "http_reqs": {
            "count": 471337,
            "rate": 7854.016111645905
        },
        "http_req_duration{expected_response:true}": {
            "avg": 25.30277252891547,
            "min": 2.858321,
            "med": 24.976992,
            "max": 151.180454,
            "p(90)": 34.9591432,
            "p(95)": 38.10035779999999
        },
        "http_req_blocked": {
            "p(90)": 0.006141,
            "p(95)": 0.011813199999999954,
            "avg": 0.00667629455357835,
            "min": 0.003027,
            "med": 0.00521,
            "max": 17.380655
        },
        "http_req_waiting": {
            "min": 2.803296,
            "med": 24.695926,
            "max": 150.438638,
            "p(90)": 34.62216840000001,
            "p(95)": 37.751411600000004,
            "avg": 25.00175539337025
        },
        "vus": {
            "min": 0,
            "max": 200,
            "value": 200
        },
        "http_req_failed": {
            "passes": 0,
            "fails": 471337,
            "value": 0
        },
        "data_sent": {
            "count": 287986907,
            "rate": 4798803.844215648
        },
        "data_received": {
            "count": 67872528,
            "rate": 1130978.3200770104
        },
        "vus_max": {
            "value": 200,
            "min": 178,
            "max": 200
        }
    }
}