{
    "root_group": {
        "id": "d41d8cd98f00b204e9800998ecf8427e",
        "groups": {},
        "checks": {},
        "name": "",
        "path": ""
    },
    "metrics": {
        "http_req_duration{expected_response:true}": {
            "avg": 26.18159519304869,
            "min": 3.085921,
            "med": 25.7978255,
            "max": 102.438411,
            "p(90)": 36.26114269999999,
            "p(95)": 39.6393545
        },
        "http_req_tls_handshaking": {
            "min": 0,
            "med": 0,
            "max": 0,
            "p(90)": 0,
            "p(95)": 0,
            "avg": 0
        },
        "http_req_blocked": {
            "p(95)": 0.012222,
            "avg": 0.006760745948746668,
            "min": 0.002916,
            "med": 0.005308,
            "max": 6.021177,
            "p(90)": 0.006324
        },
        "vus": {
            "max": 200,
            "value": 200,
            "min": 0
        },
        "http_req_sending": {
            "avg": 0.021424642014497137,
            "min": 0.009623,
            "med": 0.016948,
            "max": 17.610032,
            "p(90)": 0.024559,
            "p(95)": 0.030227
        },
        "data_received": {
            "count": 65597472,
            "rate": 1093059.5247584912
        },
        "http_req_duration": {
            "max": 102.438411,
            "p(90)": 36.26114269999999,
            "p(95)": 39.6393545,
            "avg": 26.18159519304869,
            "min": 3.085921,
            "med": 25.7978255
        },
        "http_req_failed": {
            "passes": 0,
            "fails": 455538,
            "value": 0
        },
        "vus_max": {
            "min": 187,
            "max": 200,
            "value": 200
        },
        "http_reqs": {
            "count": 455538,
            "rate": 7590.69114415619
        },
        "iteration_duration": {
            "p(90)": 36.408818999999994,
            "p(95)": 39.78511089999999,
            "avg": 26.321335275663035,
            "min": 3.24865,
            "med": 25.93563,
            "max": 103.122993
        },
        "http_req_receiving": {
            "med": 0.076398,
            "max": 23.676749,
            "p(90)": 0.7097998999999999,
            "p(95)": 1.02443145,
            "avg": 0.2872496346078709,
            "min": 0.02129
        },
        "http_req_waiting": {
            "max": 102.29664,
            "p(90)": 35.9110381,
            "p(95)": 39.265935099999986,
            "avg": 25.872920916426562,
            "min": 3.028466,
            "med": 25.5016075
        },
        "data_sent": {
            "count": 278333718,
            "rate": 4637912.289079431
        },
        "http_req_connecting": {
            "med": 0,
            "max": 3.495676,
            "p(90)": 0,
            "p(95)": 0,
            "avg": 0.00016381785054155737,
            "min": 0
        },
        "iterations": {
            "rate": 7590.69114415619,
            "count": 455538
        }
    }
}