{
    "root_group": {
        "groups": {},
        "checks": {},
        "name": "",
        "path": "",
        "id": "d41d8cd98f00b204e9800998ecf8427e"
    },
    "metrics": {
        "http_req_receiving": {
            "avg": 0.2733703916466326,
            "min": 0.017168,
            "med": 0.04708,
            "max": 62.940827,
            "p(90)": 0.760696,
            "p(95)": 1.398906
        },
        "http_reqs": {
            "count": 2094891,
            "rate": 34912.474901423084
        },
        "http_req_duration{expected_response:true}": {
            "min": 0.615379,
            "med": 5.218989,
            "max": 81.755751,
            "p(90)": 8.36682,
            "p(95)": 9.556431499999999,
            "avg": 5.567383963723654
        },
        "http_req_tls_handshaking": {
            "p(90)": 0,
            "p(95)": 0,
            "avg": 0,
            "min": 0,
            "med": 0,
            "max": 0
        },
        "http_req_failed": {
            "passes": 0,
            "fails": 2094891,
            "value": 0
        },
        "data_sent": {
            "count": 175970844,
            "rate": 2932647.891719539
        },
        "data_received": {
            "count": 301664304,
            "rate": 5027396.385804924
        },
        "http_req_waiting": {
            "avg": 5.26414266258222,
            "min": 0.526863,
            "med": 4.959777,
            "max": 81.310685,
            "p(90)": 7.981414,
            "p(95)": 9.0648375
        },
        "http_req_blocked": {
            "p(95)": 0.008074,
            "avg": 0.0077910974857403155,
            "min": 0.00281,
            "med": 0.00548,
            "max": 34.821915,
            "p(90)": 0.006578
        },
        "vus": {
            "value": 200,
            "min": 200,
            "max": 200
        },
        "vus_max": {
            "value": 200,
            "min": 200,
            "max": 200
        },
        "iteration_duration": {
            "med": 5.326591,
            "max": 82.431067,
            "p(90)": 8.517171,
            "p(95)": 9.7489505,
            "avg": 5.693375316277082,
            "min": 0.677089
        },
        "iterations": {
            "count": 2094891,
            "rate": 34912.474901423084
        },
        "http_req_sending": {
            "min": 0.007762,
            "med": 0.014933,
            "max": 35.702073,
            "p(90)": 0.018064,
            "p(95)": 0.024296,
            "avg": 0.029870909494574743
        },
        "http_req_duration": {
            "p(90)": 8.36682,
            "p(95)": 9.556431499999999,
            "avg": 5.567383963723654,
            "min": 0.615379,
            "med": 5.218989,
            "max": 81.755751
        },
        "http_req_connecting": {
            "avg": 0.000025261058928602965,
            "min": 0,
            "med": 0,
            "max": 1.456535,
            "p(90)": 0,
            "p(95)": 0
        }
    }
}