{
    "metrics": {
        "http_req_sending": {
            "avg": 0.032098354193344884,
            "min": 0.00795,
            "med": 0.015239,
            "max": 21.954345,
            "p(90)": 0.01823,
            "p(95)": 0.025219
        },
        "http_reqs": {
            "count": 1925039,
            "rate": 32081.459165730248
        },
        "http_req_tls_handshaking": {
            "avg": 0,
            "min": 0,
            "med": 0,
            "max": 0,
            "p(90)": 0,
            "p(95)": 0
        },
        "vus_max": {
            "value": 200,
            "min": 200,
            "max": 200
        },
        "http_req_waiting": {
            "p(90)": 8.6972536,
            "p(95)": 9.8395843,
            "avg": 5.766447133732163,
            "min": 0.598827,
            "med": 5.448113,
            "max": 59.876
        },
        "iterations": {
            "rate": 32081.459165730248,
            "count": 1925039
        },
        "http_req_receiving": {
            "avg": 0.26651211683971177,
            "min": 0.017812,
            "med": 0.047695,
            "max": 44.869344,
            "p(90)": 0.6694415999999999,
            "p(95)": 1.4125388999999988
        },
        "data_sent": {
            "count": 161703276,
            "rate": 2694842.569921341
        },
        "iteration_duration": {
            "p(90)": 9.2357052,
            "p(95)": 10.522752299999997,
            "avg": 6.196785032065971,
            "min": 0.827743,
            "med": 5.817432,
            "max": 64.523768
        },
        "http_req_duration": {
            "p(95)": 10.316811499999998,
            "avg": 6.065057604765863,
            "min": 0.691664,
            "med": 5.704698,
            "max": 60.400475,
            "p(90)": 9.075539399999998
        },
        "http_req_failed": {
            "passes": 0,
            "fails": 1925039,
            "value": 0
        },
        "http_req_duration{expected_response:true}": {
            "avg": 6.065057604765863,
            "min": 0.691664,
            "med": 5.704698,
            "max": 60.400475,
            "p(90)": 9.075539399999998,
            "p(95)": 10.316811499999998
        },
        "http_req_connecting": {
            "med": 0,
            "max": 6.704268,
            "p(90)": 0,
            "p(95)": 0,
            "avg": 0.0000892661156475271,
            "min": 0
        },
        "data_received": {
            "count": 277205616,
            "rate": 4619730.119865156
        },
        "vus": {
            "max": 200,
            "value": 200,
            "min": 200
        },
        "http_req_blocked": {
            "p(90)": 0.006685,
            "p(95)": 0.008274,
            "avg": 0.00830685901116811,
            "min": 0.002816,
            "med": 0.005626,
            "max": 19.450188
        }
    },
    "root_group": {
        "id": "d41d8cd98f00b204e9800998ecf8427e",
        "groups": {},
        "checks": {},
        "name": "",
        "path": ""
    }
}