{
    "root_group": {
        "name": "",
        "path": "",
        "id": "d41d8cd98f00b204e9800998ecf8427e",
        "groups": {},
        "checks": {}
    },
    "metrics": {
        "iterations": {
            "count": 2103870,
            "rate": 35061.10923077667
        },
        "http_req_blocked": {
            "max": 23.705275,
            "p(90)": 0.006544,
            "p(95)": 0.008063,
            "avg": 0.007968647767210476,
            "min": 0.002887,
            "med": 0.005457
        },
        "http_req_receiving": {
            "min": 0.017583,
            "med": 0.046552,
            "max": 38.74012,
            "p(90)": 0.6737566000000006,
            "p(95)": 1.3617150999999996,
            "avg": 0.2595351564435859
        },
        "vus_max": {
            "value": 200,
            "min": 200,
            "max": 200
        },
        "vus": {
            "value": 200,
            "min": 200,
            "max": 200
        },
        "data_sent": {
            "count": 176725080,
            "rate": 2945133.17538524
        },
        "data_received": {
            "count": 302957280,
            "rate": 5048799.72923184
        },
        "http_req_sending": {
            "med": 0.014924,
            "max": 27.615316,
            "p(90)": 0.017978,
            "p(95)": 0.024335549999999814,
            "avg": 0.03100278928783598,
            "min": 0.007523
        },
        "iteration_duration": {
            "med": 5.3131924999999995,
            "max": 117.027856,
            "p(90)": 8.4542372,
            "p(95)": 9.664240299999994,
            "avg": 5.671637394843708,
            "min": 0.650132
        },
        "http_req_waiting": {
            "med": 4.95875,
            "max": 109.470741,
            "p(90)": 7.931736,
            "p(95)": 8.997453649999999,
            "avg": 5.254797659342805,
            "min": 0.477361
        },
        "http_req_duration{expected_response:true}": {
            "avg": 5.545335605074805,
            "min": 0.576205,
            "med": 5.20824,
            "max": 114.093186,
            "p(90)": 8.304103700000004,
            "p(95)": 9.46749195
        },
        "http_req_connecting": {
            "med": 0,
            "max": 0.728872,
            "p(90)": 0,
            "p(95)": 0,
            "avg": 0.000019017317609928366,
            "min": 0
        },
        "http_req_failed": {
            "passes": 0,
            "fails": 2103870,
            "value": 0
        },
        "http_req_duration": {
            "avg": 5.545335605074805,
            "min": 0.576205,
            "med": 5.20824,
            "max": 114.093186,
            "p(90)": 8.304103700000004,
            "p(95)": 9.46749195
        },
        "http_req_tls_handshaking": {
            "avg": 0,
            "min": 0,
            "med": 0,
            "max": 0,
            "p(90)": 0,
            "p(95)": 0
        },
        "http_reqs": {
            "rate": 35061.10923077667,
            "count": 2103870
        }
    }
}