{
    "root_group": {
        "path": "",
        "id": "d41d8cd98f00b204e9800998ecf8427e",
        "groups": {},
        "checks": {},
        "name": ""
    },
    "metrics": {
        "iteration_duration": {
            "min": 0.704817,
            "med": 5.272447,
            "max": 92.655033,
            "p(90)": 8.4217794,
            "p(95)": 9.6199428,
            "avg": 5.634397497960007
        },
        "http_reqs": {
            "count": 2117207,
            "rate": 35284.91042440197
        },
        "http_req_blocked": {
            "med": 0.005473,
            "max": 29.009658,
            "p(90)": 0.006559,
            "p(95)": 0.008107,
            "avg": 0.008026480339900636,
            "min": 0.002553
        },
        "http_req_duration{expected_response:true}": {
            "avg": 5.508518112157901,
            "min": 0.60885,
            "med": 5.165229,
            "max": 90.522106,
            "p(90)": 8.271021600000005,
            "p(95)": 9.4296426
        },
        "http_req_sending": {
            "min": 0.00786,
            "med": 0.01496,
            "max": 30.052,
            "p(90)": 0.018015,
            "p(95)": 0.024445,
            "avg": 0.029994225131976627
        },
        "http_req_duration": {
            "max": 90.522106,
            "p(90)": 8.271021600000005,
            "p(95)": 9.4296426,
            "avg": 5.508518112157901,
            "min": 0.60885,
            "med": 5.165229
        },
        "http_req_tls_handshaking": {
            "avg": 0,
            "min": 0,
            "med": 0,
            "max": 0,
            "p(90)": 0,
            "p(95)": 0
        },
        "vus_max": {
            "value": 200,
            "min": 200,
            "max": 200
        },
        "http_req_failed": {
            "passes": 0,
            "fails": 2117207,
            "value": 0
        },
        "iterations": {
            "count": 2117207,
            "rate": 35284.91042440197
        },
        "http_req_receiving": {
            "max": 30.21495,
            "p(90)": 0.6441268000000003,
            "p(95)": 1.3546000999999999,
            "avg": 0.25528538014801794,
            "min": 0.017594,
            "med": 0.046493
        },
        "data_sent": {
            "count": 177845388,
            "rate": 2963932.4756497657
        },
        "vus": {
            "value": 200,
            "min": 200,
            "max": 200
        },
        "http_req_connecting": {
            "max": 1.189123,
            "p(90)": 0,
            "p(95)": 0,
            "avg": 0.000023180239815946196,
            "min": 0,
            "med": 0
        },
        "data_received": {
            "count": 304877808,
            "rate": 5081027.101113884
        },
        "http_req_waiting": {
            "avg": 5.2232385068777285,
            "min": 0.502495,
            "med": 4.922297,
            "max": 90.322634,
            "p(90)": 7.911979600000002,
            "p(95)": 8.9778041
        }
    }
}