{
    "root_group": {
        "groups": {},
        "checks": {},
        "name": "",
        "path": "",
        "id": "d41d8cd98f00b204e9800998ecf8427e"
    },
    "metrics": {
        "data_received": {
            "count": 255662352,
            "rate": 4260717.661320078
        },
        "http_req_duration{expected_response:true}": {
            "p(90)": 9.749528600000001,
            "p(95)": 10.961714199999998,
            "avg": 6.585499173121926,
            "min": 0.876711,
            "med": 6.26831,
            "max": 53.413625
        },
        "iteration_duration": {
            "p(90)": 9.9015172,
            "p(95)": 11.1178428,
            "avg": 6.728834410534271,
            "min": 0.986631,
            "med": 6.408448,
            "max": 55.718349
        },
        "vus": {
            "value": 200,
            "min": 200,
            "max": 200
        },
        "http_req_blocked": {
            "min": 0.002873,
            "med": 0.005551,
            "max": 20.605784,
            "p(90)": 0.006507,
            "p(95)": 0.008461,
            "avg": 0.006848972390398052
        },
        "http_req_waiting": {
            "avg": 6.332525265026406,
            "min": 0.710057,
            "med": 6.023504,
            "max": 53.311426,
            "p(90)": 9.4426236,
            "p(95)": 10.628451799999999
        },
        "data_sent": {
            "count": 967610985,
            "rate": 16125632.815412797
        },
        "http_req_connecting": {
            "max": 2.724095,
            "p(90)": 0,
            "p(95)": 0,
            "avg": 0.00003296747497652685,
            "min": 0,
            "med": 0
        },
        "http_req_failed": {
            "fails": 1775433,
            "passes": 0,
            "value": 0
        },
        "http_reqs": {
            "count": 1775433,
            "rate": 29588.317092500543
        },
        "vus_max": {
            "value": 200,
            "min": 200,
            "max": 200
        },
        "http_req_sending": {
            "min": 0.008819,
            "med": 0.016831,
            "max": 29.604823,
            "p(90)": 0.019996,
            "p(95)": 0.025567,
            "avg": 0.021072958976205033
        },
        "http_req_tls_handshaking": {
            "avg": 0,
            "min": 0,
            "med": 0,
            "max": 0,
            "p(90)": 0,
            "p(95)": 0
        },
        "http_req_duration": {
            "avg": 6.585499173121926,
            "min": 0.876711,
            "med": 6.26831,
            "max": 53.413625,
            "p(90)": 9.749528600000001,
            "p(95)": 10.961714199999998
        },
        "http_req_receiving": {
            "min": 0.018172,
            "med": 0.047937,
            "max": 35.532761,
            "p(90)": 0.6567176000000006,
            "p(95)": 1.3156925999999995,
            "avg": 0.23190094911946105
        },
        "iterations": {
            "count": 1775433,
            "rate": 29588.317092500543
        }
    }
}