{
    "root_group": {
        "groups": {},
        "checks": {},
        "name": "",
        "path": "",
        "id": "d41d8cd98f00b204e9800998ecf8427e"
    },
    "metrics": {
        "iterations": {
            "count": 1807625,
            "rate": 30124.500941618764
        },
        "http_reqs": {
            "count": 1807625,
            "rate": 30124.500941618764
        },
        "http_req_sending": {
            "avg": 0.020873988732731132,
            "min": 0.009102,
            "med": 0.01673,
            "max": 21.024681,
            "p(90)": 0.02,
            "p(95)": 0.025672
        },
        "data_sent": {
            "count": 985155625,
            "rate": 16417853.013182227
        },
        "http_req_receiving": {
            "p(90)": 0.5775040000000023,
            "p(95)": 1.2782597999999998,
            "avg": 0.22287081016417704,
            "min": 0.018912,
            "med": 0.046937,
            "max": 25.929214
        },
        "http_req_duration": {
            "avg": 6.460388518241882,
            "min": 0.847761,
            "med": 6.151887,
            "max": 34.458776,
            "p(90)": 9.553635600000002,
            "p(95)": 10.750430799999998
        },
        "http_req_blocked": {
            "p(90)": 0.00648,
            "p(95)": 0.008369,
            "avg": 0.006835064139963174,
            "min": 0.002908,
            "med": 0.005502,
            "max": 24.448423
        },
        "data_received": {
            "count": 260298000,
            "rate": 4337928.135593102
        },
        "http_req_failed": {
            "passes": 0,
            "fails": 1807625,
            "value": 0
        },
        "http_req_tls_handshaking": {
            "max": 0,
            "p(90)": 0,
            "p(95)": 0,
            "avg": 0,
            "min": 0,
            "med": 0
        },
        "http_req_connecting": {
            "med": 0,
            "max": 2.12738,
            "p(90)": 0,
            "p(95)": 0,
            "avg": 0.000032890234976834247,
            "min": 0
        },
        "http_req_waiting": {
            "avg": 6.21664371934513,
            "min": 0.759826,
            "med": 5.913927,
            "max": 34.382632,
            "p(90)": 9.258689200000003,
            "p(95)": 10.43299739999999
        },
        "vus_max": {
            "value": 200,
            "min": 200,
            "max": 200
        },
        "vus": {
            "value": 200,
            "min": 200,
            "max": 200
        },
        "http_req_duration{expected_response:true}": {
            "med": 6.151887,
            "max": 34.458776,
            "p(90)": 9.553635600000002,
            "p(95)": 10.750430799999998,
            "avg": 6.460388518241882,
            "min": 0.847761
        },
        "iteration_duration": {
            "p(90)": 9.707503400000002,
            "p(95)": 10.9114046,
            "avg": 6.605425537498816,
            "min": 0.976732,
            "med": 6.292587,
            "max": 40.688813
        }
    }
}