{
    "root_group": {
        "name": "",
        "path": "",
        "id": "d41d8cd98f00b204e9800998ecf8427e",
        "groups": {},
        "checks": {}
    },
    "metrics": {
        "http_req_receiving": {
            "avg": 0.2209117626273559,
            "min": 0.01828,
            "med": 0.0475035,
            "max": 26.801814,
            "p(90)": 0.5732404000000004,
            "p(95)": 1.2762354499999988
        },
        "data_received": {
            "count": 257668992,
            "rate": 4294192.598317025
        },
        "http_req_failed": {
            "passes": 0,
            "fails": 1789368,
            "value": 0
        },
        "http_req_duration": {
            "avg": 6.533435524786391,
            "min": 0.902098,
            "med": 6.2364394999999995,
            "max": 34.323953,
            "p(90)": 9.6230995,
            "p(95)": 10.7891269
        },
        "http_req_connecting": {
            "avg": 0.00004079861716539021,
            "min": 0,
            "med": 0,
            "max": 2.844015,
            "p(90)": 0,
            "p(95)": 0
        },
        "vus_max": {
            "value": 200,
            "min": 200,
            "max": 200
        },
        "http_req_sending": {
            "avg": 0.02105669746636654,
            "min": 0.008877,
            "med": 0.016942,
            "max": 19.29808,
            "p(90)": 0.020093,
            "p(95)": 0.025584
        },
        "iterations": {
            "count": 1789368,
            "rate": 29820.78193275712
        },
        "http_req_blocked": {
            "max": 22.374757,
            "p(90)": 0.006518,
            "p(95)": 0.008458,
            "avg": 0.0068976522040188615,
            "min": 0.002795,
            "med": 0.005569
        },
        "http_req_waiting": {
            "p(95)": 10.475010749999997,
            "avg": 6.291467064692258,
            "min": 0.800135,
            "med": 6.0007855,
            "max": 34.182618,
            "p(90)": 9.3312151
        },
        "vus": {
            "max": 200,
            "value": 181,
            "min": 181
        },
        "data_sent": {
            "count": 975205560,
            "rate": 16252326.15335263
        },
        "http_req_duration{expected_response:true}": {
            "avg": 6.533435524786391,
            "min": 0.902098,
            "med": 6.2364394999999995,
            "max": 34.323953,
            "p(90)": 9.6230995,
            "p(95)": 10.7891269
        },
        "http_req_tls_handshaking": {
            "avg": 0,
            "min": 0,
            "med": 0,
            "max": 0,
            "p(90)": 0,
            "p(95)": 0
        },
        "iteration_duration": {
            "p(95)": 10.9470815,
            "avg": 6.6769572870549325,
            "min": 1.022766,
            "med": 6.376621500000001,
            "max": 40.233267,
            "p(90)": 9.7751345
        },
        "http_reqs": {
            "count": 1789368,
            "rate": 29820.78193275712
        }
    }
}