{
    "metrics": {
        "http_reqs": {
            "count": 1640878,
            "rate": 27345.70680150493
        },
        "http_req_duration{expected_response:true}": {
            "avg": 7.1360839870853585,
            "min": 0.934729,
            "med": 6.800689,
            "max": 38.722961,
            "p(90)": 10.592430700000001,
            "p(95)": 11.8972839
        },
        "http_req_connecting": {
            "avg": 0.00004104820650895434,
            "min": 0,
            "med": 0,
            "max": 2.343599,
            "p(90)": 0,
            "p(95)": 0
        },
        "http_req_sending": {
            "p(90)": 0.020334,
            "p(95)": 0.026828,
            "avg": 0.02150275234782963,
            "min": 0.008857,
            "med": 0.017141,
            "max": 19.409047
        },
        "http_req_blocked": {
            "p(90)": 0.00668,
            "p(95)": 0.008763,
            "avg": 0.007067743118014008,
            "min": 0.002895,
            "med": 0.005723,
            "max": 18.69126
        },
        "iteration_duration": {
            "max": 41.058743,
            "p(90)": 10.747028199999999,
            "p(95)": 12.05737635,
            "avg": 7.282900299393617,
            "min": 1.029623,
            "med": 6.9444420000000004
        },
        "http_req_failed": {
            "passes": 0,
            "fails": 1640878,
            "value": 0
        },
        "http_req_waiting": {
            "avg": 6.8736554205369815,
            "min": 0.847091,
            "med": 6.542593,
            "max": 38.5938,
            "p(90)": 10.2729418,
            "p(95)": 11.549818649999999
        },
        "vus": {
            "max": 200,
            "value": 200,
            "min": 200
        },
        "http_req_duration": {
            "avg": 7.1360839870853585,
            "min": 0.934729,
            "med": 6.800689,
            "max": 38.722961,
            "p(90)": 10.592430700000001,
            "p(95)": 11.8972839
        },
        "http_req_tls_handshaking": {
            "max": 0,
            "p(90)": 0,
            "p(95)": 0,
            "avg": 0,
            "min": 0,
            "med": 0
        },
        "http_req_receiving": {
            "med": 0.04932,
            "max": 27.441505,
            "p(90)": 0.6786163000000001,
            "p(95)": 1.3555727499999959,
            "avg": 0.24092581420068296,
            "min": 0.01856
        },
        "data_sent": {
            "count": 894278510,
            "rate": 14903410.206820186
        },
        "iterations": {
            "rate": 27345.70680150493,
            "count": 1640878
        },
        "data_received": {
            "count": 236286432,
            "rate": 3937781.7794167097
        },
        "vus_max": {
            "value": 200,
            "min": 200,
            "max": 200
        }
    },
    "root_group": {
        "name": "",
        "path": "",
        "id": "d41d8cd98f00b204e9800998ecf8427e",
        "groups": {},
        "checks": {}
    }
}